PassengerID,PassengerCount,BoardingTime,StartLatitude,StartLongitude,DisembarkingTime,EndLatitude,EndLongitude,within_radius
12092,1,3605,30.654328,104.064771,4634,30.695299,104.07378,True
12094,1,3606,30.631358,104.026667,3827,30.637821,104.040293,True
12104,1,3608,30.640246,104.116702,3916,30.629838,104.142074,True
12115,1,3612,30.621356,104.118604,4619,30.664288,104.057821,True
12116,1,3612,30.651606,104.110234,4425,30.695635,104.073684,True
12133,1,3617,30.618207,104.129018,3910,30.62998,104.141718,True
12136,1,3619,30.712589,104.133552,3668,30.714017,104.130848,True
12141,1,3619,30.648527,104.061294,4015,30.632014,104.066467,True
12150,1,3621,30.678915,104.120168,3971,30.686346,104.093317,True
12164,1,3624,30.709784,104.093844,4289,30.695931,104.072989,True
12174,1,3626,30.63315,104.051455,4836,30.70519,104.103521,True
12177,1,3627,30.674555,104.089589,4233,30.629622,104.075466,True
12186,1,3627,30.691269,104.036901,4047,30.701834,104.05723,True
12197,1,3630,30.707496,104.010402,3885,30.7039,104.013862,True
12220,1,3635,30.694233,104.001703,3786,30.695186,104.001998,True
12222,1,3635,30.612739,104.077453,4153,30.632019,104.103675,True
12230,1,3637,30.673102,104.013978,3788,30.672691,104.019256,True
12238,1,3639,30.675542,104.108688,4210,30.69477,104.07489,True
12243,1,3639,30.673879,104.019568,3812,30.681395,104.030332,True
12247,1,3641,30.660233,104.106014,4051,30.650975,104.081216,True
12250,1,3642,30.680999,104.107363,4843,30.65857,104.0676,True
12257,1,3644,30.691103,104.041049,4183,30.670303,104.063263,True
12273,1,3648,30.651478,104.003336,4846,30.693643,104.073247,True
12277,1,3650,30.691249,104.048895,4212,30.681779,104.084718,True
12289,1,3651,30.635839,104.080427,4734,30.692297,104.036337,True
12297,1,3652,30.703327,104.043103,4574,30.633588,104.026411,True
12311,1,3657,30.637921,104.026821,3897,30.641941,104.036321,True
12325,1,3660,30.652921,104.065693,3777,30.662019,104.060738,True
12334,1,3662,30.661751,104.095135,4521,30.64114,104.062369,True
12344,1,3664,30.679813,104.04643,4442,30.63163,104.066397,True
12357,1,3669,30.648793,104.068041,3780,30.646577,104.070695,True
12359,1,3670,30.617915,104.103105,4391,30.693867,104.085928,True
12362,1,3671,30.651257,104.002318,4218,30.630816,104.033741,True
12369,1,3673,30.628541,104.045346,3964,30.64341,104.062387,True
12392,1,3684,30.684615,104.103608,5023,30.632986,103.995061,True
12398,1,3685,30.618183,104.047741,3696,30.618169,104.047751,True
12400,1,3686,30.676449,104.140853,4460,30.662191,104.096813,True
12413,1,3689,30.620349,104.12638,4282,30.626674,104.076757,True
12416,1,3689,30.663379,104.08787,5087,30.649453,103.996905,True
12423,1,3692,30.69493,104.069784,4544,30.704677,104.014508,True
12426,1,3693,30.667503,104.040767,3955,30.685851,104.064239,True
12427,1,3693,30.639988,104.017402,4473,30.640291,104.058428,True
12430,1,3693,30.644093,104.079855,4479,30.70526,104.103708,True
12440,1,3697,30.666756,104.07252,4322,30.695164,104.073723,True
12455,1,3702,30.694032,104.01877,4098,30.676321,104.00569,True
12464,1,3705,30.646856,104.112222,4037,30.620964,104.09802,True
12468,1,3707,30.684987,104.042,4175,30.670639,104.017127,True
12470,1,3707,30.657791,104.092477,4475,30.64442,104.05863,True
12476,1,3708,30.693214,104.06633,4065,30.683007,104.083782,True
12482,1,3709,30.622258,104.119927,4353,30.627248,104.142754,True
12486,1,3710,30.67469,104.053605,4474,30.697269,104.005156,True
12495,1,3714,30.70478,104.103587,4092,30.704063,104.082462,True
12505,1,3716,30.677381,104.038411,4015,30.671158,104.017723,True
12508,1,3717,30.659312,104.040652,4428,30.608934,104.059563,True
12509,1,3717,30.653124,104.05104,3856,30.649036,104.05998,True
12513,1,3718,30.642683,104.139651,5002,30.64245,104.025084,True
12524,1,3721,30.635195,104.046237,4055,30.646439,104.071103,True
12526,1,3722,30.636633,104.031061,3735,30.636937,104.030742,True
12530,1,3723,30.646171,104.040722,4846,30.69605,104.072872,True
12531,1,3723,30.638792,104.01846,3954,30.652258,104.015566,True
12534,1,3724,30.646015,104.054705,4793,30.667157,103.997938,True
12548,1,3727,30.641777,104.08271,3974,30.649948,104.095816,True
12581,1,3736,30.618187,104.047752,3746,30.618189,104.047734,True
12589,1,3737,30.639145,104.088236,4330,30.643792,104.080297,True
12592,1,3738,30.621848,103.989621,4282,30.637313,104.029729,True
12601,1,3740,30.682463,104.037204,5022,30.608935,104.059421,True
12611,1,3742,30.682291,104.138788,4783,30.643732,104.139441,True
12614,1,3743,30.636691,104.016862,16347,30.636639,104.016785,True
12621,1,3745,30.658543,104.101475,4764,30.695632,104.073436,True
12630,1,3747,30.613626,104.054245,3834,30.611002,104.048981,True
12632,1,3748,30.717288,104.115931,4645,30.627597,104.142109,True
12635,1,3748,30.682136,104.128195,4735,30.669333,104.07117,True
12638,1,3749,30.685795,104.034384,5318,30.650786,104.122224,True
12658,1,3753,30.697826,104.015196,4901,30.640279,104.061306,True
12661,1,3754,30.621143,104.043912,4526,30.674028,104.045598,True
12663,1,3755,30.686039,104.046074,4616,30.710048,104.101501,True
12681,1,3759,30.652332,104.14326,4386,30.65739,104.107077,True
12683,1,3760,30.640222,104.006488,5275,30.67973,104.088537,True
12688,1,3761,30.641642,104.092194,4568,30.645396,104.030176,True
12691,1,3761,30.692904,104.036898,4126,30.677049,104.039038,True
12697,1,3763,30.669197,104.110578,4551,30.639693,104.066568,True
12702,1,3765,30.64739,104.163552,4594,30.656682,104.102624,True
12703,1,3765,30.671102,104.040482,4562,30.694741,104.072799,True
12711,1,3767,30.683,104.110272,4500,30.65513,104.066074,True
12714,1,3767,30.64386,104.073805,5064,30.629439,104.141777,True
12723,1,3770,30.615168,104.136769,4199,30.628386,104.138938,True
12726,1,3770,30.630712,104.001219,4742,30.639338,104.06623,True
12731,1,3772,30.660769,104.117706,5046,30.642936,104.062108,True
12734,1,3773,30.645274,104.106024,4794,30.6956,104.073483,True
12746,1,3775,30.704811,104.045704,4590,30.677688,104.0959,True
12756,1,3778,30.636634,104.132056,4016,30.629268,104.143477,True
12758,1,3779,30.643727,104.060947,3941,30.648265,104.061384,True
12763,1,3780,30.699866,104.057518,4261,30.678348,104.069497,True
12770,1,3782,30.667717,104.106939,4272,30.644461,104.097396,True
12786,1,3784,30.645065,104.027266,4253,30.663239,104.04054,True
12797,1,3788,30.688726,104.013875,4881,30.684682,103.981904,True
12799,1,3788,30.686402,104.0836,4340,30.681486,104.063562,True
12803,1,3790,30.681392,104.045205,5153,30.637085,104.020502,True
12807,1,3790,30.664069,104.086152,4140,30.645158,104.074922,True
12811,1,3791,30.62789,104.06663,5306,30.69578,104.072987,True
12827,1,3795,30.640236,104.089121,4592,30.705253,104.103575,True
12832,1,3796,30.686374,104.035634,4509,30.661804,104.060584,True
12840,1,3798,30.685179,104.033622,4654,30.651441,104.080426,True
12846,1,3799,30.674528,104.059022,4390,30.643796,104.073807,True
12848,1,3801,30.629172,104.143809,4567,30.662099,104.100769,True
12853,1,3802,30.626424,104.076535,4116,30.638512,104.087954,True
12866,1,3806,30.653437,104.147637,4844,30.64584,104.087368,True
12868,1,3806,30.678272,104.09157,4594,30.622305,104.071748,True
12870,1,3807,30.625026,104.064305,4867,30.690738,104.038904,True
12871,1,3807,30.625175,104.021709,4459,30.665531,104.041,True
12884,1,3810,30.648586,104.061764,4729,30.648308,104.061385,True
12890,1,3810,30.637761,104.083731,4274,30.624864,104.06062,True
12893,1,3811,30.629778,104.117208,4292,30.642147,104.087052,True
12897,1,3812,30.607717,103.988795,4828,30.625632,104.030004,True
12899,1,3813,30.642439,104.079932,4891,30.694559,104.077219,True
12904,1,3814,30.713471,103.987294,4386,30.700106,104.021819,True
12927,1,3819,30.647595,104.101298,4053,30.659389,104.096238,True
12933,1,3821,30.678686,104.022195,4717,30.615038,104.057526,True
12944,1,3824,30.680968,104.105704,4228,30.680218,104.088998,True
12946,1,3824,30.610649,104.067526,4305,30.636788,104.058689,True
12954,1,3827,30.655509,104.110779,4903,30.695858,104.072975,True
12957,1,3827,30.675458,104.070719,3992,30.681852,104.084513,True
12960,1,3829,30.644605,104.064062,4524,30.667186,104.088145,True
12979,1,3833,30.65215,104.078828,4611,30.651148,104.025429,True
12985,1,3834,30.667903,104.10414,4825,30.6451,104.106772,True
12990,1,3836,30.648818,104.07403,4484,30.63961,104.055407,True
12992,1,3837,30.663601,104.072235,4397,30.644545,104.074789,True
13002,1,3839,30.669827,104.06427,4803,30.704677,104.014547,True
13003,1,3839,30.670005,104.106337,5008,30.643514,104.049179,True
13021,1,3842,30.662269,104.097145,4088,30.662134,104.110897,True
13027,1,3843,30.673889,104.017833,4352,30.691328,104.016111,True
13029,1,3844,30.656043,104.121588,4535,30.682131,104.084843,True
13036,1,3846,30.671086,104.077306,4387,30.650264,104.090867,True
13044,1,3847,30.644011,104.041218,4037,30.634981,104.04193,True
13049,1,3850,30.687241,104.022769,5012,30.695934,104.072982,True
13051,1,3850,30.663122,104.060634,4031,30.660171,104.056298,True
13061,1,3852,30.659122,104.070683,4260,30.646521,104.072094,True
13068,1,3853,30.67396,103.9928,4625,30.638975,103.981144,True
13073,1,3854,30.649851,104.096357,4799,30.70266,104.073844,True
13077,1,3854,30.633107,104.101292,3880,30.630984,104.158843,True
13080,1,3855,30.637292,104.066701,4505,30.6823,104.072389,True
13083,1,3856,30.680296,104.135819,4635,30.689962,104.083168,True
13087,1,3858,30.686359,104.102445,4709,30.668146,104.034156,True
13088,1,3858,30.702886,104.010412,4674,30.702323,104.072638,True
13090,1,3859,30.6662,104.136932,5062,30.644547,104.074727,True
13113,1,3864,30.684308,104.042892,4434,30.682152,104.084424,True
13127,1,3867,30.697419,104.044593,4487,30.673602,104.000348,True
13128,1,3867,30.651056,104.093871,4286,30.658815,104.057942,True
13135,1,3869,30.693715,104.05025,4457,30.658667,104.077509,True
13143,1,3872,30.641608,104.037657,4985,30.7048,104.014575,True
13145,1,3872,30.679316,104.056399,4655,30.672124,104.112514,True
13149,1,3873,30.665926,104.080502,4041,30.663862,104.071076,True
13150,1,3874,30.699359,104.102575,4752,30.629748,104.141835,True
13154,1,3875,30.601614,104.124838,4101,30.611615,104.133617,True
13167,1,3878,30.625762,104.099279,4248,30.617394,104.119262,True
13185,1,3883,30.643664,104.095457,4824,30.669913,104.027325,True
13188,1,3883,30.672094,104.077068,4548,30.695875,104.072954,True
13190,1,3884,30.686122,104.062911,4367,30.663302,104.057321,True
13191,1,3885,30.671238,104.06022,4043,30.669161,104.060305,True
13201,1,3888,30.659705,104.040883,4748,30.694813,104.073241,True
13202,1,3888,30.604658,104.128929,4025,30.607897,104.132913,True
13209,1,3890,30.637986,104.073148,3959,30.640887,104.073872,True
13222,1,3893,30.667841,104.078823,7940,30.655706,104.123048,True
13223,1,3893,30.678383,104.101108,4659,30.709938,104.072245,True
13225,1,3894,30.683311,104.045911,4893,30.62967,104.068362,True
13229,1,3896,30.67777,104.116279,4009,30.680164,104.124405,True
13232,1,3897,30.683282,104.046613,4798,30.655781,104.114759,True
13235,1,3898,30.642014,104.041838,5056,30.629709,104.143493,True
13238,1,3898,30.708716,104.038745,4389,30.67747,104.053776,True
13251,1,3902,30.631688,104.148863,4301,30.631958,104.14895,True
13254,1,3903,30.639539,103.985881,4510,30.638319,103.991663,True
13255,1,3903,30.64879,104.098669,4611,30.633622,104.058497,True
13257,1,3903,30.640866,104.061658,4078,30.639834,104.054068,True
13271,1,3906,30.669614,104.082725,4046,30.669868,104.074009,True
13272,1,3906,30.623983,104.080097,4146,30.633637,104.066841,True
13273,1,3907,30.65172,104.046474,4073,30.646424,104.059415,True
13279,1,3909,30.636224,104.104864,5057,30.702995,104.166343,True
13284,1,3910,30.639819,104.094366,5059,30.671392,104.018727,True
13288,1,3912,30.612173,104.0093,4888,30.669063,104.042179,True
13289,1,3913,30.69897,104.046252,4630,30.688028,104.07995,True
13294,1,3915,30.669176,104.099626,4393,30.695038,104.106393,True
13300,1,3916,30.616788,104.048121,4605,30.643329,104.086823,True
13303,1,3917,30.607618,103.987247,5319,30.635991,104.127681,True
13311,1,3920,30.713938,103.987812,4643,30.663279,104.040653,True
13321,1,3923,30.681192,104.132482,4940,30.624643,104.067232,True
13332,1,3927,30.600884,104.124604,5396,30.653369,104.058956,True
13334,1,3927,30.639397,104.088028,4478,30.647864,104.082042,True
13347,1,3931,30.688078,104.08716,4899,30.638779,104.054948,True
13365,1,3935,30.633362,104.055989,5009,30.705081,104.103525,True
13367,1,3935,30.641187,103.981957,4738,30.639194,104.030666,True
13370,1,3935,30.70549,104.065964,4648,30.704727,104.014507,True
13373,1,3936,30.690133,104.106273,4476,30.648072,104.108051,True
13374,1,3936,30.673382,104.079987,47454,30.676225,104.073635,True
13380,1,3937,30.644371,104.023286,5203,30.695417,104.011141,True
13390,1,3940,30.607724,103.98852,4880,30.625424,104.029384,True
13391,1,3940,30.648404,104.099224,4361,30.669023,104.073547,True
13397,1,3941,30.636462,104.128383,4155,30.63794,104.107864,True
13416,1,3945,30.650947,103.995888,4245,30.647488,103.987419,True
13419,1,3946,30.669651,104.024445,4968,30.694893,104.073565,True
13420,1,3947,30.65085,104.013525,4380,30.682648,104.029585,True
13423,1,3948,30.655012,104.073283,4210,30.668142,104.077482,True
13424,1,3948,30.628531,104.040517,4998,30.629818,104.141358,True
13435,1,3951,30.660262,104.034975,4625,30.660712,104.076774,True
13439,1,3952,30.664188,104.077314,4732,30.694279,104.073592,True
13441,1,3952,30.668854,104.102647,4557,30.646677,104.075034,True
13448,1,3954,30.71965,104.051218,4612,30.702496,104.073843,True
13453,1,3957,30.699777,104.022539,4891,30.694528,104.072,True
13464,1,3961,30.652934,104.059919,4770,30.694846,104.073405,True
13474,1,3964,30.695287,104.072277,4949,30.636109,104.127335,True
13479,1,3964,30.623613,104.079529,4346,30.639751,104.066582,True
13489,1,3967,30.66191,104.087148,4237,30.645054,104.074925,True
13498,1,3969,30.676331,104.034026,4654,30.702654,104.07134,True
13502,1,3970,30.652686,104.090182,4252,30.6523,104.110447,True
13507,1,3971,30.668284,104.040697,4275,30.692657,104.043484,True
13522,1,3974,30.681738,104.063041,4553,30.646535,104.070742,True
13530,1,3976,30.69432,104.055027,4437,30.682487,104.084316,True
13531,1,3976,30.63107,104.15067,4263,30.640971,104.139761,True
13532,1,3976,30.61028,104.115177,4640,30.645031,104.074926,True
13536,1,3977,30.715476,104.11164,4932,30.702321,104.07261,True
13538,1,3978,30.637538,104.039106,5192,30.695381,104.072775,True
13545,1,3980,30.694996,104.057317,4364,30.714856,104.044401,True
13554,1,3982,30.686411,104.089265,4471,30.675475,104.070545,True
13563,1,3984,30.683054,104.028832,4170,30.683892,104.04096,True
13566,1,3985,30.622972,104.170002,5042,30.669787,104.121651,True
13568,1,3985,30.630988,104.146911,4213,30.636542,104.127934,True
13573,1,3986,30.64503,104.014511,5038,30.673365,104.101721,True
13577,1,3987,30.641639,104.078001,4791,30.662456,104.0351,True
13581,1,3988,30.661947,104.081834,4220,30.65855,104.066507,True
13582,1,3988,30.637185,104.071141,4215,30.64651,104.070923,True
13583,1,3988,30.671677,104.080963,4632,30.653722,104.077269,True
13608,1,3998,30.651723,104.006423,5207,30.64969,104.083458,True
13612,1,3998,30.626728,104.099226,10125,30.658703,104.055608,True
13614,1,3999,30.64199,104.077008,5127,30.628649,104.138487,True
13617,1,3999,30.677765,103.988918,6022,30.696024,104.072831,True
13627,1,4002,30.668686,104.032239,4932,30.62694,104.051034,True
13632,1,4002,30.713608,104.040076,5310,30.644129,104.058967,True
13635,1,4003,30.629484,104.060987,4377,30.639493,104.066225,True
13636,1,4003,30.695358,104.07248,4753,30.689553,104.106996,True
13637,1,4004,30.645743,104.106574,4249,30.638439,104.109441,True
13641,1,4005,30.669358,104.027772,4669,30.705328,104.025338,True
13644,1,4006,30.64987,104.096475,4943,30.691127,104.049891,True
13648,1,4007,30.603604,104.002613,5435,30.665491,104.163441,True
13652,1,4008,30.671678,104.067926,4724,30.702587,104.072539,True
13660,1,4009,30.693901,104.034261,4922,30.702273,104.072758,True
13667,1,4013,30.665625,104.000741,4743,30.650892,104.04113,True
13668,1,4013,30.644706,104.027233,5087,30.640901,104.095532,True
13678,1,4018,30.673852,104.022774,4699,30.672045,103.989141,True
13682,1,4019,30.618114,104.045308,5481,30.695624,104.07349,True
13689,1,4021,30.690313,104.106044,4761,30.66158,104.065718,True
13693,1,4021,30.677273,104.00362,4792,30.682366,104.044234,True
13706,1,4024,30.629289,104.056073,5634,30.689279,104.064258,True
13716,1,4026,30.686645,104.062996,4475,30.677772,104.087509,True
13718,1,4026,30.641747,104.108826,4483,30.629535,104.142016,True
13719,1,4026,30.667549,104.074781,4727,30.687498,104.022117,True
13724,1,4028,30.644554,104.154003,5048,30.639563,104.066447,True
13744,1,4033,30.649833,104.072401,4502,30.67195,104.059303,True
13745,1,4033,30.669673,104.106546,4350,30.680677,104.121936,True
13751,1,4034,30.658878,104.081087,5440,30.667419,104.162547,True
13754,1,4035,30.683922,104.049579,4298,30.701424,104.050316,True
13763,1,4037,30.657334,104.108679,4712,30.682716,104.070377,True
13769,1,4037,30.628348,104.142302,4968,30.640874,104.084152,True
13770,1,4038,30.680713,104.032519,4963,30.678348,104.091845,True
13777,1,4039,30.603218,104.060623,4780,30.661389,104.021844,True
13779,1,4039,30.695431,104.072535,5390,30.644494,104.074652,True
13781,1,4039,30.617729,104.130753,4322,30.626141,104.143963,True
13796,1,4044,30.686451,104.04124,15688,30.690959,104.046953,True
13805,1,4046,30.674942,104.054085,4267,30.692268,104.036288,True
13813,1,4048,30.706838,104.000399,4974,30.705605,104.098342,True
13833,1,4052,30.627696,104.144863,5684,30.702802,104.072735,True
13868,1,4060,30.601115,104.077455,4730,30.636103,104.127454,True
13877,1,4062,30.695002,104.043952,4548,30.673455,104.066058,True
13880,1,4062,30.684216,104.092002,4845,30.695696,104.07277,True
13888,1,4064,30.617134,104.12831,4387,30.637561,104.106186,True
13894,1,4064,30.622747,104.035912,4811,30.660235,104.056658,True
13895,1,4064,30.695519,104.072733,4844,30.682099,104.08485,True
13899,1,4066,30.605861,104.131168,5685,30.645369,104.059093,True
13919,1,4072,30.650664,104.081875,4342,30.663385,104.069616,True
13925,1,4073,30.695336,104.071308,5100,30.705743,104.04556,True
13930,1,4073,30.687465,104.103895,4805,30.625498,104.094354,True
13934,1,4074,30.60712,104.039124,4696,30.653929,104.029937,True
13946,1,4079,30.64901,104.079137,4392,30.674491,104.097543,True
13956,1,4081,30.69542,104.072534,5528,30.616219,104.137098,True
13965,1,4084,30.612829,104.166432,9065,30.61292,104.166482,True
13968,1,4084,30.679241,104.056309,4330,30.679187,104.052497,True
13987,1,4089,30.691693,104.057466,4591,30.661549,104.065274,True
13995,1,4092,30.658676,104.068902,5000,30.671139,104.01871,True
14002,1,4094,30.623974,104.096727,5343,30.696032,104.072885,True
14004,1,4094,30.695684,104.092138,4942,30.677776,104.053743,True
14005,1,4095,30.622008,104.049795,4991,30.629804,104.141949,True
14008,1,4095,30.653453,104.098119,4526,30.620918,104.092763,True
14012,1,4095,30.678408,103.998051,5469,30.695744,104.073009,True
14022,1,4097,30.643988,104.000668,4425,30.643437,104.020849,True
14024,1,4098,30.647884,104.023044,4630,30.609591,104.033054,True
14028,1,4098,30.650922,104.121489,5047,30.658895,104.051105,True
14030,1,4099,30.699734,104.096154,4661,30.696068,104.072902,True
14036,1,4101,30.681909,104.039102,5051,30.639344,104.030872,True
14037,1,4101,30.695464,104.072733,4951,30.685934,104.034277,True
14038,1,4101,30.641522,104.088622,4418,30.668693,104.088961,True
14054,1,4105,30.691392,104.072895,4433,30.69551,104.072722,True
14055,1,4105,30.672586,104.124826,4109,30.673597,104.123728,True
14057,1,4106,30.692399,104.024967,5164,30.695717,104.073003,True
14060,1,4107,30.660537,104.055817,4889,30.683796,104.103911,True
14064,1,4108,30.668126,104.034242,5005,30.663089,104.073702,True
14066,1,4108,30.624903,104.08078,4377,30.619374,104.092805,True
14070,1,4109,30.680728,104.094502,4374,30.677525,104.115859,True
14094,1,4114,30.693816,104.080142,4142,30.694954,104.073399,True
14097,1,4114,30.647247,104.035898,4983,30.651114,104.080487,True
14106,1,4117,30.63961,104.054633,4356,30.622735,104.051179,True
14109,1,4118,30.620583,104.076031,4294,30.620419,104.0575,True
14115,1,4119,30.712359,104.07748,5187,30.665338,104.078074,True
14126,1,4123,30.633594,104.062172,4861,30.692485,104.036514,True
14127,1,4123,30.649457,104.004975,4817,30.663632,104.04084,True
14128,1,4123,30.651976,104.10225,5136,30.694227,104.073549,True
14129,1,4123,30.67206,104.123857,4129,30.673597,104.123728,True
14134,1,4124,30.675371,104.033648,4811,30.637352,104.066844,True
14135,1,4124,30.658331,104.062494,5310,30.631555,104.076232,True
14156,1,4128,30.651556,104.079835,5164,30.694711,104.073006,True
14157,1,4128,30.639897,104.006894,5272,30.654601,104.065148,True
14162,1,4129,30.681994,104.084545,4838,30.645182,104.07484,True
14165,1,4130,30.663917,104.086052,5120,30.695929,104.072975,True
14169,1,4131,30.666998,104.06285,4812,30.695913,104.072927,True
14183,1,4134,30.6492,103.996845,4925,30.660078,104.038955,True
14191,1,4135,30.635347,104.031546,5324,30.682197,104.08406,True
14197,1,4137,30.658543,104.042246,4469,30.669316,104.027261,True
14199,1,4137,30.707307,104.066372,4765,30.705266,104.103681,True
14200,1,4137,30.654241,104.098756,5035,30.695777,104.072939,True
14201,1,4137,30.640774,104.061669,4833,30.616733,104.040659,True
14202,1,4137,30.654808,104.070078,4370,30.661089,104.060414,True
14208,1,4138,30.648561,104.100947,4167,30.651433,104.102733,True
14213,1,4140,30.670409,104.06337,5108,30.635551,104.010879,True
14214,1,4140,30.70284,104.073834,4211,30.702791,104.071864,True
14221,1,4141,30.683233,104.032458,4835,30.70266,104.072535,True
14224,1,4142,30.638855,104.102158,5264,30.699161,104.169992,True
14225,1,4142,30.6252,104.074439,4841,30.669402,104.060382,True
14235,1,4144,30.673308,104.02487,4297,30.674426,104.03335,True
14238,1,4146,30.653248,104.041141,4526,30.684805,104.042463,True
14241,1,4146,30.656512,104.002842,4596,30.67531,104.024567,True
14243,1,4147,30.660409,104.110849,4853,30.688098,104.074032,True
14244,1,4147,30.662145,104.099684,5115,30.695656,104.073388,True
14249,1,4147,30.651816,104.020465,4747,30.626274,104.048693,True
14267,1,4151,30.689872,104.045267,5103,30.673286,104.095029,True
14277,1,4154,30.629198,104.101463,4420,30.636016,104.127757,True
14278,1,4154,30.67049,103.993005,4742,30.663372,104.040621,True
14282,1,4155,30.626151,103.991912,5311,30.644564,104.07461,True
14294,1,4158,30.639084,104.102482,4489,30.641104,104.103778,True
14307,1,4163,30.695483,104.072709,5357,30.69524,104.011646,True
14312,1,4166,30.606523,104.080651,5330,30.704444,104.013701,True
14316,1,4168,30.677621,104.083243,4796,30.695908,104.072967,True
14318,1,4169,30.652431,104.090865,4690,30.652332,104.069073,True
14324,1,4170,30.695413,104.072604,5395,30.67424,104.144797,True
14328,1,4172,30.658042,104.092753,4650,30.644489,104.074637,True
14331,1,4172,30.645477,104.058167,5202,30.635799,104.036547,True
14348,1,4175,30.665631,104.05172,4850,30.634119,104.077215,True
14359,1,4178,30.67715,104.038745,4594,30.64921,104.054297,True
14370,1,4181,30.690796,104.037387,4928,30.705505,104.103408,True
14372,1,4181,30.634167,104.029208,4816,30.653725,104.058824,True
14382,1,4184,30.615769,104.039886,5202,30.704992,104.009205,True
14393,1,4188,30.657864,104.095948,4635,30.656942,104.074623,True
14395,1,4188,30.687248,104.017426,4943,30.646921,104.020355,True
14416,1,4192,30.633623,104.072055,4571,30.622017,104.096375,True
14427,1,4195,30.611796,104.133015,4520,30.623645,104.133859,True
14431,1,4196,30.709474,103.99726,4823,30.667316,104.040756,True
14438,1,4198,30.690666,104.095777,4908,30.663252,104.040498,True
14442,1,4199,30.64634,103.985013,5177,30.616563,104.079578,True
14443,1,4199,30.666356,104.060429,4401,30.658547,104.05559,True
14448,1,4202,30.662028,104.099099,5153,30.694519,104.066418,True
14456,1,4204,30.695398,104.07227,5276,30.665932,104.086601,True
14460,1,4205,30.662162,104.098736,4616,30.683243,104.100279,True
14464,1,4206,30.66592,103.989357,4887,30.674237,104.020308,True
14470,1,4208,30.663989,104.040536,4672,30.634283,104.041765,True
14477,1,4210,30.625666,104.081192,4504,30.644173,104.0756,True
14481,1,4211,30.643175,104.044232,4612,30.6297,104.06585,True
14503,1,4216,30.695095,104.069757,4837,30.685184,104.04236,True
14520,1,4219,30.661406,104.074905,4921,30.643265,104.061697,True
14525,1,4221,30.674011,103.990821,4231,30.675969,103.992017,True
14527,1,4221,30.700527,104.093679,4565,30.692385,104.079937,True
14536,1,4223,30.640757,104.083231,4550,30.616541,104.079748,True
14540,1,4224,30.667696,104.098473,4786,30.645085,104.074982,True
14547,1,4226,30.632967,104.001754,5095,30.636657,104.061285,True
14552,1,4227,30.625845,104.062389,4713,30.650901,104.069682,True
14575,1,4232,30.649576,104.117228,4850,30.705109,104.103486,True
14585,1,4233,30.670314,104.113439,5199,30.645083,104.062897,True
14592,1,4234,30.681305,104.108346,4833,30.658494,104.066371,True
14601,1,4237,30.715469,104.110409,4952,30.70268,104.072575,True
14606,1,4238,30.633558,104.071146,4515,30.640144,104.061187,True
14610,1,4239,30.634429,104.066586,4980,30.658038,104.078795,True
14614,1,4240,30.696301,104.029304,4650,30.714926,104.015294,True
14620,1,4241,30.713677,104.102966,4430,30.700546,104.095149,True
14623,1,4242,30.658948,104.089809,4795,30.646543,104.071181,True
14625,1,4242,30.625833,104.07657,5300,30.686226,104.107829,True
14628,1,4243,30.684071,104.088037,4957,30.653698,104.075261,True
14634,1,4244,30.625592,104.099157,7692,30.609095,104.149891,True
14637,1,4245,30.684972,104.066167,4449,30.695072,104.066377,True
14642,1,4246,30.627871,104.112652,5310,30.66662,104.162698,True
14649,1,4247,30.603624,104.080698,5313,30.667703,104.044918,True
14652,1,4248,30.6323,104.031332,5709,30.698865,104.010999,True
14658,1,4249,30.645526,104.09414,4667,30.66278,104.06866,True
14660,1,4250,30.636882,104.083092,4348,30.644788,104.093038,True
14661,1,4250,30.699099,104.128592,25460,30.699305,104.128594,True
14663,1,4250,30.645013,104.093108,4444,30.638861,104.106382,True
14672,1,4253,30.685401,104.056348,4500,30.692289,104.036293,True
14674,1,4253,30.636407,104.129658,4615,30.632659,104.160278,True
14687,1,4256,30.715535,104.112087,5321,30.652517,104.071375,True
14693,1,4257,30.637815,104.038822,5057,30.690803,104.039083,True
14694,1,4258,30.670595,104.063655,4851,30.685394,104.027477,True
14695,1,4258,30.606394,104.089151,6010,30.606984,104.051574,True
14740,1,4269,30.603268,104.032293,4423,30.603319,104.031183,True
14745,1,4270,30.645506,104.118593,4670,30.640377,104.103172,True
14746,1,4270,30.653447,104.067309,4781,30.650335,104.085983,True
14749,1,4271,30.61018,104.132101,4373,30.610198,104.132083,True
14760,1,4272,30.606711,104.049236,5020,30.636274,104.048119,True
14771,1,4275,30.705682,104.036706,5505,30.644562,104.075019,True
14772,1,4275,30.644507,104.059259,4826,30.660219,104.076709,True
14812,1,4282,30.651072,104.117032,5207,30.684501,104.05276,True
14814,1,4282,30.686719,104.040918,4405,30.694137,104.048411,True
14823,1,4283,30.650726,104.03529,4626,30.665476,104.041553,True
14836,1,4286,30.693031,104.162099,5847,30.662065,104.074907,True
14837,1,4286,30.683569,104.106463,4775,30.694848,104.074411,True
14839,1,4287,30.632012,104.044566,4970,30.670919,104.04793,True
14853,1,4290,30.705454,104.065885,4322,30.706449,104.065279,True
14857,1,4291,30.648564,104.059802,4432,30.644636,104.058679,True
14873,1,4295,30.711215,104.01821,5598,30.70524,104.103599,True
14881,1,4296,30.633315,104.061389,5092,30.666856,104.075982,True
14896,1,4300,30.664721,104.10457,5333,30.695575,104.072849,True
14900,1,4301,30.603933,104.034051,4900,30.6231,104.06687,True
14901,1,4301,30.669329,104.056184,4529,30.662722,104.047553,True
14909,1,4302,30.675715,104.110192,5187,30.695977,104.072955,True
14939,1,4309,30.608429,104.063367,4476,30.615097,104.067357,True
14943,1,4310,30.666954,104.021377,5343,30.606497,104.060674,True
14949,1,4312,30.64217,104.093361,4694,30.645217,104.075174,True
14957,1,4315,30.64947,104.095655,6240,30.651116,104.125313,True
14959,1,4315,30.674619,104.054095,4985,30.70454,104.014147,True
14970,1,4319,30.648713,104.075617,4960,30.645601,104.056882,True
14975,1,4320,30.62515,104.062309,4804,30.642202,104.080337,True
14986,1,4323,30.654534,104.080289,5760,30.646772,104.021636,True
14991,1,4323,30.639532,104.02709,5317,30.655366,104.108144,True
15007,1,4328,30.695478,104.071954,4667,30.69467,104.079529,True
15016,1,4330,30.637456,104.069342,4456,30.634058,104.075935,True
15025,1,4332,30.639173,104.035988,5500,30.694572,104.07537,True
15027,1,4333,30.7072,104.044074,5205,30.695951,104.072965,True
15029,1,4333,30.695666,104.072735,5246,30.668856,104.080409,True
15031,1,4334,30.668967,104.131794,4599,30.66242,104.11325,True
15043,1,4336,30.612039,104.072017,4726,30.645069,104.075172,True
15055,1,4338,30.685572,104.041996,5213,30.702291,104.072615,True
15063,1,4340,30.646231,104.082648,5470,30.691262,104.048784,True
15064,1,4340,30.632415,104.005021,4870,30.624995,104.028856,True
15081,1,4344,30.605084,104.130673,4558,30.610913,104.142634,True
15082,1,4344,30.693294,104.016937,5418,30.682731,104.083612,True
15088,1,4346,30.642244,104.080471,4827,30.646525,104.071389,True
15089,1,4346,30.625453,104.094522,4937,30.646581,104.072217,True
15090,1,4346,30.637843,104.035442,5189,30.704665,104.01444,True
15092,1,4346,30.695469,104.072665,5419,30.649017,104.075943,True
15093,1,4347,30.695699,104.072745,5151,30.664179,104.10608,True
15097,1,4347,30.669745,104.040435,4801,30.637579,104.040048,True
15099,1,4347,30.686382,104.082977,5015,30.702723,104.075553,True
15100,1,4348,30.614322,104.082198,5225,30.615939,104.082538,True
15104,1,4348,30.657185,104.110204,4761,30.673189,104.101853,True
15118,1,4350,30.66354,104.069662,4982,30.666109,104.074035,True
15126,1,4352,30.674723,104.033509,4765,30.649439,104.041157,True
15142,1,4358,30.650782,104.001285,4501,30.650365,104.013476,True
15147,1,4360,30.63708,104.009005,5574,30.695865,104.072988,True
15148,1,4360,30.646903,104.037007,5378,30.651227,104.080536,True
15152,1,4361,30.640276,104.103015,4821,30.610537,104.094798,True
15154,1,4361,30.684846,104.05412,5023,30.679957,103.990933,True
15174,1,4368,30.601263,104.105434,4376,30.601298,104.105444,True
15179,1,4369,30.682404,104.090581,5228,30.639643,104.094175,True
15180,1,4369,30.663432,104.09756,5183,30.648062,104.065955,True
15181,1,4370,30.662157,104.101446,5528,30.709925,104.072129,True
15189,1,4372,30.658505,104.058338,4641,30.658469,104.051296,True
15196,1,4374,30.705811,104.076043,4747,30.703988,104.10189,True
15206,1,4376,30.665485,104.09082,4749,30.674236,104.069427,True
15207,1,4376,30.639022,104.139567,4568,30.630054,104.14148,True
15227,1,4381,30.63645,104.061784,4679,30.621177,104.057764,True
15233,1,4383,30.614331,103.986492,5113,30.662126,104.023666,True
15239,1,4384,30.672153,104.086122,5146,30.635743,104.052929,True
15246,1,4386,30.661638,104.092246,5523,30.603438,104.14971,True
15258,1,4390,30.633895,104.14718,5257,30.629513,104.076359,True
15269,1,4394,30.659766,104.079285,4510,30.654432,104.080023,True
15277,1,4396,30.699958,104.094997,5214,30.668171,104.052432,True
15288,1,4399,30.703118,104.004775,5474,30.638832,104.032135,True
15290,1,4400,30.633615,104.074691,4731,30.643189,104.061793,True
15291,1,4400,30.651699,104.079149,4983,30.620871,104.102502,True
15304,1,4403,30.668771,104.101885,4754,30.647911,104.087978,True
15318,1,4406,30.687239,104.117852,4961,30.661763,104.133312,True
15324,1,4407,30.66164,104.082537,4760,30.646832,104.072226,True
15333,1,4408,30.644146,104.037531,5374,30.694372,104.066323,True
15338,1,4409,30.650876,104.120146,5130,30.644552,104.074951,True
15341,1,4410,30.648918,104.008825,5516,30.64646,104.070622,True
15344,1,4411,30.68362,104.040616,5025,30.680019,103.990894,True
15346,1,4411,30.71018,104.00858,5359,30.688359,104.07425,True
15348,1,4412,30.66681,104.088976,5335,30.707557,104.064456,True
15352,1,4412,30.698786,104.09388,6232,30.64854,104.061615,True
15358,1,4414,30.69309,104.073344,4651,30.695631,104.073212,True
15359,1,4414,30.689591,104.057524,4556,30.689803,104.057319,True
15366,1,4416,30.638991,104.01207,4603,30.645552,104.002122,True
15369,1,4417,30.659861,104.03348,4624,30.663324,104.040592,True
15374,1,4418,30.695538,104.072721,6069,30.663684,103.990186,True
15378,1,4419,30.679935,104.121374,5360,30.651898,104.081129,True
15383,1,4420,30.669518,104.056325,4705,30.663416,104.068869,True
15390,1,4421,30.695573,104.07278,6020,30.602849,104.126001,True
15395,1,4422,30.645987,104.061263,4849,30.616493,104.040597,True
15404,1,4425,30.611974,104.069729,4770,30.640318,104.0665,True
15409,1,4427,30.666912,104.137137,17909,30.664555,104.088577,True
15417,1,4428,30.639934,104.017611,4961,30.644148,104.047979,True
15424,1,4429,30.673946,104.033335,5013,30.651018,104.033678,True
15441,1,4432,30.638824,104.056205,4756,30.660395,104.067187,True
15448,1,4434,30.66928,104.104344,5290,30.675634,104.070156,True
15451,1,4435,30.653523,104.075313,5380,30.629524,104.141769,True
15460,1,4437,30.713401,104.060143,4732,30.702412,104.072597,True
15482,1,4441,30.652689,104.090402,4524,30.648786,104.087061,True
15485,1,4442,30.690588,104.055496,5370,30.700536,104.089596,True
15490,1,4443,30.703211,104.038652,4894,30.695496,104.05733,True
15497,1,4446,30.632962,104.001628,5534,30.640083,104.058649,True
15506,1,4448,30.639521,104.027011,5349,30.6422,104.075548,True
15509,1,4449,30.682828,104.112634,5074,30.653918,104.114591,True
15510,1,4450,30.66314,104.014772,5443,30.678768,103.986527,True
15512,1,4450,30.638332,103.986254,4787,30.65123,103.995868,True
15513,1,4450,30.70315,104.166947,6138,30.639813,104.066476,True
15517,1,4451,30.662835,104.089538,5287,30.694782,104.073435,True
15519,1,4451,30.675897,104.050822,4804,30.683378,104.04058,True
15526,1,4452,30.665581,104.07879,5400,30.702859,104.072619,True
15540,1,4456,30.695474,104.072638,6109,30.655207,104.008416,True
15547,1,4457,30.664808,104.011574,5905,30.69595,104.072923,True
15564,1,4460,30.695587,104.072761,5438,30.66708,104.076914,True
15567,1,4460,30.675408,104.042685,5225,30.639635,104.058541,True
15570,1,4461,30.607883,103.989271,5242,30.625595,104.029089,True
15572,1,4461,30.690541,104.066273,5227,30.654508,104.061867,True
15574,1,4462,30.674858,104.018033,5377,30.674903,104.018047,True
15582,1,4464,30.683109,104.044765,4608,30.692645,104.036623,True
15583,1,4464,30.670934,104.016438,5609,30.615786,104.040546,True
15593,1,4466,30.662662,104.032393,5008,30.682314,104.082905,True
15600,1,4467,30.607483,104.1364,5131,30.622479,104.09846,True
15604,1,4468,30.667054,104.039187,4804,30.674993,104.010728,True
15605,1,4469,30.658435,104.119255,5128,30.62527,104.071354,True
15611,1,4470,30.700245,104.064106,5311,30.70628,104.000957,True
15616,1,4472,30.629454,104.053473,4594,30.62984,104.066151,True
15619,1,4472,30.652673,104.090051,5510,30.692631,104.073327,True
15627,1,4474,30.637358,104.1012,5871,30.685993,104.034196,True
15628,1,4474,30.62906,104.04885,4795,30.654301,104.070236,True
15632,1,4475,30.624782,104.157205,5476,30.681846,104.08645,True
15636,1,4475,30.653391,104.075484,5332,30.629463,104.141674,True
15641,1,4476,30.648252,104.137509,4632,30.64856,104.138816,True
15651,1,4478,30.689038,104.076878,5380,30.68028,104.014953,True
15653,1,4479,30.655561,104.000691,5644,30.673222,104.024878,True
15673,1,4482,30.680785,104.022321,5348,30.667261,104.052329,True
15675,1,4482,30.66926,103.994104,5859,30.673993,104.085096,True
15676,1,4483,30.673434,104.066328,4877,30.686096,104.063135,True
15682,1,4484,30.674814,104.085725,4705,30.683497,104.08044,True
15693,1,4489,30.629466,104.066862,5077,30.665799,104.073785,True
15700,1,4490,30.65148,104.102673,5029,30.659468,104.067343,True
15701,1,4491,30.664607,104.047788,4678,30.669409,104.040705,True
15711,1,4493,30.664278,104.077795,5328,30.694459,104.066461,True
15723,1,4494,30.683799,104.043385,4902,30.704671,104.014376,True
15740,1,4499,30.613933,104.062816,4638,30.62016,104.071497,True
15744,1,4500,30.651339,104.109911,4676,30.646801,104.10328,True
15752,1,4502,30.705349,104.05414,5755,30.625277,104.07647,True
15756,1,4502,30.679736,104.046579,5250,30.67428,104.09742,True
15759,1,4503,30.667398,104.08326,5047,30.629725,104.07475,True
15760,1,4503,30.680398,104.045886,5558,30.62114,104.098148,True
15770,1,4507,30.647763,104.027994,5816,30.636137,104.127633,True
15771,1,4508,30.647901,104.028763,4909,30.646173,104.053312,True
15780,1,4510,30.651695,104.086748,4888,30.644005,104.075582,True
15790,1,4512,30.641816,103.984314,5451,30.663287,104.040629,True
15794,1,4512,30.659821,104.111046,5147,30.668812,104.139178,True
15806,1,4516,30.629703,104.041392,5124,30.625298,104.046829,True
15809,1,4516,30.650481,104.121139,4976,30.662802,104.089433,True
15816,1,4519,30.649047,104.008802,5717,30.616526,104.079143,True
15821,1,4520,30.695583,104.072799,5006,30.678158,104.082188,True
15827,1,4521,30.702843,104.094384,4979,30.695724,104.073015,True
15841,1,4523,30.673092,104.047345,5164,30.680712,104.082143,True
15862,1,4529,30.65929,104.080638,5428,30.618223,104.067038,True
15868,1,4530,30.697191,104.044428,5551,30.601588,104.07728,True
15872,1,4531,30.666151,104.055872,5125,30.644645,104.074462,True
15878,1,4532,30.686922,104.086253,5163,30.666972,104.040796,True
15881,1,4532,30.613716,104.094031,4898,30.627102,104.089876,True
15889,1,4535,30.62488,104.066724,5023,30.645124,104.075205,True
15890,1,4535,30.706931,104.021361,5374,30.702726,104.072453,True
15892,1,4535,30.651888,104.112559,5029,30.661049,104.086794,True
15894,1,4535,30.639967,104.020916,5134,30.652976,104.041217,True
15896,1,4536,30.602052,104.071858,4605,30.603623,104.067793,True
15901,1,4537,30.668163,104.079975,4924,30.645364,104.09378,True
15906,1,4538,30.662392,104.025469,4921,30.675409,104.01098,True
15911,1,4539,30.664697,104.073137,5187,30.687653,104.076208,True
15912,1,4539,30.636611,104.129111,5791,30.644521,104.05846,True
15924,1,4540,30.67393,104.03585,5292,30.640145,104.05371,True
15932,1,4542,30.678273,104.047568,6628,30.711302,103.994362,True
15938,1,4544,30.677066,104.1077,5458,30.66614,104.051903,True
15940,1,4544,30.695457,104.072499,6077,30.633795,104.075737,True
15941,1,4545,30.647518,104.118737,4978,30.667692,104.107322,True
15944,1,4545,30.672308,104.027928,4941,30.692518,104.035783,True
15954,1,4549,30.713074,104.047727,5459,30.669784,104.063913,True
15955,1,4549,30.679557,104.081365,4875,30.688295,104.078122,True
15965,1,4552,30.654086,104.053441,5202,30.628006,104.07489,True
15977,1,4554,30.640392,104.082984,5227,30.665621,104.073055,True
15980,1,4555,30.686965,104.066392,4854,30.679167,104.06916,True
15987,1,4557,30.689303,104.024704,5186,30.704587,104.013584,True
15989,1,4558,30.708789,104.096475,5740,30.663332,104.040624,True
15997,1,4559,30.677256,104.049904,5039,30.662654,104.032717,True
16003,1,4561,30.638514,104.087823,4786,30.625546,104.085282,True
16007,1,4563,30.677937,104.142287,5573,30.672239,104.068743,True
16012,1,4564,30.652041,104.078137,4895,30.626768,104.075583,True
16014,1,4564,30.688785,104.019762,5025,30.652285,104.013552,True
16015,1,4564,30.68753,104.021932,4895,30.694267,104.032513,True
16030,1,4568,30.6176,104.077295,5330,30.653011,104.041171,True
16041,1,4571,30.702844,104.077556,6356,30.644917,104.063415,True
16043,1,4571,30.662426,104.040621,6398,30.702805,104.07262,True
16047,1,4572,30.669859,104.106526,5243,30.705538,104.117529,True
16055,1,4573,30.643613,104.139707,6149,30.695989,104.072981,True
16068,1,4577,30.632878,104.059754,5398,30.682187,104.084942,True
16084,1,4580,30.617881,104.071962,4879,30.626559,104.081988,True
16087,1,4580,30.685271,104.07334,5140,30.669851,104.121574,True
16096,1,4583,30.691096,104.041033,5418,30.681899,104.08662,True
16097,1,4583,30.684076,104.069102,5288,30.657577,104.110855,True
16098,1,4583,30.708313,104.022853,4801,30.698504,104.028336,True
16103,1,4585,30.619795,104.048636,5447,30.630061,104.141975,True
16109,1,4586,30.6386,104.066589,5015,30.652872,104.087047,True
16122,1,4589,30.633682,104.099147,5652,30.663455,104.046129,True
16137,1,4592,30.680593,104.033083,4991,30.707175,104.043161,True
16142,1,4593,30.617864,104.106308,5001,30.6212,104.092877,True
16145,1,4594,30.650858,104.105596,5168,30.66615,104.060355,True
16148,1,4595,30.620904,104.090043,4839,30.626744,104.077981,True
16155,1,4597,30.636613,104.083281,4973,30.641346,104.066512,True
16156,1,4598,30.662137,104.100301,5039,30.654328,104.08685,True
16162,1,4599,30.630832,104.059881,5069,30.644036,104.075456,True
16172,1,4601,30.630593,104.153792,4804,30.629214,104.144092,True
16179,1,4603,30.664712,104.136334,5640,30.653556,104.075997,True
16192,1,4606,30.639134,104.087549,5773,30.6908,104.047386,True
16196,1,4607,30.647964,104.013746,5118,30.630872,103.993741,True
16202,1,4607,30.657624,104.090841,5799,30.678087,104.04781,True
16204,1,4607,30.634423,104.032652,5581,30.629697,104.141679,True
16213,1,4611,30.62681,104.100085,5253,30.705292,104.10363,True
16229,1,4615,30.691809,104.096403,4665,30.691945,104.097278,True
16243,1,4617,30.694397,104.072335,5220,30.702343,104.07258,True
16253,1,4619,30.636407,104.127434,5050,30.623038,104.104579,True
16257,1,4620,30.636518,104.128254,5375,30.644497,104.074989,True
16258,1,4620,30.688822,104.019927,5631,30.712409,104.109564,True
16265,1,4620,30.653424,104.087421,5236,30.68194,104.085924,True
16268,1,4621,30.682191,104.063633,4938,30.659287,104.057552,True
16269,1,4622,30.7027,104.049983,5917,30.639367,104.066284,True
16270,1,4622,30.646098,104.059992,5581,30.629718,104.141883,True
16287,1,4625,30.625237,104.072372,5483,30.63598,104.127843,True
16295,1,4627,30.667428,104.111305,5162,30.643457,104.086663,True
16298,1,4627,30.653255,104.022074,5025,30.691414,104.050635,True
16305,1,4629,30.687914,104.023335,5203,30.663681,104.007775,True
16306,1,4630,30.642799,104.025047,5554,30.702737,104.072623,True
16317,1,4631,30.636614,104.03267,5410,30.673298,103.999321,True
16323,1,4634,30.673299,104.0602,5295,30.694795,104.073177,True
16334,1,4636,30.665679,104.048958,5055,30.645294,104.062806,True
16348,1,4642,30.656022,104.099901,5191,30.682035,104.084742,True
16362,1,4644,30.648469,104.074801,5359,30.652877,104.115751,True
16368,1,4646,30.64148,104.022636,5273,30.663254,104.04061,True
16370,1,4646,30.655667,104.104507,5222,30.671717,104.077325,True
16372,1,4646,30.66931,104.007516,4987,30.67263,104.027847,True
16383,1,4649,30.656145,104.060747,4669,30.649937,104.060996,True
16386,1,4650,30.676763,104.004637,5893,30.695835,104.072957,True
16388,1,4650,30.634246,104.098623,5053,30.636112,104.127434,True
16389,1,4650,30.656629,104.054889,5604,30.629691,104.141638,True
16392,1,4651,30.712177,104.064377,6033,30.695274,104.073815,True
16408,1,4655,30.667735,104.034029,5674,30.695524,104.072831,True
16416,1,4657,30.64481,104.022832,5744,30.696015,104.072996,True
16418,1,4657,30.627889,104.076582,4786,30.633715,104.066785,True
16423,1,4658,30.616154,104.061319,5343,30.636344,104.129592,True
16425,1,4658,30.651867,104.112648,5476,30.699384,104.104299,True
16448,1,4664,30.646064,104.074933,6633,30.623234,104.072844,True
16452,1,4665,30.661403,104.000187,5274,30.704638,104.014327,True
16454,1,4665,30.624665,104.054852,5668,30.702342,104.072544,True
16463,1,4667,30.632484,104.000496,5076,30.619587,103.993278,True
16477,1,4669,30.65727,104.060779,5542,30.694066,104.047756,True
16481,1,4670,30.606249,104.145506,5872,30.616531,104.079073,True
16496,1,4673,30.680316,104.045976,5292,30.657451,104.100334,True
16502,1,4674,30.630028,104.142588,5185,30.642017,104.109059,True
16506,1,4676,30.686976,104.098326,5301,30.643416,104.086797,True
16511,1,4678,30.666432,104.065713,5145,30.685272,104.055921,True
16513,1,4678,30.627683,104.024114,5710,30.683792,104.100484,True
16515,1,4678,30.650187,104.060808,5333,30.661269,104.094884,True
16517,1,4679,30.672031,104.052155,4986,30.663484,104.069485,True
16524,1,4680,30.712879,104.168249,5672,30.627731,104.141369,True
16528,1,4680,30.679399,104.106376,5772,30.647029,103.997718,True
16531,1,4682,30.637497,104.066562,5353,30.676892,104.058954,True
16536,1,4684,30.677318,104.072333,5501,30.639317,104.066119,True
16548,1,4687,30.65075,103.995981,5632,30.623607,104.076978,True
16549,1,4687,30.642445,104.001602,5678,30.696067,104.025253,True
16564,1,4690,30.702114,104.074432,5539,30.704071,104.082485,True
16569,1,4691,30.667739,104.11435,4784,30.666029,104.107715,True
16577,1,4693,30.680596,104.126875,4898,30.684609,104.114866,True
16583,1,4695,30.686819,104.09946,5169,30.712891,104.092031,True
16585,1,4695,30.676228,104.07553,5190,30.679344,104.099085,True
16590,1,4696,30.611608,104.094173,5682,30.667373,104.087963,True
16597,1,4697,30.659716,104.079615,5253,30.6446,104.074378,True
16601,1,4698,30.609401,104.08088,4791,30.614484,104.08232,True
16628,1,4704,30.702765,104.048703,5461,30.670114,104.063313,True
16631,1,4705,30.636356,104.030267,4796,30.631874,104.034461,True
16632,1,4705,30.628406,104.07169,6095,30.70483,104.014512,True
16655,1,4713,30.691206,104.073273,5175,30.676962,104.090856,True
16656,1,4713,30.656145,104.001139,5594,30.653866,104.065597,True
16671,1,4717,30.641902,104.094418,5121,30.650448,104.11629,True
16674,1,4717,30.654766,104.079833,5162,30.666146,104.080938,True
16693,1,4721,30.682013,104.104793,5590,30.64543,104.062682,True
16698,1,4723,30.698234,104.04398,5914,30.629984,104.141722,True
16699,1,4723,30.683883,104.052453,5487,30.692122,104.011122,True
16700,1,4723,30.714477,104.046919,5536,30.674379,104.072412,True
16707,1,4724,30.665039,104.103837,5424,30.653123,104.041211,True
16709,1,4725,30.677429,103.989705,5640,30.638625,104.028233,True
16711,1,4725,30.672578,104.106328,5301,30.656893,104.081256,True
16713,1,4725,30.6573,104.110746,5563,30.665018,104.042521,True
16714,1,4726,30.694613,104.031806,5515,30.673499,104.098132,True
16721,1,4727,30.673952,104.077799,5232,30.700195,104.06905,True
16724,1,4729,30.664234,104.105473,5704,30.646854,104.037222,True
16725,1,4729,30.640613,104.056017,5602,30.662353,104.019135,True
16728,1,4729,30.707394,104.045029,5148,30.69455,104.065775,True
16732,1,4730,30.667116,104.045827,5436,30.63971,104.066147,True
16744,1,4732,30.630342,104.150737,5095,30.662502,104.162969,True
16748,1,4733,30.678575,104.022637,5680,30.709726,104.07222,True
16760,1,4735,30.631846,103.993105,5325,30.654521,104.00109,True
16761,1,4736,30.70873,103.994807,5928,30.674078,104.065296,True
16766,1,4737,30.647371,104.060594,5561,30.622329,103.985147,True
16772,1,4737,30.635489,104.091554,5828,30.616603,104.10403,True
16777,1,4739,30.660058,104.074476,5341,30.624076,104.093573,True
16780,1,4739,30.683285,104.129305,8403,30.679098,104.135479,True
16797,1,4743,30.639194,104.088638,4848,30.645311,104.093919,True
16818,1,4748,30.619433,104.0483,5363,30.634023,104.077119,True
16821,1,4748,30.60581,104.040567,6134,30.6819,104.084525,True
16828,1,4750,30.639276,104.066235,5261,30.629307,104.038737,True
16834,1,4752,30.629744,104.058478,5310,30.645257,104.075261,True
16836,1,4752,30.69076,104.037461,6152,30.683546,104.136519,True
16840,1,4753,30.616496,104.054822,5305,30.60892,104.059476,True
16849,1,4755,30.716028,104.043242,5973,30.663333,104.092982,True
16851,1,4756,30.616035,104.100058,6256,30.704521,104.037607,True
16856,1,4757,30.709104,104.014116,6059,30.702305,104.072731,True
16859,1,4757,30.684212,104.116287,4917,30.680439,104.106049,True
16862,1,4758,30.669015,104.073742,5281,30.685406,104.092777,True
16866,1,4759,30.687222,104.083071,5655,30.670963,104.018476,True
16878,1,4761,30.686308,104.107818,5094,30.689711,104.093677,True
16882,1,4762,30.698987,104.057598,5864,30.630087,104.141956,True
16897,1,4766,30.635609,104.085372,5438,30.629993,104.141931,True
16905,1,4768,30.622825,104.065141,5020,30.642728,104.066363,True
16913,1,4769,30.672756,104.060352,5103,30.655265,104.080376,True
16920,1,4772,30.624751,104.032686,5908,30.622998,104.031641,True
16927,1,4773,30.661147,104.084401,5013,30.658188,104.064283,True
16937,1,4775,30.64765,104.022439,5457,30.63976,104.061157,True
16956,1,4780,30.673913,104.019516,5828,30.682131,104.084467,True
16960,1,4780,30.652024,104.008704,5795,30.64078,104.061632,True
16969,1,4782,30.692447,104.024906,5640,30.691948,104.024002,True
16972,1,4782,30.695639,104.072745,5676,30.682017,104.084755,True
16975,1,4783,30.662186,104.035218,5353,30.639373,104.066243,True
16985,1,4786,30.630581,104.040583,5714,30.692976,104.014042,True
16988,1,4786,30.681241,104.044934,5690,30.664314,104.086225,True
16989,1,4787,30.647344,104.094205,5817,30.659666,104.041007,True
16998,1,4789,30.685975,104.062469,5436,30.656783,104.07431,True
17001,1,4789,30.680728,104.094662,5299,30.649237,104.06701,True
17016,1,4793,30.664827,104.010108,5023,30.662152,103.999924,True
17020,1,4794,30.603812,104.098282,5625,30.635993,104.127819,True
17024,1,4794,30.618459,104.117775,6148,30.695915,104.072797,True
17026,1,4795,30.661151,104.132748,6244,30.63737,104.06349,True
17041,1,4798,30.696224,104.010499,5083,30.697337,104.009316,True
17057,1,4801,30.707474,103.999672,5612,30.718696,104.068596,True
17063,1,4802,30.669745,104.103345,5321,30.649433,104.120802,True
17072,1,4804,30.685993,104.070017,5267,30.704153,104.042805,True
17100,1,4811,30.601226,104.10285,6352,30.67217,104.052412,True
17101,1,4811,30.67109,104.034245,5309,30.644834,104.021535,True
17104,1,4812,30.710615,104.114156,6055,30.645364,104.062906,True
17113,1,4816,30.635527,104.105641,4819,30.640112,104.103317,True
17115,1,4816,30.672212,104.125003,5884,30.67208,104.054448,True
17118,1,4817,30.694616,104.055331,5354,30.693416,104.108724,True
17128,1,4818,30.636943,104.072858,5964,30.625529,103.999644,True
17134,1,4820,30.693416,104.169977,5606,30.625862,104.144083,True
17140,1,4821,30.633264,104.056596,5449,30.66063,104.055938,True
17143,1,4822,30.637688,104.058647,5329,30.629484,104.076948,True
17150,1,4823,30.637047,104.07604,5551,30.636126,104.127469,True
17151,1,4823,30.650111,104.060896,5547,30.622557,104.097556,True
17152,1,4824,30.663571,103.994587,6168,30.694794,104.073275,True
17154,1,4825,30.693629,104.045997,5789,30.651615,104.080928,True
17172,1,4831,30.702572,104.073811,4849,30.702693,104.07453,True
17173,1,4831,30.670653,104.10871,5008,30.66371,104.111638,True
17180,1,4833,30.685732,104.101464,5586,30.649487,104.145003,True
17181,1,4833,30.648478,104.080726,5486,30.667854,104.107229,True
17182,1,4833,30.634859,104.148964,5252,30.639428,104.118837,True
17185,1,4834,30.64045,104.042405,5645,30.64066,104.02633,True
17187,1,4834,30.60381,104.080288,5805,30.674602,104.059287,True
17198,1,4837,30.630536,104.153609,5841,30.669747,104.078339,True
17202,1,4838,30.641299,104.050821,5882,30.688048,104.076535,True
17208,1,4839,30.637464,104.067377,5039,30.646395,104.070576,True
17209,1,4839,30.688294,104.096212,5202,30.683942,104.08826,True
17212,1,4839,30.653616,104.098358,5448,30.681871,104.067929,True
17232,1,4845,30.710292,104.037731,5707,30.707903,104.098645,True
17247,1,4847,30.683041,104.045462,5395,30.694362,104.068007,True
17254,1,4848,30.636187,104.010178,5581,30.666612,104.047924,True
17259,1,4849,30.66197,104.081284,5587,30.636029,104.127608,True
17289,1,4855,30.631213,104.044457,5728,30.66203,104.074791,True
17291,1,4855,30.62816,104.048156,5197,30.653623,104.059047,True
17298,1,4857,30.644566,104.107953,5770,30.652415,104.103805,True
17303,1,4857,30.629366,104.055621,5322,30.644463,104.049517,True
17305,1,4857,30.688691,104.116027,5610,30.695347,104.075784,True
17309,1,4858,30.629524,104.061975,5384,30.650158,104.076672,True
17316,1,4860,30.684618,104.094942,5253,30.673252,104.07838,True
17318,1,4861,30.622703,104.105535,5810,30.640458,104.06139,True
17322,1,4862,30.636386,104.081952,5995,30.671524,104.015681,True
17323,1,4862,30.646643,104.026908,5518,30.617139,104.040897,True
17336,1,4865,30.639132,103.987771,4916,30.639192,103.98532,True
17351,1,4868,30.705415,104.004892,6187,30.636324,104.048185,True
17352,1,4868,30.695297,104.072227,6233,30.618117,104.066857,True
17356,1,4869,30.674909,104.059472,5544,30.662433,104.025814,True
17359,1,4870,30.68644,104.059004,5318,30.694288,104.019073,True
17371,1,4872,30.657716,104.021468,5551,30.629743,104.065459,True
17385,1,4876,30.662076,104.040697,5163,30.650932,104.029048,True
17388,1,4876,30.676275,104.003405,5328,30.664865,104.036926,True
17393,1,4876,30.678623,104.036097,5537,30.643747,104.082469,True
17396,1,4878,30.707712,104.070941,5197,30.715719,104.062308,True
17405,1,4879,30.628296,104.048672,6189,30.690308,104.093175,True
17422,1,4882,30.685619,104.084187,5573,30.695852,104.073019,True
17429,1,4884,30.675078,104.053039,5643,30.64435,104.02612,True
17442,1,4886,30.653257,104.076661,5439,30.682667,104.083498,True
17443,1,4886,30.628344,104.025235,5266,30.612325,104.020487,True
17447,1,4888,30.641226,104.079105,5199,30.650408,104.066242,True
17451,1,4889,30.678173,104.091522,5367,30.656888,104.074372,True
17452,1,4889,30.694037,104.012265,5767,30.650875,103.995931,True
17453,1,4890,30.660229,104.056909,5335,30.660889,104.074924,True
17454,1,4890,30.679216,104.043216,5536,30.694314,104.078714,True
17471,1,4893,30.645358,104.105629,5983,30.644844,104.07481,True
17479,1,4896,30.628119,104.024561,5913,30.626349,104.144121,True
17481,1,4896,30.685573,104.018402,5400,30.655292,104.022709,True
17482,1,4896,30.632745,104.027106,5467,30.647009,104.055258,True
17483,1,4897,30.663021,104.06881,5435,30.672304,104.096667,True
17487,1,4897,30.684721,104.103584,5480,30.684827,104.053386,True
17505,1,4900,30.678272,104.093977,5613,30.69528,104.066489,True
17513,1,4901,30.673384,104.06558,5686,30.62109,104.057438,True
17518,1,4903,30.718485,104.068836,5156,30.704228,104.082977,True
17525,1,4904,30.63927,104.055376,5292,30.634335,104.0774,True
17530,1,4904,30.709962,104.008158,5303,30.696385,104.025429,True
17536,1,4906,30.684272,104.111483,5641,30.658275,104.078252,True
17537,1,4907,30.605617,104.040999,5612,30.657425,104.071192,True
17539,1,4908,30.660996,104.011252,5952,30.69508,104.066314,True
17540,1,4908,30.668244,104.057012,5260,30.656431,104.037961,True
17548,1,4910,30.678873,104.01982,5461,30.701784,104.008474,True
17571,1,4916,30.611833,104.081587,5649,30.641738,104.056813,True
17572,1,4916,30.68411,104.111707,5832,30.616,104.057702,True
17577,1,4917,30.678352,104.042695,5041,30.663246,104.040631,True
17581,1,4918,30.682627,104.037261,5327,30.685528,104.058746,True
17585,1,4919,30.68211,104.085124,5709,30.694795,104.070832,True
17586,1,4919,30.706065,104.006603,5916,30.692421,104.078496,True
17606,1,4922,30.711392,104.109672,5929,30.636056,104.127988,True
17608,1,4922,30.62493,104.059054,5250,30.616343,104.075634,True
17610,1,4923,30.665532,104.105135,5341,30.654945,104.0885,True
17611,1,4923,30.64411,104.047395,5643,30.651667,104.07984,True
17631,1,4928,30.688173,104.076334,5300,30.684334,104.060082,True
17635,1,4929,30.647992,104.117294,5173,30.651484,104.110042,True
17638,1,4930,30.697287,104.028006,5714,30.648273,104.061311,True
17643,1,4931,30.716148,104.059553,6463,30.637587,104.090369,True
17656,1,4933,30.666396,104.087338,5713,30.701646,104.045191,True
17659,1,4934,30.622825,104.104823,6355,30.691461,104.050402,True
17660,1,4934,30.706699,104.09702,5825,30.659519,104.070797,True
17664,1,4936,30.66135,104.08457,5250,30.649469,104.079517,True
17667,1,4936,30.695912,104.014191,5499,30.670855,104.021049,True
17679,1,4938,30.684664,104.092175,5716,30.688074,104.051569,True
17687,1,4940,30.653189,104.0602,5243,30.653079,104.060095,True
17691,1,4940,30.679593,104.097195,6007,30.669252,104.026562,True
17693,1,4940,30.614366,104.053293,5157,30.614613,104.06731,True
17694,1,4940,30.683369,104.091379,5511,30.678567,104.055487,True
17695,1,4940,30.67087,103.991212,6074,30.671837,104.070917,True
17709,1,4943,30.676671,104.00529,5615,30.661384,103.989702,True
17728,1,4947,30.702998,104.038755,5880,30.652245,104.056864,True
17735,1,4950,30.621402,104.018195,4958,30.622175,104.018809,True
17738,1,4950,30.637542,104.106642,5678,30.653883,104.110772,True
17745,1,4953,30.702908,104.096724,4971,30.68986,104.088674,True
17754,1,4954,30.646111,104.053992,5427,30.659313,104.034303,True
17756,1,4954,30.668171,104.040494,5658,30.70792,104.079111,True
17773,1,4958,30.63682,104.053784,5189,30.645053,104.06288,True
17776,1,4958,30.60319,104.063556,5659,30.645276,104.075169,True
17784,1,4961,30.644831,104.05916,5281,30.645093,104.074962,True
17788,1,4961,30.663521,104.101723,5930,30.652008,104.070919,True
17789,1,4961,30.665805,104.080438,6073,30.704534,104.01426,True
17792,1,4962,30.663686,104.11824,5356,30.679078,104.121588,True
17797,1,4964,30.610804,104.07213,5675,30.636048,104.128336,True
17805,1,4967,30.682267,104.036925,5351,30.664229,104.044304,True
17808,1,4968,30.674759,104.059385,5126,30.679042,104.069572,True
17809,1,4968,30.623179,104.019649,4979,30.624407,104.020723,True
17819,1,4971,30.65718,104.091393,5285,30.672154,104.077331,True
17824,1,4972,30.605404,104.080775,5386,30.616281,104.069229,True
17843,1,4976,30.665536,103.993725,6129,30.676743,104.071022,True
17846,1,4976,30.645563,104.106455,5538,30.627688,104.141446,True
17849,1,4976,30.655819,104.087424,9440,30.608589,104.058674,True
17859,1,4978,30.673001,104.021223,5619,30.63864,104.013912,True
17876,1,4982,30.636504,104.100631,5330,30.626028,104.093935,True
17889,1,4986,30.636731,104.130243,5417,30.629464,104.1421,True
17896,1,4988,30.640292,104.149721,4996,30.640607,104.149817,True
17901,1,4990,30.661614,104.092182,5703,30.666974,104.039408,True
17910,1,4992,30.653714,104.117061,5125,30.65757,104.125827,True
17913,1,4994,30.632578,104.095575,5445,30.623746,104.076406,True
17921,1,4995,30.613582,104.057431,5387,30.64105,104.05704,True
17922,1,4995,30.602443,104.105024,5830,30.655691,104.099696,True
17930,1,4996,30.710219,104.092471,5863,30.704712,104.014558,True
17936,1,4997,30.65253,104.111007,5747,30.626769,104.076737,True
17939,1,4998,30.625188,104.058088,5231,30.640377,104.058238,True
17947,1,4999,30.636761,104.130148,6017,30.655468,104.072412,True
17954,1,5000,30.68369,104.084195,5588,30.705532,104.103769,True
17957,1,5001,30.670102,104.062579,5227,30.662015,104.060667,True
17966,1,5003,30.665619,104.021269,6009,30.632988,104.094104,True
17972,1,5003,30.627055,104.0893,5829,30.630224,104.14248,True
17996,1,5008,30.634026,104.058612,5185,30.643814,104.060692,True
18008,1,5011,30.663129,104.088528,5516,30.649292,104.065933,True
18010,1,5012,30.670663,104.113873,5987,30.695619,104.073187,True
18018,1,5015,30.624629,104.102665,6035,30.626497,104.154209,True
18032,1,5020,30.647604,104.088479,5493,30.634436,104.108417,True
18036,1,5020,30.714484,104.168037,5741,30.683941,104.100591,True
18044,1,5021,30.673123,104.001329,6068,30.629683,104.065672,True
18052,1,5023,30.612281,104.074409,5194,30.608823,104.067748,True
18054,1,5023,30.652281,104.092571,6026,30.673749,103.99985,True
18068,1,5026,30.708673,104.063753,6409,30.637834,104.062311,True
18070,1,5027,30.684347,104.052552,5347,30.685301,104.072939,True
18072,1,5027,30.679866,104.088612,5477,30.644696,104.074837,True
18074,1,5028,30.627106,104.063913,5468,30.61651,104.078638,True
18085,1,5031,30.667301,104.069495,5824,30.650986,104.109812,True
18087,1,5031,30.665358,104.00704,5221,30.671323,104.013632,True
18099,1,5032,30.666102,104.073888,5102,30.666152,104.073801,True
18101,1,5033,30.689931,104.029655,5362,30.68983,104.032388,True
18110,1,5035,30.711569,104.01181,6035,30.662237,104.022178,True
18119,1,5038,30.654986,104.104946,5668,30.633027,104.094136,True
18122,1,5039,30.665532,104.024975,6152,30.695381,104.072887,True
18141,1,5043,30.677171,104.093948,5728,30.684253,104.028053,True
18142,1,5043,30.701928,104.093996,5631,30.695752,104.073005,True
18147,1,5044,30.616386,104.071159,5469,30.634416,104.041679,True
18158,1,5046,30.623696,104.07176,5733,30.658854,104.060877,True
18159,1,5046,30.61347,104.057637,5369,30.629591,104.065522,True
18161,1,5046,30.640341,104.01914,5600,30.63456,104.034486,True
18163,1,5046,30.649546,104.07959,5845,30.640012,104.055741,True
18164,1,5046,30.648457,104.061698,5695,30.629377,104.077338,True
18165,1,5046,30.673868,104.092645,5368,30.649088,104.07578,True
18176,1,5048,30.706655,104.04077,6324,30.695633,104.07373,True
18178,1,5048,30.687688,104.076671,5971,30.703684,104.0215,True
18179,1,5048,30.682695,104.039897,5651,30.704724,104.014551,True
18195,1,5053,30.694659,104.071607,6108,30.644447,104.075009,True
18200,1,5054,30.649369,104.057672,5786,30.666381,104.056214,True
18218,1,5058,30.655468,104.083337,5299,30.653284,104.076877,True
18228,1,5060,30.647311,104.022457,5948,30.636033,104.127649,True
18231,1,5061,30.702267,104.103318,5180,30.705338,104.103722,True
18270,1,5069,30.63807,104.045822,5766,30.616536,104.079505,True
18276,1,5070,30.679624,103.989142,6130,30.639444,104.066236,True
18277,1,5070,30.69093,104.091963,5726,30.699124,104.037741,True
18285,1,5071,30.677884,104.092803,5213,30.668121,104.088394,True
18297,1,5073,30.653146,104.078296,5313,30.644939,104.075927,True
18301,1,5074,30.693707,104.038838,5648,30.658389,104.07753,True
18304,1,5075,30.644208,104.081057,5931,30.638727,104.139908,True
18306,1,5075,30.687275,104.022809,5359,30.691869,104.031452,True
18317,1,5077,30.695902,104.072769,5235,30.695987,104.072834,True
18342,1,5083,30.656067,104.121404,5684,30.69511,104.057862,True
18350,1,5085,30.714564,104.046835,5724,30.694505,104.069403,True
18352,1,5085,30.630353,104.145938,6843,30.694879,104.073452,True
18380,1,5090,30.693852,104.012792,6156,30.648812,104.113442,True
18381,1,5090,30.691252,104.015944,5144,30.689322,104.018997,True
18387,1,5091,30.639257,104.066765,5445,30.670853,104.063784,True
18430,1,5100,30.707442,103.995049,5120,30.707177,103.995478,True
18437,1,5101,30.639233,104.102481,5392,30.649293,104.088075,True
18443,1,5103,30.651855,104.017385,5930,30.663485,104.069848,True
18450,1,5104,30.668892,104.030032,5871,30.70584,104.010475,True
18451,1,5104,30.671263,104.077489,5287,30.670241,104.076792,True
18456,1,5105,30.663613,104.06882,5433,30.682853,104.083586,True
18465,1,5107,30.712445,104.094578,5943,30.644425,104.074924,True
18480,1,5111,30.687843,104.026922,5697,30.688268,104.020046,True
18483,1,5111,30.673994,104.021602,5423,30.655434,104.008419,True
18497,1,5116,30.622102,104.044506,5881,30.698128,104.044725,True
18501,1,5117,30.638335,104.107467,5375,30.65098,104.121279,True
18503,1,5117,30.630536,104.014921,6004,30.663665,104.040963,True
18505,1,5117,30.650836,104.12454,5336,30.651488,104.125146,True
18514,1,5119,30.61637,104.103802,5879,30.629866,104.141798,True
18516,1,5119,30.682022,104.10933,5578,30.65726,104.111114,True
18552,1,5125,30.692836,104.042833,5433,30.662945,104.040625,True
18567,1,5128,30.651679,104.089284,5753,30.667198,104.052243,True
18568,1,5129,30.671206,104.075239,5677,30.6766,104.11329,True
18569,1,5129,30.658281,104.067602,5466,30.682523,104.083831,True
18573,1,5130,30.709503,104.019114,6322,30.682763,104.08363,True
18574,1,5130,30.61079,104.07744,6150,30.705185,104.103612,True
18580,1,5131,30.618649,104.044074,6359,30.687115,104.098608,True
18586,1,5132,30.668009,104.099719,5598,30.658979,104.080675,True
18588,1,5132,30.694724,104.01934,5929,30.673481,104.043826,True
18591,1,5133,30.641764,103.993825,5479,30.630908,104.001319,True
18592,1,5134,30.637736,104.054402,5676,30.664116,104.051334,True
18609,1,5138,30.617909,104.103651,6409,30.600788,104.103056,True
18614,1,5139,30.682982,104.083626,5656,30.695519,104.066516,True
18615,1,5140,30.71164,104.078717,6258,30.630174,104.141962,True
18618,1,5141,30.643036,104.078864,5846,30.615602,104.045111,True
18624,1,5142,30.697628,104.02737,5514,30.70461,104.014307,True
18629,1,5144,30.600389,104.104806,5727,30.622775,104.080212,True
18631,1,5144,30.602983,104.147531,5447,30.612939,104.157446,True
18638,1,5144,30.684341,104.091847,5807,30.659955,104.064242,True
18643,1,5145,30.608101,104.053296,6546,30.682045,104.08477,True
18644,1,5145,30.665601,104.047328,5755,30.652915,104.013508,True
18654,1,5147,30.617736,104.131266,5733,30.634947,104.110958,True
18668,1,5150,30.651596,104.114787,6000,30.664609,104.164188,True
18669,1,5151,30.695462,104.072589,6049,30.686825,104.035795,True
18670,1,5151,30.68565,104.058205,6047,30.615622,104.04487,True
18679,1,5153,30.648889,104.09178,6395,30.645039,104.022049,True
18680,1,5153,30.675645,103.996231,6163,30.638409,104.066382,True
18681,1,5153,30.701158,104.092291,5788,30.691606,104.048997,True
18687,1,5154,30.627961,104.024445,6740,30.695981,104.072964,True
18692,1,5155,30.637297,104.063631,5499,30.64509,104.074886,True
18693,1,5155,30.631913,104.030742,6168,30.694799,104.073402,True
18710,1,5159,30.655658,104.08117,5982,30.693913,104.066284,True
18726,1,5162,30.653,104.065777,6264,30.699829,104.10477,True
18740,1,5164,30.707463,104.046491,5792,30.675939,104.051051,True
18749,1,5166,30.632439,103.992686,6373,30.626604,104.137393,True
18750,1,5167,30.6956,104.037115,5514,30.704663,104.01447,True
18753,1,5168,30.651641,104.057776,6117,30.630286,104.141842,True
18762,1,5170,30.667689,104.100059,6456,30.639559,104.066275,True
18766,1,5171,30.710262,103.982652,6666,30.636147,104.048677,True
18768,1,5173,30.640389,104.105054,5386,30.644312,104.096082,True
18771,1,5173,30.648199,104.120866,6456,30.651746,104.040692,True
18800,1,5181,30.701753,104.045438,5964,30.694772,104.073147,True
18819,1,5186,30.700872,104.045262,5650,30.662722,104.040755,True
18833,1,5189,30.651242,104.104005,6015,30.671057,104.138955,True
18834,1,5189,30.689273,104.107521,5688,30.674697,104.077955,True
18851,1,5192,30.659699,104.094007,5906,30.686075,104.107568,True
18865,1,5194,30.669985,104.081466,6214,30.644449,104.049489,True
18871,1,5196,30.624481,104.050355,5984,30.651997,104.097428,True
18878,1,5197,30.637518,104.059442,5780,30.645115,104.075278,True
18883,1,5198,30.706331,104.097013,5548,30.70002,104.102815,True
18891,1,5199,30.670933,104.109858,5497,30.655811,104.10821,True
18893,1,5200,30.685881,104.064946,6000,30.682346,104.10962,True
18897,1,5200,30.703886,104.011755,5540,30.711813,104.036912,True
18910,1,5202,30.645132,104.124416,6098,30.666014,104.054353,True
18932,1,5205,30.671194,104.124345,6123,30.619237,104.127708,True
18937,1,5206,30.677483,104.083656,6369,30.644599,104.028188,True
18942,1,5207,30.624451,104.028423,5741,30.644589,104.05882,True
18946,1,5208,30.607248,104.128797,6874,30.679101,104.056003,True
18947,1,5208,30.650086,104.011294,5574,30.648608,103.986089,True
18949,1,5208,30.655656,104.120448,6543,30.624306,103.997612,True
18952,1,5208,30.675777,104.003166,5702,30.666806,104.037166,True
18962,1,5210,30.605253,104.130084,6404,30.646548,104.059643,True
18963,1,5211,30.662969,104.085466,5873,30.694806,104.073301,True
18969,1,5212,30.640334,104.052801,6173,30.666834,104.103749,True
18986,1,5216,30.645675,104.106527,6146,30.679673,104.057062,True
18994,1,5218,30.637609,104.054304,5675,30.644454,104.075112,True
18996,1,5218,30.682354,103.990764,5604,30.693959,104.012314,True
18998,1,5218,30.665622,104.02644,6320,30.629543,104.079281,True
19002,1,5219,30.639539,104.118465,5504,30.653045,104.089733,True
19004,1,5219,30.656685,104.021687,5876,30.687218,104.098381,True
19011,1,5221,30.625798,104.047426,6320,30.695783,104.072954,True
19020,1,5222,30.632018,104.137636,6355,30.684062,104.03321,True
19022,1,5223,30.626128,104.100406,5891,30.659658,104.086851,True
19036,1,5227,30.644054,104.047357,6208,30.695517,104.073822,True
19051,1,5230,30.68082,104.029653,6048,30.682072,104.084174,True
19052,1,5230,30.64568,104.105127,5658,30.623065,104.105151,True
19074,1,5234,30.702301,104.072945,6739,30.63604,104.127633,True
19075,1,5234,30.656739,104.075838,6334,30.648432,104.030071,True
19078,1,5234,30.66777,104.035807,6130,30.681986,104.08428,True
19081,1,5235,30.642524,104.066233,5450,30.642413,104.073383,True
19085,1,5235,30.646238,104.038559,6444,30.704485,104.014054,True
19087,1,5236,30.614197,104.053724,6444,30.662589,104.028686,True
19088,1,5236,30.642283,104.042378,5959,30.62198,104.103906,True
19092,1,5237,30.679147,104.006232,5874,30.662475,104.040716,True
19095,1,5237,30.682898,104.115937,6799,30.654387,103.998501,True
19096,1,5238,30.684119,104.093029,5869,30.64497,104.107044,True
19098,1,5238,30.702246,104.046306,5719,30.683202,104.065057,True
19100,1,5238,30.645585,104.099126,6072,30.678818,104.069748,True
19110,1,5240,30.666512,104.100689,5839,30.639318,104.119054,True
19115,1,5241,30.656388,104.093355,6261,30.606649,104.117965,True
19118,1,5242,30.673224,104.136592,6122,30.694894,104.07587,True
19120,1,5243,30.638239,104.066342,6421,30.630437,104.001132,True
19124,1,5244,30.67189,104.01317,5792,30.67249,103.989311,True
19125,1,5244,30.613591,104.057641,6037,30.655004,104.107904,True
19135,1,5246,30.664761,104.011962,5964,30.653625,104.058951,True
19142,1,5247,30.631161,104.044499,5428,30.617093,104.040919,True
19150,1,5249,30.64858,104.080907,6330,30.635588,104.021869,True
19155,1,5251,30.637387,104.067239,6447,30.70069,104.08986,True
19164,1,5252,30.693868,104.01819,8291,30.678778,104.007325,True
19173,1,5254,30.667009,104.080547,6557,30.629493,104.141904,True
19183,1,5256,30.715469,104.111068,6117,30.682089,104.084951,True
19194,1,5257,30.626833,104.073597,6407,30.669759,104.121519,True
19197,1,5258,30.643967,104.080719,6698,30.63706,104.009241,True
19203,1,5259,30.64856,104.080909,6512,30.69575,104.066539,True
19204,1,5259,30.635651,104.080158,6133,30.678148,104.116137,True
19209,1,5260,30.633626,104.066888,5814,30.645456,104.028263,True
19213,1,5261,30.705455,104.103328,18727,30.698484,104.045242,True
19222,1,5262,30.63779,104.053083,6533,30.626224,104.143925,True
19239,1,5266,30.658693,104.08841,5377,30.663705,104.085975,True
19240,1,5266,30.615768,104.071993,5694,30.643562,104.077026,True
19244,1,5268,30.652795,104.066093,5627,30.647485,104.072273,True
19248,1,5269,30.673499,104.068793,6029,30.69587,104.073008,True
19254,1,5270,30.641768,104.014124,5417,30.637581,104.022499,True
19260,1,5270,30.673449,104.123215,6689,30.67312,104.123207,True
19261,1,5271,30.650121,104.089698,6035,30.630021,104.142369,True
19268,1,5272,30.65736,104.110822,6385,30.652445,104.056601,True
19277,1,5274,30.652766,104.073373,6078,30.610973,104.105657,True
19280,1,5274,30.699322,104.057515,5891,30.659007,104.050605,True
19281,1,5274,30.699374,104.096587,6072,30.644597,104.105764,True
19288,1,5275,30.685459,104.018486,6258,30.694096,104.073097,True
19293,1,5276,30.65087,104.029435,5637,30.663694,104.040879,True
19303,1,5279,30.662334,104.025221,6061,30.672546,104.071488,True
19313,1,5281,30.6603,104.094715,5877,30.678693,104.081034,True
19315,1,5282,30.611839,104.094534,5592,30.629275,104.076515,True
19328,1,5284,30.673922,104.056315,5804,30.682472,104.082858,True
19340,1,5287,30.686244,104.089294,5709,30.685533,104.075228,True
19346,1,5288,30.614245,104.14328,5388,30.623883,104.147108,True
19352,1,5289,30.608493,104.069503,5450,30.610508,104.067197,True
19355,1,5289,30.711033,104.000399,6367,30.702657,104.072531,True
19377,1,5295,30.633075,104.030521,6699,30.695225,104.072948,True
19383,1,5296,30.711007,103.995355,6118,30.650825,103.995887,True
19388,1,5297,30.685998,104.043174,6066,30.639885,104.066262,True
19391,1,5297,30.629104,104.048732,5841,30.629087,104.076882,True
19394,1,5298,30.6085,104.049293,7623,30.710903,104.025459,True
19396,1,5299,30.641251,104.094727,5660,30.637767,104.087092,True
19401,1,5299,30.695521,104.072767,6704,30.63018,104.142032,True
19403,1,5299,30.617956,104.103123,5877,30.632636,104.094763,True
19416,1,5303,30.628909,104.152462,5543,30.626097,104.144053,True
19424,1,5307,30.668299,104.056084,5507,30.657831,104.064212,True
19428,1,5308,30.715246,104.112965,6048,30.667807,104.107305,True
19433,1,5309,30.628322,104.119097,6074,30.704079,104.103687,True
19436,1,5309,30.675278,104.0817,6062,30.700508,104.079381,True
19447,1,5311,30.683012,104.097699,5579,30.671017,104.09042,True
19453,1,5312,30.689243,104.031035,5653,30.68879,104.015551,True
19455,1,5312,30.679329,104.088626,6276,30.629517,104.142857,True
19467,1,5316,30.664933,104.046734,5641,30.66993,104.063549,True
19469,1,5316,30.647636,104.07844,5952,30.650121,104.114664,True
19490,1,5321,30.68822,104.051518,6059,30.694464,104.012631,True
19496,1,5322,30.700814,104.038589,6039,30.696925,104.069373,True
19499,1,5323,30.704285,104.011861,7047,30.695798,104.073014,True
19503,1,5324,30.669939,104.121906,6231,30.616469,104.040413,True
19511,1,5325,30.670917,104.027648,6309,30.676243,104.040864,True
19514,1,5326,30.601003,104.098183,5971,30.629166,104.066885,True
19524,1,5327,30.618803,104.057315,6065,30.676834,104.059065,True
19527,1,5328,30.678379,104.118625,6398,30.695199,104.073704,True
19530,1,5329,30.613268,104.005457,7571,30.69581,104.073035,True
19536,1,5330,30.638322,104.034767,6629,30.629591,104.154707,True
19539,1,5331,30.656468,104.098862,5707,30.640115,104.105143,True
19550,1,5333,30.706307,104.050737,5846,30.694433,104.067838,True
19556,1,5334,30.691494,104.057371,5686,30.666961,104.040804,True
19566,1,5336,30.657594,104.100685,6574,30.616617,104.040636,True
19577,1,5336,30.674625,104.005568,5695,30.660735,103.995399,True
19587,1,5340,30.704399,104.01178,6099,30.651586,103.995808,True
19600,1,5341,30.675164,103.998178,6064,30.645116,104.013536,True
19608,1,5342,30.662142,104.074867,5967,30.672087,104.076046,True
19610,1,5343,30.709995,104.071217,6155,30.696434,104.057424,True
19619,1,5345,30.709756,104.025613,6577,30.694832,104.07347,True
19622,1,5346,30.682607,104.10978,6174,30.675676,104.070253,True
19630,1,5348,30.649951,104.124794,5702,30.638749,104.142124,True
19635,1,5348,30.669147,104.075552,6038,30.634016,104.076879,True
19639,1,5349,30.640628,104.103701,5856,30.614415,104.123208,True
19647,1,5350,30.679792,104.034015,6250,30.702745,104.072687,True
19651,1,5351,30.69058,104.073212,5947,30.665988,104.078351,True
19655,1,5353,30.61529,104.136474,6422,30.652451,104.086856,True
19658,1,5353,30.647124,104.087956,5934,30.66709,104.067737,True
19661,1,5355,30.625194,104.071175,6470,30.667802,104.120334,True
19664,1,5355,30.655598,104.099481,5531,30.649071,104.097827,True
19679,1,5359,30.645016,104.022289,6426,30.704718,104.014547,True
19682,1,5360,30.642387,104.057482,5944,30.625912,104.094084,True
19686,1,5361,30.629029,104.071391,5897,30.652584,104.086983,True
19690,1,5362,30.703961,104.012045,6798,30.636324,104.032573,True
19692,1,5362,30.60103,104.098199,5436,30.603016,104.100121,True
19704,1,5365,30.713615,104.060069,6743,30.609582,104.066853,True
19707,1,5366,30.685952,104.029778,5831,30.662525,104.01687,True
19720,1,5369,30.643215,104.016229,6848,30.661606,104.108879,True
19732,1,5371,30.653071,104.071726,5603,30.649094,104.066886,True
19733,1,5371,30.714476,104.041279,5546,30.718167,104.032232,True
19750,1,5374,30.69341,104.170239,6332,30.668101,104.088361,True
19756,1,5376,30.687939,104.117057,5774,30.6867,104.089784,True
19759,1,5376,30.691458,104.050936,5707,30.711653,104.037022,True
19761,1,5377,30.652129,104.143268,6070,30.647031,104.102637,True
19763,1,5377,30.672404,104.043092,6137,30.692427,104.073478,True
19765,1,5377,30.61298,104.091156,5976,30.644674,104.075062,True
19773,1,5378,30.625533,104.094149,5721,30.61814,104.102187,True
19784,1,5380,30.654255,104.11087,5784,30.65933,104.087258,True
19786,1,5380,30.668373,104.075644,5468,30.670689,104.066065,True
19795,1,5383,30.628584,104.076516,5658,30.644072,104.075339,True
19804,1,5385,30.671325,104.067101,6016,30.694934,104.073544,True
19808,1,5386,30.64548,104.041206,5743,30.616833,104.040688,True
19811,1,5386,30.639224,104.073516,5559,30.629654,104.065963,True
19817,1,5388,30.628377,104.053061,5751,30.644125,104.062658,True
19820,1,5389,30.681103,104.060612,6141,30.670255,104.021667,True
19822,1,5389,30.611942,104.066639,6250,30.676696,104.070964,True
19825,1,5390,30.611926,104.067202,5555,30.610206,104.07744,True
19836,1,5392,30.705147,104.094142,6359,30.63606,104.127901,True
19841,1,5393,30.655277,104.042672,5938,30.644616,104.074956,True
19859,1,5398,30.638663,104.035528,5920,30.621575,104.016063,True
19868,1,5399,30.602053,104.102912,5940,30.632986,104.076262,True
19880,1,5402,30.603063,104.100867,5702,30.622141,104.096023,True
19881,1,5403,30.63888,104.014635,6083,30.625229,104.076352,True
19892,1,5405,30.61688,104.105231,6468,30.629796,104.022495,True
19894,1,5406,30.639651,104.034548,5867,30.665436,104.041585,True
19908,1,5410,30.692283,104.014434,6004,30.658709,104.021348,True
19914,1,5411,30.712576,104.066936,5455,30.710252,104.06669,True
19915,1,5412,30.622782,104.098045,6130,30.626332,104.144051,True
19916,1,5412,30.661001,104.007347,6206,30.691313,104.050137,True
19922,1,5413,30.699172,104.046779,5993,30.67909,104.069559,True
19923,1,5414,30.633129,104.035209,6645,30.624043,104.066614,True
19928,1,5415,30.644771,104.050352,5935,30.601101,104.025347,True
19934,1,5416,30.633272,104.058969,5823,30.643806,104.065876,True
19939,1,5417,30.679225,104.088579,6709,30.630088,104.141942,True
19948,1,5419,30.624878,103.984493,5488,30.62682,103.981826,True
19952,1,5420,30.669335,104.048415,6051,30.702009,104.044523,True
19960,1,5421,30.640062,104.088455,5928,30.6578,104.088104,True
19961,1,5421,30.627982,103.995951,9568,30.645172,104.062505,True
19965,1,5422,30.687483,104.016935,6374,30.662365,104.072372,True
19967,1,5422,30.655681,104.087554,6039,30.703027,104.105868,True
19974,1,5424,30.639237,104.079406,6339,30.679,104.043102,True
19988,1,5426,30.663211,104.05621,5571,30.663384,104.046182,True
19991,1,5426,30.659189,104.091821,6159,30.63048,104.142064,True
19994,1,5428,30.678829,104.036329,5758,30.672815,104.009891,True
19996,1,5428,30.667123,104.066263,6012,30.644441,104.074949,True
19998,1,5429,30.639557,104.033121,6206,30.637108,104.071911,True
20003,1,5430,30.654601,104.0014,6244,30.643804,104.02644,True
20004,1,5430,30.648707,104.074717,5875,30.648759,104.074727,True
20014,1,5431,30.690061,104.014014,5712,30.705114,104.017785,True
20020,1,5431,30.609286,104.131116,6170,30.636521,104.127871,True
20021,1,5431,30.635196,104.066376,6423,30.694645,104.073428,True
20025,1,5432,30.623853,104.057733,5988,30.655519,104.072229,True
20036,1,5434,30.625015,104.0217,6004,30.608494,104.041799,True
20037,1,5435,30.694312,104.078269,6095,30.710142,104.066892,True
20039,1,5435,30.63759,104.040172,5851,30.62707,104.050669,True
20051,1,5438,30.606482,104.039507,6106,30.653524,104.058999,True
20058,1,5439,30.659569,104.093818,5693,30.667672,104.098821,True
20062,1,5440,30.674961,104.030877,5696,30.668295,104.04346,True
20063,1,5440,30.661612,104.092062,6797,30.637574,104.039104,True
20065,1,5440,30.657761,104.084893,5614,30.650534,104.080077,True
20071,1,5441,30.609796,104.080934,5860,30.643274,104.092094,True
20073,1,5441,30.690858,104.051043,5659,30.700869,104.041298,True
20077,1,5443,30.703214,104.022817,6650,30.639349,104.066252,True
20080,1,5444,30.670393,104.074583,5615,30.675295,104.061621,True
20091,1,5445,30.662277,104.070973,5970,30.682153,104.084875,True
20124,1,5451,30.629472,104.067865,5751,30.612044,104.071633,True
20132,1,5453,30.671414,104.032692,5964,30.678137,104.070327,True
20147,1,5457,30.700313,104.103352,5684,30.682783,104.099679,True
20150,1,5457,30.639524,104.054313,6169,30.660643,104.086209,True
20154,1,5458,30.620948,104.108451,6178,30.639569,104.066578,True
20157,1,5458,30.695412,104.07086,6498,30.682797,104.130512,True
20167,1,5460,30.618037,104.129444,5736,30.629893,104.141853,True
20178,1,5463,30.613431,104.092361,6456,30.66422,104.102959,True
20190,1,5464,30.639783,104.004338,6021,30.63254,104.034281,True
20196,1,5465,30.695457,104.011189,6292,30.650834,103.995971,True
20197,1,5465,30.706409,104.000854,6242,30.66765,104.05593,True
20198,1,5466,30.646498,104.106986,6371,30.665966,104.041286,True
20205,1,5468,30.655869,104.099637,5797,30.645202,104.094249,True
20211,1,5468,30.685841,104.04279,6293,30.644681,104.05849,True
20221,1,5470,30.647089,104.037102,6792,30.694277,104.080177,True
20241,1,5474,30.625435,104.075985,5774,30.616669,104.079116,True
20246,1,5474,30.638319,104.017937,7026,30.695684,104.072991,True
20247,1,5474,30.656398,104.063332,5736,30.652982,104.069301,True
20248,1,5474,30.662392,104.027981,6201,30.644577,104.074873,True
20257,1,5476,30.641701,104.034124,5851,30.662554,104.017178,True
20258,1,5476,30.675763,104.090216,6057,30.662214,104.097753,True
20259,1,5476,30.667783,104.090619,6832,30.635535,104.010791,True
20264,1,5476,30.628843,104.137829,6302,30.654697,104.073701,True
20271,1,5477,30.672451,104.007403,5840,30.66478,104.036855,True
20282,1,5478,30.625456,104.076598,6137,30.643445,104.061394,True
20290,1,5480,30.696967,104.026482,5638,30.694053,104.018503,True
20293,1,5481,30.637947,104.100951,5841,30.624685,104.096362,True
20309,1,5485,30.662636,104.031887,6195,30.633396,104.066314,True
20321,1,5488,30.625427,104.04559,5987,30.637952,104.107114,True
20322,1,5488,30.698443,104.029103,5923,30.694519,104.012629,True
20324,1,5488,30.693622,104.046331,6633,30.602649,104.045577,True
20326,1,5489,30.642809,104.073259,6223,30.682192,104.084905,True
20327,1,5489,30.650851,104.027034,6224,30.643003,104.086285,True
20333,1,5490,30.668786,104.032413,5992,30.690772,103.980008,True
20334,1,5490,30.643473,104.091644,6158,30.608933,104.059366,True
20335,1,5490,30.637282,104.027596,6431,30.645144,104.075178,True
20338,1,5491,30.605127,104.041448,6208,30.633111,104.066495,True
20343,1,5491,30.706937,104.048828,6376,30.694724,104.073067,True
20370,1,5498,30.703526,104.094761,5764,30.705137,104.103545,True
20373,1,5498,30.605252,104.130048,6149,30.622475,104.098928,True
20374,1,5498,30.633579,104.06638,5677,30.635256,104.059009,True
20377,1,5499,30.613314,103.986967,6939,30.636007,104.127677,True
20378,1,5499,30.679267,104.072023,6031,30.659956,104.06769,True
20383,1,5501,30.652008,104.007972,6281,30.667057,104.046233,True
20384,1,5501,30.611519,104.14153,5798,30.604524,104.132908,True
20387,1,5501,30.68093,104.140635,6308,30.627914,104.141498,True
20393,1,5502,30.635584,104.058011,5807,30.641113,104.073384,True
20395,1,5503,30.701176,104.080986,5525,30.697447,104.081491,True
20396,1,5504,30.64583,104.118873,6016,30.672951,104.110147,True
20401,1,5505,30.608385,104.081349,5648,30.615562,104.079577,True
20403,1,5505,30.638946,104.066298,5693,30.638097,104.057819,True
20437,1,5512,30.698749,104.028765,5869,30.703403,104.042814,True
20438,1,5512,30.62801,104.138504,6632,30.670886,104.056849,True
20442,1,5513,30.684446,104.103694,5864,30.67621,104.090963,True
20448,1,5513,30.680853,104.087069,6307,30.663137,104.040609,True
20469,1,5516,30.666914,104.129856,5537,30.666496,104.129264,True
20480,1,5520,30.634575,104.08498,5981,30.616497,104.079372,True
20489,1,5521,30.6903,104.044441,6632,30.654522,104.106644,True
20496,1,5522,30.632125,104.031066,6852,30.69489,104.07325,True
20497,1,5522,30.638672,104.066644,5922,30.647715,104.056029,True
20518,1,5526,30.63949,104.107805,5799,30.636011,104.127659,True
20528,1,5527,30.686503,104.073465,6570,30.656602,104.075844,True
20543,1,5530,30.655943,104.121136,5988,30.636012,104.127766,True
20556,1,5533,30.611686,104.061531,5860,30.602919,104.060693,True
20569,1,5535,30.703768,104.102104,6130,30.65733,104.108151,True
20574,1,5536,30.631913,104.044758,6826,30.696548,104.018356,True
20576,1,5536,30.624209,104.09775,5746,30.639262,104.098724,True
20577,1,5536,30.668344,104.100106,6619,30.662999,104.040695,True
20591,1,5539,30.652451,104.111598,5997,30.65872,104.07538,True
20596,1,5541,30.673737,104.135724,6157,30.626132,104.143968,True
20606,1,5543,30.690712,104.037456,6276,30.681937,104.084397,True
20613,1,5545,30.716867,104.167725,7259,30.659689,104.079824,True
20616,1,5545,30.663356,104.079072,6026,30.673205,104.057421,True
20617,1,5546,30.690366,104.066212,6805,30.702249,104.066403,True
20618,1,5546,30.648781,103.993056,6536,30.675736,104.050654,True
20619,1,5546,30.704796,104.037434,5776,30.692648,104.042389,True
20622,1,5547,30.710402,104.042752,6948,30.62752,104.142074,True
20633,1,5549,30.631901,104.148131,6035,30.647733,104.134504,True
20636,1,5549,30.647911,104.014106,6999,30.69563,104.073824,True
20639,1,5550,30.650072,104.101823,5973,30.627313,104.100152,True
20640,1,5550,30.707392,104.044797,6271,30.684451,104.072815,True
20646,1,5551,30.693154,104.057419,6273,30.663654,104.072391,True
20649,1,5552,30.708602,104.019627,6331,30.667839,104.044699,True
20650,1,5552,30.683596,104.021258,6031,30.704768,104.014595,True
20655,1,5552,30.672675,104.058194,6220,30.696428,104.010417,True
20656,1,5553,30.651068,104.001926,6212,30.633582,104.026824,True
20657,1,5553,30.683796,104.08816,6399,30.650898,104.089237,True
20661,1,5553,30.695421,104.072632,7008,30.642811,104.080139,True
20666,1,5554,30.64419,104.033913,5743,30.633551,104.038356,True
20667,1,5554,30.635384,104.127418,6331,30.637964,104.091871,True
20674,1,5555,30.65972,104.06885,6334,30.694849,104.073288,True
20677,1,5555,30.625065,104.076509,5856,30.641928,104.079633,True
20688,1,5557,30.653575,104.110904,6219,30.649457,104.1449,True
20690,1,5558,30.707621,103.994325,5675,30.713621,103.996223,True
20692,1,5558,30.628089,104.026004,6240,30.65098,103.995864,True
20697,1,5559,30.657053,104.080701,5983,30.64921,104.066676,True
20701,1,5561,30.702648,104.063835,7385,30.606929,104.098516,True
20713,1,5563,30.659378,104.137971,6328,30.702097,104.105795,True
20723,1,5564,30.67438,104.044708,6991,30.669867,104.121464,True
20727,1,5564,30.624102,104.096756,6704,30.650994,103.995885,True
20734,1,5565,30.681404,104.042467,5839,30.681484,104.031555,True
20736,1,5565,30.615915,104.059041,5702,30.615348,104.067,True
20737,1,5565,30.691229,104.041005,5971,30.704666,104.014405,True
20747,1,5566,30.632869,104.10163,5971,30.651758,104.086577,True
20748,1,5567,30.711039,104.101942,6042,30.681621,104.11389,True
20752,1,5567,30.690186,104.095414,6214,30.644387,104.074531,True
20754,1,5568,30.67815,104.023742,6341,30.658256,104.069518,True
20758,1,5570,30.626893,104.099938,5837,30.635095,104.113422,True
20761,1,5570,30.636183,104.028631,6588,30.639548,104.066607,True
20766,1,5571,30.612192,104.053361,5757,30.606333,104.049259,True
20770,1,5571,30.602631,104.128745,6282,30.625675,104.094286,True
20776,1,5572,30.637628,104.043734,5756,30.633315,104.054918,True
20778,1,5572,30.658523,104.11962,5878,30.665917,104.107979,True
20780,1,5573,30.6714,104.112928,6216,30.67876,104.073997,True
20793,1,5574,30.662274,104.098717,6523,30.670608,104.02167,True
20796,1,5575,30.627949,104.000378,5723,30.635567,103.995232,True
20804,1,5576,30.670253,104.081441,6575,30.714916,104.076603,True
20806,1,5577,30.603285,104.126697,6757,30.636527,104.061429,True
20828,1,5582,30.663739,104.076751,5913,30.644404,104.074972,True
20829,1,5582,30.6653,104.077767,6090,30.628376,104.076302,True
20835,1,5583,30.658535,104.106164,6286,30.671156,104.07529,True
20842,1,5584,30.664434,104.101587,6151,30.653724,104.069795,True
20844,1,5584,30.662637,104.085172,5940,30.644585,104.07426,True
20846,1,5585,30.613777,103.990401,6206,30.641162,103.982161,True
20857,1,5587,30.667872,104.037105,5882,30.653962,104.028679,True
20860,1,5587,30.640089,104.097321,5952,30.647886,104.095563,True
20862,1,5587,30.639905,104.006066,6936,30.647591,104.094142,True
20863,1,5588,30.647101,104.090739,6087,30.660025,104.081359,True
20869,1,5589,30.71566,104.046091,5977,30.699139,104.025606,True
20870,1,5589,30.712765,104.036104,5889,30.719609,104.038781,True
20872,1,5589,30.687747,104.057684,6271,30.663574,104.073001,True
20874,1,5590,30.637338,104.038787,6063,30.663434,104.040601,True
20875,1,5590,30.680197,104.105995,6193,30.651502,104.103627,True
20877,1,5590,30.616271,104.068389,6227,30.667091,104.021986,True
20878,1,5591,30.65077,104.122932,6205,30.621279,104.131752,True
20904,1,5597,30.656093,104.054508,5904,30.663112,104.04058,True
20908,1,5599,30.694584,104.075804,6167,30.706982,104.096537,True
20914,1,5600,30.656876,104.123334,5880,30.66325,104.116727,True
20915,1,5600,30.709087,104.038843,14229,30.711991,104.036362,True
20917,1,5601,30.696277,104.171768,6742,30.662241,104.096753,True
20924,1,5602,30.682408,104.00416,6274,30.662255,104.040732,True
20925,1,5602,30.648145,104.075465,6118,30.644567,104.058524,True
20930,1,5603,30.66525,104.007171,6223,30.704232,104.013065,True
20934,1,5603,30.685808,104.113938,6501,30.65454,104.107515,True
20937,1,5604,30.688495,104.053438,6047,30.710097,104.041043,True
20960,1,5609,30.671322,104.040464,6397,30.663712,104.072351,True
20967,1,5610,30.664732,104.040825,6348,30.711202,104.036971,True
20969,1,5611,30.636261,104.128297,6067,30.613854,104.14308,True
20972,1,5612,30.653437,104.147651,6502,30.623709,104.102139,True
20994,1,5615,30.691213,104.048279,6130,30.685706,104.063346,True
20996,1,5616,30.648932,104.032515,5783,30.643852,104.025732,True
20997,1,5616,30.651136,104.062946,5899,30.625586,104.045109,True
21013,1,5619,30.685288,104.110775,6007,30.673425,104.110434,True
21014,1,5619,30.632523,104.04459,6586,30.704815,104.014695,True
21022,1,5620,30.639373,104.034631,6037,30.64869,104.055097,True
21041,1,5624,30.6491,104.041012,6369,30.678435,104.013594,True
21048,1,5625,30.677099,104.141485,7122,30.651713,104.065961,True
21056,1,5627,30.712604,104.064443,6388,30.719473,104.09153,True
21057,1,5627,30.678192,104.087557,5938,30.686445,104.073357,True
21061,1,5629,30.672388,103.994182,6223,30.662935,104.040618,True
21065,1,5630,30.664713,104.16417,5727,30.669154,104.164488,True
21068,1,5630,30.687074,104.012455,6289,30.710771,104.047102,True
21075,1,5632,30.700707,104.023012,7038,30.695666,104.073002,True
21082,1,5633,30.626944,104.134515,6024,30.636532,104.127756,True
21085,1,5633,30.671176,104.124398,6593,30.634318,104.077112,True
21088,1,5634,30.669783,104.053437,6681,30.62964,104.142148,True
21091,1,5635,30.649219,104.066801,5772,30.649421,104.067269,True
21097,1,5636,30.714796,104.167957,6872,30.667353,104.143219,True
21098,1,5636,30.62765,104.138409,7134,30.662215,104.022847,True
21100,1,5636,30.667166,104.075474,6373,30.662169,104.046856,True
21102,1,5636,30.631025,104.054279,6238,30.642832,104.073363,True
21108,1,5638,30.621526,104.10733,5893,30.624815,104.093827,True
21115,1,5640,30.713059,104.047802,6124,30.688835,104.054696,True
21116,1,5640,30.653487,104.052726,5822,30.663637,104.040856,True
21117,1,5640,30.637103,104.037433,6419,30.630476,104.078769,True
21121,1,5641,30.670226,104.062991,6431,30.695903,104.073003,True
21123,1,5642,30.702355,104.094115,6139,30.70028,104.11291,True
21130,1,5643,30.655107,104.090658,6071,30.642731,104.093485,True
21132,1,5643,30.617697,104.101769,5936,30.624769,104.095999,True
21142,1,5645,30.696571,104.018595,6271,30.669289,104.026391,True
21143,1,5646,30.665713,104.029004,6231,30.652217,104.008813,True
21153,1,5648,30.643857,104.064834,6944,30.695997,104.072975,True
21154,1,5648,30.704456,104.022376,5852,30.712676,104.014592,True
21166,1,5650,30.603595,104.00351,6245,30.639657,104.028545,True
21169,1,5651,30.709116,104.095829,6735,30.629543,104.142027,True
21170,1,5651,30.630246,104.106014,6258,30.653305,104.076256,True
21179,1,5653,30.641667,103.993244,6752,30.601854,103.998067,True
21180,1,5654,30.695295,104.069914,6480,30.690451,104.051048,True
21187,1,5655,30.686661,104.063003,6049,30.667192,104.040439,True
21191,1,5655,30.61899,104.043659,6406,30.639383,104.06626,True
21193,1,5655,30.678647,104.143058,7253,30.610975,104.104115,True
21196,1,5656,30.66933,104.028095,6616,30.625371,104.07644,True
21211,1,5659,30.670263,104.066997,6680,30.663798,104.023536,True
21214,1,5659,30.665014,104.122452,5697,30.665118,104.122316,True
21224,1,5662,30.637588,104.101602,6215,30.655874,104.121444,True
21227,1,5663,30.624027,104.050113,6378,30.662799,104.080999,True
21230,1,5663,30.617064,104.122424,5831,30.62481,104.117539,True
21232,1,5663,30.66625,104.029281,6512,30.68212,104.084539,True
21243,1,5665,30.67791,104.02466,6515,30.649284,104.066699,True
21256,1,5667,30.636777,104.061287,6304,30.663715,104.040848,True
21257,1,5668,30.660943,104.106155,5918,30.650809,104.09445,True
21258,1,5668,30.694417,104.071099,6725,30.705283,104.103635,True
21261,1,5669,30.654295,104.056748,5965,30.646517,104.064328,True
21269,1,5671,30.657345,104.124365,6728,30.645338,104.075516,True
21270,1,5671,30.676051,104.090147,6448,30.658535,104.066923,True
21280,1,5673,30.712041,103.986129,6715,30.670465,104.060338,True
21296,1,5676,30.630474,104.026227,6581,30.639276,104.084853,True
21302,1,5677,30.607451,104.004875,6986,30.671038,104.060061,True
21313,1,5679,30.670232,104.107673,6461,30.694369,104.066471,True
21320,1,5681,30.651577,104.143221,6902,30.626077,104.094132,True
21327,1,5683,30.672923,104.057274,6009,30.663839,104.065604,True
21328,1,5683,30.68476,104.026701,5879,30.688149,104.026196,True
21331,1,5683,30.669516,104.008867,5949,30.678846,104.007025,True
21332,1,5684,30.670648,104.114164,6799,30.662711,104.040844,True
21337,1,5684,30.607767,104.116741,6473,30.634503,104.077958,True
21343,1,5685,30.610097,103.994484,6220,30.616139,104.014961,True
21358,1,5688,30.633459,104.041169,6586,30.667196,104.088355,True
21368,1,5690,30.669197,104.027157,6575,30.659287,104.088167,True
21369,1,5690,30.707524,104.040056,6110,30.70153,104.00805,True
21370,1,5691,30.636105,104.128082,7015,30.681924,104.030778,True
21371,1,5691,30.604869,104.006946,8861,30.618038,103.984957,True
21390,1,5697,30.654634,104.106807,6167,30.669095,104.119947,True
21393,1,5697,30.708246,104.096196,5705,30.70788,104.096024,True
21395,1,5697,30.647466,104.118822,6891,30.643333,104.061623,True
21406,1,5699,30.677407,104.041987,6787,30.644563,104.074604,True
21411,1,5700,30.646428,103.982648,7188,30.695828,104.072864,True
21416,1,5701,30.637265,104.066672,6354,30.652997,104.04128,True
21427,1,5702,30.602847,104.031148,6057,30.611478,104.029405,True
21434,1,5703,30.673475,104.014463,6519,30.670474,104.060069,True
21436,1,5704,30.653751,104.040957,5881,30.665492,104.040526,True
21446,1,5706,30.700759,104.04125,6576,30.694306,104.07193,True
21449,1,5707,30.625036,104.065547,6387,30.653986,104.070082,True
21451,1,5707,30.636097,104.056725,6055,30.648197,104.061276,True
21452,1,5708,30.656318,104.094249,6633,30.69484,104.073461,True
21462,1,5709,30.638369,104.094896,6490,30.648496,104.055366,True
21473,1,5712,30.660134,103.984707,6130,30.623747,104.000741,True
21485,1,5714,30.693486,104.017903,6320,30.692544,104.07993,True
21491,1,5714,30.687492,104.031528,6753,30.683872,104.082477,True
21493,1,5715,30.671107,104.109821,6697,30.610937,104.10447,True
21500,1,5717,30.655257,104.090634,5844,30.648474,104.086787,True
21501,1,5717,30.625459,103.984175,6610,30.667375,104.037449,True
21509,1,5719,30.640273,104.061416,6331,30.615399,104.076886,True
21510,1,5720,30.700562,104.04093,6349,30.656716,104.039701,True
21523,1,5721,30.628213,104.052874,6500,30.610999,104.100665,True
21530,1,5722,30.666071,104.091417,6538,30.670372,104.022159,True
21538,1,5723,30.604119,104.075376,6554,30.636477,104.061518,True
21550,1,5726,30.666542,104.072986,5977,30.671333,104.073037,True
21553,1,5727,30.71498,104.046417,6757,30.68181,104.084582,True
21557,1,5727,30.662372,104.018805,8214,30.661676,104.046648,True
21559,1,5728,30.653548,104.072071,6100,30.656433,104.062017,True
21562,1,5728,30.664671,104.080631,6052,30.64462,104.074454,True
21563,1,5728,30.672988,104.125149,6502,30.659884,104.088789,True
21566,1,5729,30.680301,104.072345,6719,30.674411,103.99945,True
21568,1,5729,30.630984,104.054092,6130,30.649081,104.054301,True
21581,1,5731,30.656023,104.060777,5741,30.65211,104.066039,True
21583,1,5731,30.707842,104.048187,7558,30.623674,104.023999,True
21584,1,5731,30.672465,104.036538,6448,30.696503,104.010397,True
21597,1,5734,30.695469,104.070437,6543,30.691028,104.046067,True
21613,1,5737,30.67572,104.025542,6016,30.673952,104.045872,True
21614,1,5737,30.717419,104.032293,5937,30.705018,104.023005,True
21633,1,5740,30.65351,104.104023,6020,30.661595,104.109446,True
21634,1,5740,30.621215,104.10483,5990,30.626485,104.094176,True
21648,1,5742,30.62201,103.989936,7156,30.695248,104.073732,True
21649,1,5742,30.670926,104.035001,6523,30.679314,104.089623,True
21662,1,5744,30.676676,104.085157,5955,30.681265,104.093329,True
21666,1,5745,30.626532,104.044059,6021,30.64057,104.028633,True
21668,1,5745,30.638804,104.141256,5857,30.6433,104.139612,True
21669,1,5745,30.648383,104.059025,6179,30.662714,104.033365,True
21684,1,5747,30.695434,104.07254,6734,30.698985,104.046793,True
21691,1,5749,30.661062,104.082107,6385,30.644415,104.04939,True
21698,1,5751,30.617772,104.047943,6599,30.631391,104.076736,True
21713,1,5753,30.630049,104.058664,6444,30.648404,104.099121,True
21717,1,5754,30.64504,104.09449,6446,30.606805,104.117766,True
21718,1,5754,30.677778,103.988894,6966,30.644598,104.058623,True
21722,1,5755,30.651605,104.079882,6691,30.650584,104.105939,True
21741,1,5758,30.638154,104.09482,6409,30.643457,104.066093,True
21742,1,5758,30.62777,104.076637,7158,30.695995,104.072946,True
21749,1,5759,30.672583,103.99425,7042,30.660002,104.071207,True
21761,1,5761,30.676406,104.028968,5820,30.675477,104.026674,True
21772,1,5763,30.70204,104.045803,6303,30.663316,104.040641,True
21777,1,5764,30.676625,104.094697,6370,30.646755,104.064331,True
21778,1,5764,30.635521,104.084496,6527,30.682149,104.084967,True
21789,1,5766,30.638634,104.087649,6564,30.630497,104.153642,True
21794,1,5767,30.672803,104.057806,6798,30.65077,104.120827,True
21796,1,5767,30.705497,104.103418,7131,30.702697,104.072901,True
21803,1,5768,30.614275,104.057412,6156,30.633292,104.038468,True
21812,1,5770,30.612103,104.094319,6101,30.623787,104.078365,True
21814,1,5770,30.644022,104.101401,5900,30.647084,104.094372,True
21816,1,5770,30.652754,104.059901,6389,30.670594,104.020896,True
21827,1,5773,30.655486,104.021729,6121,30.64426,104.035001,True
21829,1,5774,30.641095,104.075581,5981,30.636849,104.082864,True
21834,1,5776,30.684761,104.112106,6310,30.670667,104.080628,True
21835,1,5776,30.677255,104.072275,5917,30.685216,104.075913,True
21863,1,5782,30.667511,104.074989,6844,30.704566,104.014214,True
21866,1,5782,30.684076,104.027874,5920,30.691105,104.016699,True
21867,1,5782,30.651104,104.058979,6530,30.670614,104.02043,True
21870,1,5783,30.647274,104.091687,9974,30.67796,104.070366,True
21903,1,5790,30.70605,104.041118,6117,30.692653,104.042364,True
21906,1,5791,30.650803,104.114869,6119,30.636068,104.126454,True
21910,1,5792,30.671137,104.109466,8248,30.630087,104.142464,True
21913,1,5793,30.679758,104.018088,6377,30.704394,104.006941,True
21931,1,5796,30.615055,104.052688,6143,30.602126,104.073556,True
21936,1,5798,30.662241,104.023873,6462,30.654348,104.066063,True
21947,1,5800,30.629495,104.059731,6008,30.625167,104.050853,True
21953,1,5801,30.681481,104.142864,6113,30.682352,104.16552,True
21957,1,5802,30.686099,103.991451,6498,30.704851,104.014643,True
21963,1,5803,30.655014,104.065749,5977,30.64226,104.057124,True
21964,1,5803,30.62805,104.10561,6635,30.634325,104.041704,True
21973,1,5805,30.715612,104.111878,6388,30.692199,104.089131,True
21979,1,5807,30.603323,104.130832,6592,30.649823,104.108902,True
21986,1,5809,30.603289,104.105009,6686,30.639673,104.066595,True
22001,1,5811,30.639395,104.102471,5850,30.640569,104.103304,True
22007,1,5813,30.671061,104.124306,6395,30.705126,104.103492,True
22015,1,5815,30.675237,104.033024,6325,30.662433,104.026893,True
22020,1,5817,30.627645,104.138098,6506,30.657892,104.099607,True
22029,1,5819,30.70941,103.992369,6549,30.68323,104.03133,True
22031,1,5819,30.629895,104.049275,6738,30.629991,104.142036,True
22035,1,5819,30.652026,104.092087,6911,30.700347,104.064297,True
22036,1,5819,30.646353,103.984333,7399,30.682316,104.084302,True
22040,1,5819,30.651599,104.096979,6149,30.645053,104.0753,True
22041,1,5820,30.628966,104.042377,6170,30.620166,104.073211,True
22046,1,5820,30.676757,104.071104,6194,30.687943,104.076765,True
22058,1,5823,30.670596,104.063767,6398,30.644513,104.075049,True
22062,1,5824,30.620521,104.055899,6336,30.60341,104.095111,True
22070,1,5825,30.699592,104.007938,6493,30.649599,103.996366,True
22076,1,5827,30.669297,104.060296,6316,30.683544,104.028372,True
22084,1,5828,30.707138,104.096433,6736,30.636586,104.104206,True
22100,1,5830,30.708817,104.037287,6815,30.651459,104.040925,True
22103,1,5831,30.684278,104.050803,6125,30.681505,104.031267,True
22105,1,5832,30.687997,104.027235,6567,30.662364,104.013801,True
22108,1,5832,30.645149,104.062949,6007,30.642779,104.073192,True
22114,1,5833,30.688457,104.009403,8144,30.662106,104.040712,True
22115,1,5833,30.676347,104.051012,6113,30.683686,104.065912,True
22120,1,5834,30.688987,104.034924,6581,30.718041,104.032176,True
22122,1,5834,30.61652,104.079338,6427,30.616767,104.057653,True
22134,1,5836,30.681721,104.039004,6641,30.685547,103.981832,True
22137,1,5837,30.649988,104.090173,6094,30.659033,104.093382,True
22141,1,5838,30.632153,104.015184,6694,30.608436,104.069837,True
22152,1,5840,30.674287,104.021804,6767,30.682635,104.083463,True
22165,1,5842,30.652828,104.078324,6018,30.644522,104.075152,True
22182,1,5845,30.70056,104.074491,6652,30.678178,104.095539,True
22184,1,5846,30.654598,104.047332,6176,30.659004,104.074136,True
22185,1,5846,30.689957,104.032592,6541,30.66991,104.064146,True
22187,1,5846,30.613358,103.989111,7471,30.639516,104.066203,True
22188,1,5846,30.687099,104.105086,6361,30.682016,104.084791,True
22192,1,5846,30.648737,104.079209,6183,30.660437,104.08161,True
22198,1,5847,30.650259,103.998936,6332,30.654904,104.021656,True
22212,1,5849,30.632593,104.030925,7105,30.681925,104.084486,True
22241,1,5854,30.628815,104.163643,7327,30.666215,104.138541,True
22244,1,5854,30.708932,104.091358,6359,30.700213,104.066946,True
22247,1,5854,30.610931,104.048926,6866,30.621487,103.996268,True
22259,1,5856,30.631225,104.137331,7452,30.694124,104.034068,True
22270,1,5858,30.639883,104.102972,6359,30.630414,104.142431,True
22277,1,5859,30.678479,103.993143,5869,30.681324,103.991083,True
22280,1,5860,30.648238,104.099874,6492,30.672344,104.076917,True
22311,1,5867,30.649746,104.108955,6213,30.637852,104.107387,True
22312,1,5868,30.662034,104.101526,6995,30.662946,104.050795,True
22313,1,5868,30.603046,104.100905,7044,30.705257,104.10358,True
22314,1,5868,30.633525,104.098934,6137,30.624052,104.093785,True
22341,1,5872,30.621322,104.107514,8044,30.636606,104.124216,True
22344,1,5872,30.67589,104.0788,5932,30.670118,104.074362,True
22348,1,5872,30.639214,104.066588,6160,30.656293,104.071062,True
22352,1,5873,30.68474,104.076592,6027,30.681913,104.084601,True
22358,1,5874,30.700942,104.016237,6398,30.683288,104.031472,True
22364,1,5875,30.685966,104.062581,7547,30.629731,104.141506,True
22371,1,5876,30.632502,104.03145,6311,30.612075,104.070205,True
22381,1,5878,30.636413,104.04269,6250,30.640664,104.05816,True
22392,1,5881,30.633458,104.045329,6420,30.669876,104.063148,True
22405,1,5883,30.63094,104.002202,6358,30.633278,104.027567,True
22417,1,5885,30.638313,104.016932,6383,30.637132,103.986009,True
22422,1,5886,30.676506,104.052051,6589,30.638749,104.066292,True
22423,1,5886,30.686787,104.040988,6419,30.704175,104.012229,True
22424,1,5887,30.695164,104.028679,6210,30.705039,104.004294,True
22425,1,5887,30.667446,104.037396,6674,30.624092,104.024502,True
22430,1,5888,30.695411,104.072386,6938,30.659026,104.070697,True
22433,1,5888,30.674121,104.135202,6035,30.673495,104.136052,True
22435,1,5888,30.645229,104.041311,6182,30.627625,104.040848,True
22448,1,5891,30.636315,104.128587,6482,30.625566,104.144239,True
22472,1,5896,30.616807,104.045824,6271,30.632516,104.039022,True
22488,1,5900,30.636387,104.142887,6271,30.664595,104.164122,True
22490,1,5900,30.636627,104.047999,6300,30.667283,104.040658,True
22507,1,5904,30.646628,104.054401,6339,30.633716,104.032993,True
22511,1,5904,30.61741,104.046782,6336,30.602999,104.029535,True
22517,1,5905,30.652771,104.001301,7004,30.611038,104.0507,True
22520,1,5905,30.686601,104.023583,6941,30.629636,104.076526,True
22529,1,5907,30.644599,104.050345,6045,30.649453,104.053893,True
22531,1,5907,30.668977,104.114074,6962,30.613757,104.093879,True
22536,1,5908,30.671037,104.124907,6728,30.672229,104.069241,True
22543,1,5909,30.648047,104.078639,6114,30.651555,104.070266,True
22546,1,5910,30.658351,104.093047,6037,30.648512,104.087241,True
22549,1,5910,30.644365,104.041263,6245,30.622119,104.032283,True
22550,1,5910,30.650975,104.120676,6539,30.626022,104.144031,True
22559,1,5911,30.682558,104.071584,6502,30.701571,104.050705,True
22582,1,5915,30.646151,104.040516,6704,30.651796,104.087967,True
22588,1,5917,30.629601,104.138484,6276,30.616493,104.127798,True
22593,1,5917,30.614003,104.093929,7352,30.665705,104.041893,True
22612,1,5920,30.643166,104.039379,7382,30.63062,104.142936,True
22630,1,5923,30.633218,104.098745,6464,30.654315,104.066935,True
22653,1,5927,30.701162,104.115841,9441,30.699266,104.10873,True
22663,1,5929,30.638904,104.034819,6315,30.647403,104.061431,True
22669,1,5930,30.637038,104.139401,6710,30.671994,104.112897,True
22695,1,5934,30.650205,104.085666,6625,30.65089,104.036666,True
22698,1,5935,30.68385,104.04093,6387,30.678688,104.069542,True
22703,1,5936,30.650396,104.032205,6875,30.68583,104.06823,True
22710,1,5937,30.673179,104.052835,6226,30.669616,104.064033,True
22712,1,5937,30.651417,104.055049,6279,30.644434,104.074844,True
22730,1,5940,30.654337,104.086831,6682,30.630045,104.141428,True
22734,1,5940,30.611685,104.051121,6631,30.600794,104.074142,True
22735,1,5940,30.702725,104.023219,7037,30.665812,104.082862,True
22736,1,5940,30.616861,104.014075,5971,30.616235,104.014875,True
22745,1,5942,30.664779,104.011425,6783,30.645035,104.062883,True
22748,1,5942,30.644251,104.065915,6889,30.69536,104.069761,True
22749,1,5942,30.687699,104.037308,6917,30.633062,104.094122,True
22757,1,5943,30.644151,104.05864,6806,30.69513,104.066429,True
22764,1,5945,30.69901,104.17174,6560,30.633066,104.153594,True
22776,1,5947,30.626825,104.042649,6576,30.644251,104.105556,True
22790,1,5950,30.694747,104.072672,7191,30.617826,104.10095,True
22792,1,5950,30.645873,104.082317,6763,30.637971,104.044051,True
22798,1,5950,30.685613,104.107714,6976,30.695817,104.07301,True
22812,1,5952,30.695437,104.072619,8104,30.622671,104.033992,True
22813,1,5953,30.670199,104.08145,6782,30.644536,104.07485,True
22818,1,5954,30.700544,104.042691,6556,30.68586,104.067719,True
22821,1,5955,30.625143,104.095327,6699,30.655593,104.071397,True
22823,1,5955,30.628179,104.082342,6231,30.64505,104.0752,True
22828,1,5955,30.66048,104.056245,6702,30.627024,104.047714,True
22831,1,5956,30.623325,104.059843,38692,30.624503,104.093623,True
22834,1,5956,30.714113,104.079964,19688,30.714203,104.079528,True
22835,1,5956,30.710514,104.009435,7093,30.700454,104.079626,True
22836,1,5956,30.645843,104.059706,6266,30.657117,104.067609,True
22840,1,5957,30.665076,104.080057,6121,30.667602,104.078915,True
22841,1,5957,30.719933,104.058631,6703,30.689985,104.051201,True
22846,1,5958,30.651083,104.120976,6377,30.661793,104.10469,True
22855,1,5960,30.670635,104.0173,6401,30.664713,104.043297,True
22857,1,5960,30.646161,104.040912,6964,30.627641,103.9956,True
22872,1,5963,30.699879,104.057453,6835,30.64165,104.056704,True
22874,1,5964,30.65312,104.071926,6959,30.693684,104.073404,True
22876,1,5964,30.647521,103.997612,6306,30.637108,104.016378,True
22882,1,5965,30.645921,104.059758,7068,30.663766,104.111648,True
22886,1,5965,30.675836,103.989001,6777,30.667849,104.044748,True
22893,1,5966,30.641531,104.033899,6450,30.652833,104.060098,True
22895,1,5967,30.648983,104.153645,5997,30.648511,104.155638,True
22900,1,5967,30.672312,104.083601,6226,30.683314,104.091413,True
22905,1,5968,30.650795,104.00126,6255,30.648532,104.021829,True
22913,1,5969,30.688992,104.008341,6682,30.666903,104.040735,True
22923,1,5970,30.669878,104.137239,6686,30.636176,104.127653,True
22924,1,5971,30.65077,103.995863,6959,30.606976,104.049166,True
22927,1,5971,30.650321,104.109262,6892,30.666587,104.040837,True
22929,1,5972,30.684718,104.03791,6889,30.642311,104.08572,True
22931,1,5972,30.646371,104.072111,6325,30.624385,104.093736,True
22938,1,5973,30.631688,104.140686,6032,30.630213,104.142373,True
22954,1,5975,30.634816,104.060293,6488,30.668115,104.043776,True
22967,1,5977,30.663504,104.014089,6573,30.632754,104.01387,True
22986,1,5981,30.635356,104.051114,6452,30.647091,104.021915,True
22988,1,5981,30.629287,104.062032,7038,30.669794,104.12159,True
22990,1,5981,30.68847,104.020442,6741,30.684112,104.100625,True
23000,1,5983,30.641217,103.984571,7817,30.663663,104.111295,True
23003,1,5983,30.646183,104.119115,7118,30.695993,104.072856,True
23005,1,5984,30.687965,104.057473,6402,30.655168,104.041451,True
23011,1,5984,30.685966,104.07103,6386,30.695876,104.072983,True
23012,1,5984,30.640018,104.09707,6826,30.618172,104.146898,True
23014,1,5984,30.695421,104.072725,7327,30.658757,104.080576,True
23017,1,5985,30.66292,104.04723,6212,30.660046,104.040806,True
23018,1,5985,30.658685,104.077377,6327,30.645623,104.083664,True
23023,1,5986,30.630431,104.106165,6930,30.646133,104.041407,True
23024,1,5986,30.637028,104.100975,6853,30.641497,104.06206,True
23025,1,5986,30.672559,104.137865,6506,30.667952,104.107545,True
23042,1,5990,30.669853,104.124916,6735,30.632782,104.15178,True
23043,1,5990,30.643439,104.077383,7055,30.69536,104.073855,True
23051,1,5992,30.602029,104.105293,6539,30.625627,104.094293,True
23054,1,5992,30.661549,104.014335,6610,30.658799,104.077553,True
23068,1,5995,30.643135,104.075366,6558,30.68212,104.08483,True
23072,1,5996,30.676015,104.023109,6374,30.66272,104.040759,True
23077,1,5996,30.684799,104.017525,6509,30.682029,103.985445,True
23089,1,5998,30.695468,104.073943,6669,30.702285,104.073011,True
23096,1,6000,30.695515,104.072659,7114,30.678322,104.115906,True
23103,1,6001,30.698035,104.027001,6431,30.704709,104.014588,True
23108,1,6002,30.619043,104.015911,7017,30.671289,104.016756,True
23119,1,6004,30.670799,104.061886,6270,30.660123,104.070029,True
23124,1,6005,30.718749,104.113138,7070,30.611396,104.14071,True
23130,1,6006,30.622394,104.104288,6593,30.621546,104.107338,True
23131,1,6006,30.655514,104.06615,6993,30.629763,104.141805,True
23133,1,6007,30.701339,104.041913,6964,30.672141,104.083255,True
23149,1,6010,30.706925,103.995376,7003,30.685382,104.057187,True
23155,1,6010,30.693276,104.086509,7030,30.670721,104.017212,True
23158,1,6011,30.675339,104.108413,6440,30.694768,104.076042,True
23160,1,6011,30.702042,104.091865,6243,30.699406,104.100603,True
23162,1,6012,30.615186,104.136725,6292,30.628694,104.139947,True
23177,1,6014,30.616051,104.07173,6666,30.645251,104.027883,True
23193,1,6018,30.694891,104.071984,7261,30.704452,104.013845,True
23194,1,6018,30.687518,104.048741,6857,30.712096,104.067245,True
23195,1,6019,30.67774,104.03823,6798,30.64879,104.068007,True
23196,1,6019,30.663551,103.993513,6565,30.660742,104.039081,True
23197,1,6019,30.658429,104.091436,6531,30.663046,104.046979,True
23204,1,6020,30.651139,104.09343,6347,30.664798,104.105402,True
23218,1,6021,30.716791,104.104811,6699,30.675615,104.109609,True
23219,1,6022,30.624642,104.093742,6375,30.630183,104.105971,True
23224,1,6022,30.62949,104.069262,6782,30.638672,104.016636,True
23242,1,6026,30.661126,103.984917,7620,30.622307,104.095852,True
23246,1,6026,30.656599,104.008284,6212,30.661868,104.021356,True
23247,1,6026,30.664515,104.040856,6697,30.683891,104.017311,True
23250,1,6027,30.602344,104.125391,6736,30.611824,104.066332,True
23257,1,6028,30.656324,104.081411,7408,30.699981,104.163478,True
23263,1,6029,30.642247,104.048844,6494,30.63295,104.027575,True
23267,1,6030,30.665736,104.002025,6150,30.669566,104.008962,True
23268,1,6030,30.665317,104.055635,6653,30.644472,104.074741,True
23290,1,6033,30.677811,104.025788,6603,30.692466,104.08001,True
23291,1,6033,30.665717,104.100948,6630,30.629706,104.076251,True
23298,1,6034,30.706724,103.995469,6284,30.696936,104.008894,True
23301,1,6035,30.701529,104.103886,6603,30.682019,104.084742,True
23306,1,6036,30.717814,104.04484,6488,30.70015,104.064377,True
23308,1,6036,30.677791,104.025132,6381,30.694329,104.051104,True
23310,1,6037,30.637142,104.059998,6738,30.665829,104.073772,True
23311,1,6037,30.609293,103.995492,6817,30.631971,104.034823,True
23318,1,6037,30.68123,103.990074,7312,30.642482,104.057294,True
23320,1,6038,30.631067,104.076281,7070,30.63606,104.128067,True
23333,1,6040,30.682242,104.061067,6800,30.639206,104.075841,True
23344,1,6042,30.677703,104.025501,6785,30.660096,104.069932,True
23346,1,6042,30.651088,104.115954,6290,30.65449,104.107842,True
23347,1,6043,30.706935,104.000042,6569,30.68493,104.033476,True
23358,1,6044,30.690783,104.040844,6780,30.702663,104.07177,True
23367,1,6045,30.628193,103.996308,6759,30.665456,104.029063,True
23374,1,6048,30.634643,104.04195,6424,30.642366,104.057176,True
23376,1,6048,30.650774,104.081751,6517,30.645512,104.106384,True
23381,1,6048,30.622997,104.04971,7202,30.717087,104.044084,True
23382,1,6048,30.658669,104.060988,6822,30.632871,104.034824,True
23386,1,6049,30.681471,104.113723,7583,30.694864,104.076422,True
23387,1,6049,30.612115,104.071506,6467,30.64907,104.075915,True
23407,1,6052,30.662081,104.100163,6876,30.675522,104.070572,True
23415,1,6055,30.634485,103.995231,6373,30.616431,104.01308,True
23418,1,6056,30.645135,104.083652,6885,30.682074,104.084754,True
23432,1,6059,30.653165,104.06284,6491,30.663262,104.040645,True
23434,1,6059,30.660907,104.102376,6299,30.657132,104.101042,True
23437,1,6060,30.674036,103.999338,6592,30.659276,104.040386,True
23438,1,6060,30.620288,104.069812,6556,30.639848,104.022653,True
23444,1,6061,30.649176,104.125082,6951,30.673533,104.091461,True
23445,1,6061,30.64198,104.025824,6713,30.63079,103.993755,True
23456,1,6063,30.640487,104.012835,6454,30.650976,103.99596,True
23460,1,6065,30.661358,104.133202,6715,30.636073,104.127625,True
23466,1,6066,30.606222,104.14015,6614,30.628583,104.163888,True
23470,1,6066,30.686183,104.089405,6680,30.665174,104.07784,True
23473,1,6067,30.671027,104.109801,7139,30.651011,103.995698,True
23476,1,6067,30.637219,104.100985,6493,30.663969,104.1023,True
23482,1,6068,30.678844,104.090844,6455,30.64542,104.093733,True
23501,1,6071,30.707849,103.9947,6529,30.704585,104.011552,True
23503,1,6071,30.626271,104.051534,6606,30.643275,104.061812,True
23504,1,6071,30.695502,104.091519,6721,30.652958,104.110481,True
23524,1,6074,30.649294,104.108528,6685,30.655772,104.079554,True
23528,1,6075,30.706197,104.048178,6615,30.705192,104.011265,True
23530,1,6075,30.701918,104.091966,6260,30.689977,104.093183,True
23536,1,6076,30.649358,104.029708,7090,30.654096,104.070676,True
23537,1,6076,30.694814,104.027433,7002,30.682973,104.083572,True
23549,1,6080,30.650108,104.124812,6796,30.626744,104.152145,True
23565,1,6083,30.664041,104.10235,6590,30.682161,104.084834,True
23570,1,6083,30.682641,104.141759,6888,30.65209,104.110409,True
23571,1,6083,30.655682,104.094629,6722,30.625739,104.094052,True
23572,1,6084,30.636365,104.126068,7054,30.692511,104.079749,True
23575,1,6084,30.638132,104.094719,6673,30.643261,104.065993,True
23577,1,6085,30.65392,104.001359,6826,30.657439,104.02207,True
23587,1,6087,30.672314,104.123934,7240,30.643877,104.075269,True
23588,1,6087,30.66187,104.106014,7043,30.643388,104.06159,True
23589,1,6087,30.650927,104.119745,6825,30.645085,104.075199,True
23591,1,6087,30.666926,104.061302,7102,30.611047,104.104622,True
23599,1,6088,30.656657,104.122828,6678,30.678452,104.118335,True
23600,1,6089,30.68743,104.031296,6212,30.687012,104.032313,True
23602,1,6089,30.70313,104.05621,6664,30.663364,104.040587,True
23603,1,6089,30.648632,104.074851,6330,30.653891,104.075779,True
23605,1,6090,30.624757,104.059286,7172,30.663091,104.163069,True
23617,1,6091,30.64075,104.038527,6807,30.611966,104.00891,True
23620,1,6092,30.661285,104.001227,6738,30.646262,104.041251,True
23623,1,6092,30.614347,104.094336,6600,30.616286,104.065317,True
23625,1,6092,30.638891,104.055103,6274,30.647196,104.060477,True
23629,1,6093,30.678062,104.024311,7094,30.639575,104.066227,True
23637,1,6094,30.644794,104.092973,7069,30.674191,104.048829,True
23639,1,6094,30.678088,104.087689,6358,30.683445,104.094684,True
23642,1,6095,30.631746,104.076099,7124,30.685411,104.110847,True
23644,1,6095,30.622652,104.062453,6365,30.640506,104.066567,True
23647,1,6096,30.651117,104.025684,7035,30.636865,104.083017,True
23648,1,6096,30.624423,104.065085,6528,30.644209,104.02676,True
23653,1,6097,30.630466,104.138561,6987,30.608917,104.077809,True
23656,1,6097,30.668738,104.052249,6662,30.628853,104.048586,True
23657,1,6098,30.709367,104.063269,6676,30.704613,104.014304,True
23658,1,6098,30.686951,104.090617,6589,30.68246,104.115269,True
23670,1,6101,30.667194,104.111921,6400,30.681554,104.113527,True
23677,1,6102,30.651642,104.113102,6895,30.652855,104.1651,True
23681,1,6103,30.60985,104.140163,6664,30.664706,104.164194,True
23695,1,6106,30.682628,104.071707,6516,30.679449,104.088781,True
23709,1,6107,30.601548,104.124755,6903,30.629166,104.07649,True
23719,1,6109,30.62395,104.082399,6646,30.658311,104.094686,True
23737,1,6112,30.628088,104.074797,7609,30.704812,104.014453,True
23738,1,6112,30.623936,104.049958,6820,30.629251,103.994803,True
23745,1,6113,30.710789,104.084486,7812,30.653029,104.045735,True
23759,1,6116,30.701164,104.102394,6444,30.679206,104.0947,True
23766,1,6117,30.638209,104.101789,6788,30.610971,104.100328,True
23807,1,6126,30.691131,104.015399,6714,30.67842,104.055027,True
23808,1,6126,30.636137,104.036301,6817,30.638787,104.066274,True
23809,1,6126,30.66555,104.000797,6540,30.660394,104.038592,True
23831,1,6131,30.662162,104.040822,6339,30.676807,104.041904,True
23835,1,6132,30.656588,104.14925,7518,30.647607,104.07862,True
23836,1,6132,30.683595,104.07999,6993,30.671486,104.027695,True
23846,1,6133,30.660899,104.084155,6513,30.682615,104.088618,True
23855,1,6135,30.706489,104.097835,6698,30.694948,104.073832,True
23856,1,6135,30.670364,104.090113,6879,30.694936,104.073129,True
23860,1,6135,30.683998,104.087876,6733,30.656964,104.090351,True
23863,1,6136,30.611688,104.06099,6707,30.63642,104.048569,True
23882,1,6138,30.638054,104.085138,6619,30.637331,104.054465,True
23883,1,6139,30.67542,103.996416,6700,30.664713,104.036968,True
23884,1,6139,30.641492,104.014422,6639,30.639738,104.020649,True
23891,1,6140,30.677919,104.087606,7047,30.695881,104.073005,True
23895,1,6141,30.683728,104.091639,6425,30.690147,104.080554,True
23897,1,6141,30.676563,104.070951,6243,30.672895,104.068101,True
23898,1,6141,30.646028,104.077359,6604,30.671063,104.060155,True
23901,1,6142,30.619952,104.114612,6493,30.61417,104.094033,True
23902,1,6142,30.655145,104.022509,6726,30.627055,104.043265,True
23905,1,6142,30.615853,104.022953,6649,30.632876,104.034034,True
23911,1,6144,30.708416,104.030808,6294,30.717831,104.031363,True
23927,1,6147,30.625455,104.05093,6572,30.628641,104.076689,True
23949,1,6152,30.644633,104.081097,6457,30.626972,104.076499,True
23953,1,6153,30.685233,104.055554,6767,30.685431,104.018238,True
23963,1,6154,30.690264,104.108618,7275,30.67548,104.070214,True
23967,1,6155,30.693821,104.084671,6977,30.671504,104.066414,True
23981,1,6156,30.613457,104.077234,7000,30.638632,104.101895,True
23989,1,6158,30.654687,104.070253,6371,30.652101,104.074633,True
23991,1,6158,30.688847,104.038352,6491,30.660289,104.040708,True
23998,1,6160,30.651043,104.104584,6461,30.644485,104.09592,True
24009,1,6162,30.671093,104.066988,6348,30.679439,104.054975,True
24010,1,6162,30.647118,104.118736,6906,30.629611,104.155073,True
24020,1,6164,30.654769,104.090607,7197,30.695877,104.072985,True
24022,1,6164,30.674705,104.018712,6735,30.650857,104.040961,True
24027,1,6164,30.629952,104.03768,6631,30.624551,104.032325,True
24028,1,6165,30.638906,104.089441,6562,30.654254,104.077531,True
24031,1,6165,30.671534,104.057325,9041,30.650882,104.001301,True
24033,1,6166,30.682302,104.087611,6176,30.682331,104.087683,True
24041,1,6167,30.670024,103.999411,7003,30.673672,104.055789,True
24044,1,6168,30.64405,104.12405,6887,30.61159,104.067053,True
24052,1,6169,30.650795,104.117139,6739,30.629268,104.142959,True
24055,1,6170,30.634573,104.085076,6369,30.645337,104.075714,True
24056,1,6170,30.621437,104.057623,6761,30.643424,104.066125,True
24059,1,6170,30.634197,104.053214,6841,30.656008,104.0835,True
24069,1,6172,30.708015,104.029709,7362,30.631077,104.032722,True
24075,1,6173,30.685146,104.054993,7493,30.656362,104.115158,True
24078,1,6173,30.673878,104.055588,6913,30.647737,104.056035,True
24097,1,6177,30.698044,104.026956,6708,30.670373,104.06333,True
24099,1,6178,30.68406,104.033198,6510,30.703352,104.053489,True
24100,1,6178,30.690738,104.040476,6525,30.671116,104.061212,True
24101,1,6178,30.623305,104.101019,6260,30.622817,104.104912,True
24102,1,6178,30.619515,104.115349,6600,30.625603,104.094335,True
24111,1,6180,30.621588,104.011934,6283,30.621615,104.012006,True
24114,1,6180,30.702198,104.094081,6770,30.694803,104.073193,True
24119,1,6181,30.624392,104.097649,6978,30.605383,104.041066,True
24132,1,6183,30.70018,104.094338,6836,30.69457,104.047076,True
24142,1,6183,30.640475,104.089971,6837,30.622382,104.051785,True
24147,1,6184,30.710337,104.11402,6656,30.682777,104.099699,True
24155,1,6186,30.610722,104.081153,6701,30.648428,104.099014,True
24162,1,6187,30.667067,104.063987,6788,30.663065,104.040587,True
24178,1,6189,30.687491,104.063146,6815,30.669969,104.063812,True
24179,1,6189,30.695446,104.072197,8987,30.68208,104.084798,True
24185,1,6190,30.655846,104.080826,6648,30.670626,104.080461,True
24197,1,6192,30.674375,104.019947,7332,30.702508,104.066684,True
24200,1,6193,30.62751,104.138426,7974,30.704011,104.105276,True
24208,1,6194,30.637097,104.076202,7538,30.695643,104.072764,True
24211,1,6195,30.662518,104.085797,7013,30.629708,104.142179,True
24224,1,6197,30.667473,104.023555,7529,30.636116,104.128232,True
24236,1,6199,30.6439,104.0924,7333,30.677017,104.052639,True
24242,1,6201,30.625636,104.081209,6560,30.614196,104.068639,True
24245,1,6202,30.703008,104.049455,7095,30.671569,104.066385,True
24250,1,6203,30.63963,104.043449,6382,30.649423,104.041014,True
24251,1,6203,30.616516,104.078948,6477,30.614155,104.068936,True
24254,1,6203,30.66783,104.040528,7118,30.637916,104.066417,True
24261,1,6205,30.63773,104.058925,6881,30.683727,104.06591,True
24271,1,6207,30.715314,104.112422,7413,30.651604,104.068454,True
24274,1,6207,30.676316,103.986063,6999,30.661592,104.01492,True
24279,1,6207,30.637894,104.094504,6620,30.649054,104.066593,True
24284,1,6208,30.691962,104.057248,6692,30.654087,104.040854,True
24286,1,6208,30.649069,104.066776,6438,30.64451,104.0748,True
24290,1,6209,30.662184,104.106143,6441,30.651504,104.103602,True
24291,1,6209,30.662254,104.084834,6478,30.670497,104.072618,True
24297,1,6210,30.692821,104.042621,6414,30.683597,104.043477,True
24302,1,6211,30.661745,104.091496,7154,30.644417,104.07493,True
24305,1,6211,30.657745,104.079607,6576,30.626826,104.042589,True
24311,1,6213,30.688224,104.083366,6833,30.682331,104.044941,True
24312,1,6213,30.632778,104.140934,7342,30.663638,104.072178,True
24328,1,6215,30.623302,104.097812,6832,30.651292,104.103921,True
24335,1,6216,30.626307,104.08151,6504,30.624904,104.095691,True
24340,1,6217,30.680314,104.121201,6532,30.667584,104.107253,True
24350,1,6218,30.695536,104.072752,7370,30.649468,104.096844,True
24353,1,6219,30.632743,103.994369,7242,30.663131,104.040584,True
24356,1,6220,30.677396,104.071596,7165,30.631734,104.050352,True
24361,1,6221,30.659805,104.040825,6896,30.635201,104.061252,True
24362,1,6221,30.659702,104.00481,6648,30.665375,104.024755,True
24375,1,6222,30.650524,103.999888,7240,30.644402,104.049842,True
24377,1,6223,30.678287,104.11817,7365,30.63493,104.059851,True
24383,1,6224,30.641104,104.019449,7028,30.628588,104.066615,True
24390,1,6225,30.62074,104.079988,6929,30.623026,104.076734,True
24391,1,6225,30.628162,104.147401,6706,30.629366,104.155383,True
24392,1,6225,30.660819,104.053609,6602,30.644672,104.045773,True
24405,1,6228,30.677913,104.083861,6397,30.685054,104.085253,True
24424,1,6231,30.649846,104.146698,6599,30.636703,104.127672,True
24430,1,6232,30.633608,104.069035,7258,30.660468,104.016224,True
24432,1,6232,30.622746,104.044914,6873,30.665769,104.005002,True
24437,1,6233,30.653276,104.116513,6651,30.636088,104.127613,True
24447,1,6234,30.648226,104.121656,6348,30.645228,104.118895,True
24448,1,6234,30.616297,104.067919,6866,30.645252,104.035473,True
24451,1,6235,30.686704,104.058737,7026,30.644486,104.074564,True
24453,1,6235,30.669651,104.106384,6776,30.661048,104.08647,True
24458,1,6236,30.61428,104.071968,6726,30.613751,104.082064,True
24460,1,6236,30.665956,103.989613,6768,30.662294,104.022566,True
24462,1,6236,30.675699,104.061284,6872,30.660172,104.094195,True
24464,1,6237,30.702185,104.023628,7319,30.663718,104.112853,True
24468,1,6237,30.675264,104.111844,6501,30.682371,104.118501,True
24476,1,6239,30.654642,104.08615,6590,30.672898,104.10023,True
24480,1,6240,30.667024,104.079913,7516,30.701195,104.008733,True
24484,1,6240,30.655914,104.094786,6893,30.681927,104.084722,True
24488,1,6241,30.679317,104.006163,6669,30.6894,103.980367,True
24495,1,6242,30.602794,104.097028,6652,30.622696,104.10471,True
24497,1,6242,30.62522,104.093984,6718,30.644512,104.075032,True
24515,1,6246,30.633919,104.033826,6726,30.617392,104.019083,True
24518,1,6246,30.665682,104.107592,6583,30.646059,104.093692,True
24519,1,6246,30.638529,104.066292,6942,30.637168,104.036804,True
24522,1,6247,30.658576,104.094133,7087,30.670497,104.066385,True
24527,1,6248,30.675834,104.081139,6773,30.694968,104.073127,True
24529,1,6248,30.672308,104.079538,6724,30.682442,104.087541,True
24534,1,6250,30.667817,104.111106,6461,30.651448,104.113818,True
24537,1,6250,30.609564,104.101796,6549,30.622159,104.098341,True
24541,1,6251,30.638712,104.066277,6744,30.644608,104.038561,True
24545,1,6251,30.681912,104.082938,7126,30.702815,104.073607,True
24546,1,6251,30.658703,104.106164,7158,30.643192,104.061965,True
24549,1,6251,30.69711,104.066767,7617,30.670327,103.996671,True
24559,1,6253,30.682411,104.072368,6564,30.685042,104.085333,True
24580,1,6255,30.681289,104.120205,6912,30.685459,104.162888,True
24588,1,6257,30.656109,104.083875,6577,30.644645,104.074493,True
24590,1,6257,30.693016,104.03722,6549,30.698529,104.01844,True
24622,1,6262,30.607458,104.133014,6701,30.62632,104.144118,True
24636,1,6266,30.679407,104.106387,6948,30.665187,104.065619,True
24639,1,6266,30.695779,104.072725,7775,30.639514,104.066235,True
24640,1,6266,30.626942,104.089694,6519,30.622979,104.097748,True
24643,1,6266,30.685677,104.085285,6923,30.6539,104.087754,True
24654,1,6268,30.643528,104.102683,6753,30.657601,104.119361,True
24657,1,6268,30.64863,104.057992,6573,30.633971,104.066367,True
24662,1,6269,30.675381,104.111818,7127,30.669766,104.063253,True
24666,1,6270,30.699229,104.106946,7368,30.630218,104.141473,True
24669,1,6270,30.675993,104.052013,6846,30.673177,104.077532,True
24675,1,6271,30.636405,104.066369,6572,30.61173,104.058762,True
24683,1,6272,30.652951,104.078484,6478,30.644527,104.074999,True
24686,1,6273,30.672598,104.058301,6661,30.659245,104.050825,True
24691,1,6274,30.633707,104.138766,6278,30.627627,104.138275,True
24697,1,6275,30.690421,104.014918,7557,30.693716,104.073018,True
24700,1,6275,30.644942,104.075674,7440,30.686307,104.11037,True
24701,1,6275,30.619515,104.042693,6403,30.630913,104.05028,True
24707,1,6276,30.685615,104.110466,6948,30.654701,104.089503,True
24712,1,6277,30.712605,104.038359,7155,30.702246,104.072686,True
24715,1,6277,30.679888,104.043508,6795,30.641326,104.039724,True
24716,1,6278,30.66458,104.012228,7256,30.704569,104.011843,True
24726,1,6279,30.632759,104.069069,6616,30.64446,104.075081,True
24729,1,6279,30.632517,104.0312,7007,30.661145,104.0781,True
24743,1,6281,30.648916,104.041071,6541,30.644747,104.02314,True
24746,1,6281,30.629838,104.138704,6289,30.629271,104.138631,True
24753,1,6282,30.634333,104.052287,6843,30.660592,104.056492,True
24757,1,6283,30.603017,104.099894,7345,30.654479,104.061673,True
24768,1,6285,30.60304,104.102728,7670,30.696031,104.07293,True
24773,1,6286,30.700745,104.041053,6572,30.709133,104.040869,True
24789,1,6289,30.642564,104.080227,6640,30.626215,104.09412,True
24802,1,6292,30.635228,104.093147,6592,30.639767,104.076034,True
24805,1,6292,30.616375,104.076958,8198,30.694447,104.054117,True
24810,1,6293,30.691313,104.089061,6772,30.702925,104.072322,True
24817,1,6294,30.672363,104.052542,6974,30.644419,104.07498,True
24824,1,6295,30.61622,104.010286,6883,30.633489,104.038313,True
24833,1,6298,30.644579,104.075257,6778,30.652829,104.068591,True
24837,1,6298,30.633399,104.056306,7069,30.665795,104.001493,True
24842,1,6299,30.700875,104.041042,6486,30.692492,104.042031,True
24849,1,6300,30.672492,104.076158,6690,30.659955,104.087766,True
24850,1,6300,30.677287,104.004287,6614,30.689472,104.019095,True
24852,1,6301,30.652093,104.04628,6777,30.65851,104.077305,True
24853,1,6301,30.679986,104.017786,7155,30.6571,104.076153,True
24857,1,6302,30.648117,104.094753,6789,30.655761,104.073467,True
24874,1,6306,30.68979,104.107025,6453,30.682241,104.099202,True
24880,1,6307,30.663807,104.086627,6546,30.656004,104.079119,True
24889,1,6308,30.679782,104.123196,10058,30.695485,104.070778,True
24894,1,6309,30.674068,103.999192,6637,30.65463,104.008181,True
24897,1,6310,30.675957,103.995931,6780,30.692838,104.016893,True
24898,1,6310,30.625027,104.064874,6906,30.64023,104.02803,True
24902,1,6310,30.661463,104.077576,10579,30.668086,104.033905,True
24910,1,6312,30.703441,104.0779,7480,30.635972,104.127698,True
24914,1,6313,30.6627,104.085239,6826,30.644559,104.074216,True
24915,1,6313,30.70238,104.094093,6591,30.704285,104.083014,True
24924,1,6315,30.659679,104.0791,7520,30.69596,104.072929,True
24936,1,6319,30.6363,104.128455,6613,30.626356,104.143968,True
24944,1,6320,30.640264,104.075792,7341,30.669632,104.121179,True
24946,1,6320,30.614421,104.053403,7119,30.63599,104.127712,True
24957,1,6322,30.670795,104.125383,6595,30.66906,104.106566,True
24969,1,6323,30.644965,104.022079,6869,30.613462,104.06733,True
24984,1,6326,30.669416,104.0648,6896,30.636567,104.061494,True
24995,1,6328,30.651932,104.017831,7160,30.640499,104.083079,True
25013,1,6330,30.712466,104.036385,6811,30.716765,104.035213,True
25014,1,6330,30.649927,104.083246,7362,30.705219,104.103664,True
25017,1,6331,30.609297,104.077232,6491,30.612001,104.069559,True
25024,1,6332,30.637375,104.067835,6756,30.660085,104.071237,True
25029,1,6333,30.660351,104.094292,7145,30.629156,104.144237,True
25037,1,6334,30.655118,104.070572,6518,30.65813,104.078832,True
25038,1,6335,30.611793,104.081421,6647,30.625732,104.094104,True
25046,1,6336,30.635447,104.036757,7116,30.652875,104.087149,True
25049,1,6336,30.657258,104.083096,7682,30.704786,104.014489,True
25061,1,6339,30.651742,104.005986,7002,30.632877,104.038523,True
25062,1,6339,30.64367,104.073747,7462,30.691373,104.050191,True
25075,1,6340,30.604296,104.003647,7070,30.640794,104.014824,True
25080,1,6341,30.610793,104.076727,33464,30.60226,104.078138,True
25089,1,6343,30.649018,104.109394,6841,30.641389,104.090839,True
25096,1,6343,30.637356,104.04605,7110,30.644028,104.075444,True
25099,1,6344,30.687248,104.022546,6787,30.704666,104.014499,True
25105,1,6345,30.684351,104.095204,7711,30.653248,104.040997,True
25123,1,6348,30.674952,104.0435,6556,30.668702,104.043124,True
25126,1,6348,30.65984,104.004753,6907,30.664272,104.040842,True
25128,1,6348,30.641619,104.10893,6789,30.629923,104.141521,True
25129,1,6348,30.64319,104.123849,7074,30.660776,104.086171,True
25134,1,6349,30.673901,104.093664,8552,30.658661,104.075334,True
25140,1,6350,30.653608,104.049005,6514,30.663927,104.040929,True
25148,1,6351,30.643025,104.073398,7258,30.666899,104.040785,True
25153,1,6352,30.630017,104.105982,6673,30.631696,104.097728,True
25154,1,6352,30.689341,104.02443,7037,30.672143,103.996107,True
25159,1,6353,30.640619,104.085845,7010,30.674084,104.104586,True
25165,1,6355,30.644995,104.017033,6853,30.621408,104.044093,True
25186,1,6359,30.66561,104.003249,6940,30.666609,104.046757,True
25189,1,6360,30.710034,103.996677,6830,30.673859,103.985351,True
25198,1,6361,30.707269,104.010204,7547,30.650857,104.030141,True
25204,1,6362,30.642754,104.0703,6589,30.629746,104.076351,True
25216,1,6363,30.630417,104.026223,7856,30.646797,104.090697,True
25220,1,6363,30.713059,103.983329,6768,30.694694,104.011799,True
25231,1,6366,30.645167,104.106262,6788,30.630201,104.142582,True
25245,1,6368,30.683405,104.094781,7019,30.652113,104.103132,True
25247,1,6368,30.642646,104.073152,7141,30.669301,104.040717,True
25258,1,6370,30.656622,104.102525,6669,30.64262,104.104557,True
25272,1,6372,30.683367,103.997119,7419,30.705232,104.103568,True
25273,1,6372,30.675513,104.042365,6834,30.658612,104.077429,True
25289,1,6377,30.662362,104.05693,6910,30.631786,104.066474,True
25290,1,6377,30.658453,104.05559,6739,30.650985,104.029759,True
25294,1,6378,30.679899,104.096297,6986,30.688048,104.073461,True
25299,1,6379,30.687957,103.980965,7704,30.650401,104.08304,True
25312,1,6381,30.636322,104.126722,7171,30.668018,104.070508,True
25319,1,6382,30.609117,103.989105,7209,30.675888,103.993137,True
25323,1,6383,30.622154,104.026554,6650,30.625437,104.040162,True
25334,1,6385,30.625876,104.07165,6836,30.633421,104.03833,True
25340,1,6385,30.624241,104.098268,6843,30.646384,104.104037,True
25342,1,6385,30.673409,104.136148,6930,30.638114,104.107236,True
25356,1,6388,30.638033,104.106817,7047,30.680727,104.115118,True
25364,1,6390,30.633599,104.068173,7118,30.677203,104.058143,True
25367,1,6390,30.704209,104.037973,7085,30.694357,104.064174,True
25368,1,6390,30.678368,104.082015,7022,30.660038,104.064329,True
25372,1,6391,30.650961,104.081458,7076,30.636031,104.127726,True
25378,1,6391,30.683844,104.113186,6806,30.661805,104.119889,True
25382,1,6392,30.657064,104.081524,6401,30.653426,104.075797,True
25393,1,6393,30.699768,104.094572,6845,30.694737,104.074381,True
25409,1,6395,30.643436,104.073613,6703,30.639864,104.066553,True
25410,1,6395,30.628232,104.04861,11190,30.652497,104.115135,True
25413,1,6395,30.630255,104.140438,6412,30.629271,104.138631,True
25418,1,6396,30.645226,104.013284,7553,30.660848,104.086017,True
25421,1,6397,30.663421,104.113161,6849,30.636122,104.12666,True
25435,1,6399,30.62984,104.035504,6533,30.633578,104.039074,True
25437,1,6399,30.63342,104.059346,6691,30.629594,104.076365,True
25443,1,6400,30.602636,104.125812,7458,30.622734,104.071604,True
25458,1,6402,30.664748,104.011418,7055,30.65243,104.056691,True
25480,1,6407,30.657598,104.055373,7079,30.659459,104.02135,True
25482,1,6408,30.68487,104.103357,6728,30.680426,104.089271,True
25498,1,6410,30.674302,104.060835,6687,30.657984,104.064167,True
25500,1,6411,30.665147,104.046766,6735,30.648375,104.059805,True
25501,1,6411,30.601492,103.989502,7566,30.631705,104.040024,True
25514,1,6414,30.61832,104.107009,7488,30.624237,104.147306,True
25516,1,6414,30.646241,104.106848,6707,30.663214,104.111063,True
25519,1,6414,30.663787,104.003783,7292,30.634509,104.032513,True
25521,1,6414,30.685645,103.992405,7462,30.668111,104.055197,True
25529,1,6416,30.699265,104.111731,6938,30.690456,104.085152,True
25537,1,6417,30.611755,104.062579,6603,30.6162,104.067885,True
25538,1,6417,30.644003,104.101341,6573,30.648215,104.08972,True
25543,1,6417,30.636939,104.073559,7003,30.67184,104.054973,True
25556,1,6419,30.62231,104.092897,7113,30.656679,104.072705,True
25561,1,6420,30.6203,103.987608,7411,30.605249,104.060701,True
25569,1,6421,30.658618,104.055585,6814,30.671908,104.054219,True
25576,1,6422,30.636936,104.100897,6626,30.643874,104.08639,True
25580,1,6423,30.636751,104.047682,6614,30.633691,104.039185,True
25587,1,6423,30.629532,104.138368,7869,30.63723,104.0438,True
25589,1,6424,30.631707,104.040042,6520,30.631286,104.036297,True
25594,1,6425,30.650572,104.077124,6570,30.644463,104.074985,True
25598,1,6426,30.616265,104.063844,7079,30.62201,104.103714,True
25600,1,6426,30.618521,104.041961,6641,30.601187,104.033793,True
25601,1,6426,30.619252,104.06259,6840,30.647718,104.066367,True
25604,1,6426,30.637785,104.062641,8043,30.702391,104.114622,True
25608,1,6426,30.63194,104.147947,6794,30.639523,104.118532,True
25610,1,6427,30.663814,104.086739,6800,30.653529,104.076798,True
25614,1,6427,30.686891,104.063092,6896,30.671879,104.054554,True
25618,1,6427,30.642797,104.041539,7355,30.683669,104.044539,True
25629,1,6428,30.677331,104.031162,6968,30.656236,104.054772,True
25631,1,6429,30.675527,104.0599,6868,30.676873,104.041948,True
25632,1,6429,30.638439,104.038902,6807,30.66269,104.040698,True
25644,1,6430,30.694927,104.070823,6628,30.694375,104.074616,True
25652,1,6431,30.675898,104.070431,6736,30.659269,104.060582,True
25655,1,6432,30.70033,104.069686,7403,30.695224,104.066377,True
25675,1,6434,30.681293,104.085858,6980,30.695613,104.073558,True
25676,1,6434,30.70139,104.103194,6738,30.682746,104.123799,True
25685,1,6435,30.708665,104.039072,7637,30.648551,104.086926,True
25690,1,6436,30.651533,104.018235,7314,30.691577,104.112597,True
25696,1,6437,30.621277,104.090244,6440,30.633038,104.076391,True
25697,1,6437,30.659314,104.056053,6934,30.650968,104.029854,True
25724,1,6440,30.637755,104.032527,6969,30.666235,104.02198,True
25727,1,6441,30.61553,104.051644,6709,30.61466,104.06736,True
25731,1,6441,30.633307,104.057505,6774,30.630714,104.055332,True
25732,1,6441,30.601652,104.077891,6840,30.61731,104.071797,True
25740,1,6442,30.641602,104.050794,6705,30.64884,104.059929,True
25743,1,6443,30.683059,104.029062,6701,30.66246,104.02293,True
25772,1,6447,30.669362,104.027345,6688,30.673879,103.98659,True
25775,1,6448,30.662166,104.098557,6862,30.666833,104.129829,True
25776,1,6448,30.648544,104.075008,7034,30.641453,104.056447,True
25785,1,6449,30.638726,104.141961,6955,30.636534,104.104235,True
25787,1,6449,30.662868,104.089013,6939,30.63747,104.067204,True
25789,1,6449,30.651815,104.007047,7836,30.682362,104.07233,True
25791,1,6450,30.676831,104.04176,6884,30.68826,104.077678,True
25803,1,6452,30.712892,104.110016,7622,30.664179,104.070447,True
25804,1,6452,30.663685,104.045867,7375,30.647096,103.997738,True
25812,1,6454,30.658445,104.089162,6912,30.634635,104.077869,True
25814,1,6455,30.618234,104.041876,7041,30.652293,104.056549,True
25816,1,6455,30.628101,104.047834,7307,30.673227,104.068605,True
25817,1,6455,30.650387,103.996086,7038,30.644879,104.021648,True
25833,1,6457,30.675755,104.000099,7060,30.674547,104.022514,True
25834,1,6458,30.676385,104.051761,6876,30.655773,104.065762,True
25839,1,6458,30.655135,104.073505,6662,30.661562,104.06525,True
25841,1,6459,30.646887,104.069575,6651,30.644955,104.081453,True
25843,1,6459,30.675507,104.133347,7526,30.616376,104.066944,True
25851,1,6460,30.683291,104.081291,6857,30.692379,104.066466,True
25853,1,6462,30.668509,104.052306,6934,30.65275,104.059878,True
25862,1,6463,30.673176,104.051086,6982,30.654395,104.070607,True
25872,1,6465,30.69423,104.04809,7671,30.657722,104.100513,True
25878,1,6466,30.670778,104.003942,7769,30.640827,104.092927,True
25884,1,6467,30.674555,104.077722,7671,30.631009,104.142646,True
25893,1,6470,30.629352,104.138088,8096,30.689493,104.069699,True
25905,1,6471,30.648895,104.074001,7048,30.633369,104.056387,True
25908,1,6472,30.694577,104.055149,6834,30.678917,104.069424,True
25916,1,6473,30.627235,104.143692,7381,30.633443,104.098789,True
25919,1,6474,30.714714,104.0467,7719,30.639503,104.066259,True
25923,1,6474,30.617827,103.986684,7830,30.60869,104.076568,True
25924,1,6474,30.678141,103.997927,6990,30.666962,104.040774,True
25928,1,6475,30.685461,104.018299,7267,30.650923,104.031982,True
25933,1,6476,30.662353,104.080976,7451,30.695642,104.073436,True
25934,1,6477,30.655382,104.072136,6602,30.65853,104.068257,True
25940,1,6478,30.663544,104.087372,7149,30.642436,104.057126,True
25942,1,6478,30.711602,103.985004,7917,30.628122,103.984582,True
25950,1,6479,30.70949,104.085607,7284,30.663481,104.072139,True
25951,1,6479,30.693328,104.168552,7231,30.679484,104.118581,True
25954,1,6480,30.632484,104.147241,6893,30.645301,104.126947,True
25959,1,6480,30.66355,104.135469,7831,30.695292,104.073682,True
25964,1,6481,30.676933,104.052549,6858,30.657455,104.06409,True
25968,1,6481,30.648142,104.119312,6771,30.637327,104.108444,True
25974,1,6482,30.672621,104.112429,6886,30.650763,104.115402,True
25976,1,6483,30.674339,104.054318,6684,30.670715,104.062006,True
25980,1,6483,30.650654,104.119864,7298,30.645295,104.075365,True
25982,1,6484,30.714729,104.042151,8513,30.636026,104.127822,True
25994,1,6485,30.692427,104.016286,8368,30.695046,104.017542,True
25999,1,6487,30.71398,104.0475,8136,30.625206,104.068888,True
26000,1,6487,30.628483,104.062119,6971,30.648384,104.060113,True
26007,1,6488,30.630123,104.138903,6550,30.629298,104.138507,True
26008,1,6488,30.685589,104.057926,7009,30.667304,104.052069,True
26009,1,6489,30.653314,104.050646,7074,30.658934,104.080669,True
26027,1,6491,30.681447,104.072492,6747,30.693021,104.073449,True
26032,1,6492,30.620764,104.017715,6992,30.640299,104.026638,True
26033,1,6492,30.607933,104.077366,6618,30.60217,104.074265,True
26056,1,6496,30.697249,104.06677,7560,30.67908,104.055664,True
26075,1,6498,30.632737,104.034612,7347,30.601217,103.996899,True
26076,1,6499,30.656902,104.148877,7867,30.64446,104.07496,True
26087,1,6501,30.627573,104.138082,7325,30.672946,104.136994,True
26089,1,6502,30.648535,104.075274,7042,30.641243,104.056385,True
26096,1,6503,30.624617,104.062629,7269,30.653215,104.086938,True
26098,1,6503,30.639633,104.04336,7425,30.670793,104.079841,True
26104,1,6503,30.616526,104.081108,7135,30.616691,104.105626,True
26111,1,6504,30.627185,104.143664,7097,30.622441,104.098793,True
26112,1,6505,30.653433,104.088837,7404,30.678696,104.036298,True
26113,1,6505,30.690821,104.06624,7214,30.707755,104.037275,True
26114,1,6505,30.666771,104.087633,9600,30.658856,104.07744,True
26116,1,6505,30.681204,103.990048,7296,30.646845,104.021865,True
26117,1,6506,30.651919,104.041084,8198,30.62936,104.145301,True
26132,1,6509,30.638099,104.066382,6705,30.628505,104.060052,True
26139,1,6510,30.61801,104.10165,6686,30.606449,104.095022,True
26144,1,6511,30.628776,104.076484,6811,30.633744,104.066992,True
26145,1,6511,30.672764,104.068549,6948,30.649157,104.066696,True
26149,1,6512,30.652189,104.074467,6856,30.643237,104.066092,True
26150,1,6512,30.669782,104.119533,7246,30.626077,104.0941,True
26151,1,6512,30.682329,104.099379,6683,30.671707,104.090859,True
26152,1,6512,30.667097,104.06545,7212,30.646847,104.068551,True
26169,1,6514,30.668747,104.110659,7119,30.629785,104.142016,True
26171,1,6515,30.70027,104.048573,6815,30.714461,104.046939,True
26172,1,6515,30.621665,104.09286,7313,30.629438,104.141779,True
26182,1,6517,30.695666,104.072714,8145,30.704778,104.014734,True
26194,1,6519,30.659915,104.091443,6874,30.672099,104.076618,True
26195,1,6519,30.637177,104.036077,7746,30.652317,104.034814,True
26198,1,6519,30.684454,104.095049,6683,30.688954,104.088785,True
26202,1,6520,30.630225,104.143561,7317,30.606419,104.102082,True
26205,1,6521,30.647618,104.088248,7021,30.65645,104.072703,True
26210,1,6522,30.658983,104.106151,7059,30.634125,104.077302,True
26216,1,6522,30.696993,104.057452,7100,30.679877,104.018011,True
26217,1,6523,30.686953,104.109573,7638,30.640316,104.061226,True
26220,1,6524,30.67532,104.033152,7794,30.712249,104.067742,True
26221,1,6524,30.648484,104.075171,7027,30.641402,104.05642,True
26227,1,6525,30.680291,104.018731,7474,30.704452,104.01375,True
26231,1,6526,30.705875,104.010904,7786,30.670364,104.073521,True
26234,1,6526,30.672574,104.124487,7260,30.662284,104.092586,True
26244,1,6527,30.651709,104.070018,7499,30.679777,104.025647,True
26250,1,6528,30.695918,104.172026,8150,30.694165,104.069729,True
26260,1,6529,30.679484,104.089676,6738,30.688372,104.094623,True
26267,1,6531,30.63632,104.126642,7450,30.671745,104.069771,True
26269,1,6531,30.670644,104.076301,6823,30.678684,104.069482,True
26278,1,6533,30.602012,104.105935,8165,30.694994,104.073501,True
26281,1,6533,30.673329,104.065518,6969,30.663127,104.074092,True
26294,1,6536,30.61217,104.079879,6940,30.639632,104.066596,True
26298,1,6536,30.701025,104.092229,7772,30.654533,104.086392,True
26305,1,6537,30.668497,104.06565,7034,30.683394,104.083807,True
26315,1,6540,30.635281,104.031174,7072,30.649853,103.997889,True
26322,1,6541,30.713531,103.991383,7338,30.702073,104.051547,True
26325,1,6542,30.615402,104.077181,7226,30.654624,104.107606,True
26327,1,6542,30.66805,104.099516,7271,30.685242,104.075529,True
26329,1,6542,30.677824,104.040559,6981,30.694227,104.050347,True
26341,1,6544,30.68649,104.089708,7707,30.606598,104.118097,True
26343,1,6544,30.678196,104.023845,7289,30.648983,104.059728,True
26347,1,6545,30.679434,104.056457,6978,30.659214,104.060504,True
26365,1,6548,30.604375,104.083685,7842,30.682108,104.084838,True
26367,1,6548,30.656471,104.122406,7581,30.695906,104.073031,True
26368,1,6548,30.665811,104.029609,6795,30.674363,104.033466,True
26387,1,6551,30.662439,104.083074,7340,30.677148,104.084196,True
26389,1,6552,30.63494,104.108528,7187,30.672152,104.124347,True
26393,1,6552,30.650857,104.067752,6912,30.645137,104.062917,True
26398,1,6554,30.683587,104.100394,7421,30.682697,104.172129,True
26400,1,6554,30.651154,104.109839,6864,30.636813,104.108784,True
26401,1,6555,30.683057,104.045489,6792,30.673573,104.048493,True
26405,1,6556,30.705113,104.024186,7768,30.644998,104.020975,True
26428,1,6559,30.707244,104.045418,7156,30.694324,104.066191,True
26435,1,6560,30.69131,104.036754,7323,30.655095,104.080153,True
26439,1,6561,30.643369,104.04486,7397,30.622117,104.089187,True
26444,1,6562,30.624837,104.032636,6862,30.613984,104.039291,True
26447,1,6563,30.657244,104.111371,6922,30.636337,104.129689,True
26453,1,6565,30.639453,104.058337,7019,30.65763,104.070648,True
26455,1,6565,30.670898,104.114875,7151,30.682576,104.140952,True
26456,1,6565,30.626316,104.099984,7006,30.642037,104.083271,True
26462,1,6566,30.706105,103.999421,6758,30.694546,104.011977,True
26466,1,6566,30.651708,104.019521,7131,30.654149,104.05645,True
26469,1,6567,30.649003,104.0575,6887,30.640217,104.075634,True
26481,1,6568,30.682892,104.083695,7752,30.637234,104.040639,True
26487,1,6569,30.62898,104.042253,7095,30.632547,104.066512,True
26492,1,6569,30.65241,104.111825,7507,30.663716,104.075461,True
26500,1,6571,30.634596,104.045938,7058,30.64274,104.074839,True
26501,1,6572,30.682249,104.044558,6777,30.662808,104.040706,True
26504,1,6573,30.695457,104.036907,8058,30.624337,104.00876,True
26510,1,6573,30.705523,104.049819,7516,30.677367,104.009986,True
26513,1,6574,30.637853,104.101631,6792,30.62606,104.094084,True
26522,1,6576,30.665781,104.078366,6803,30.658384,104.075484,True
26525,1,6576,30.632491,103.993745,6684,30.626642,103.992223,True
26527,1,6576,30.642682,104.104645,7523,30.66552,104.042352,True
26543,1,6579,30.601733,104.075667,7555,30.661751,103.994529,True
26549,1,6580,30.673949,104.01242,7096,30.670982,103.983203,True
26550,1,6580,30.687468,104.08312,6942,30.694328,104.073583,True
26552,1,6581,30.670045,104.051868,7413,30.693179,104.073304,True
26554,1,6581,30.603235,104.076588,11694,30.702353,104.072551,True
26561,1,6581,30.603653,104.126819,7715,30.661527,104.084526,True
26570,1,6582,30.648092,104.099873,6887,30.649539,104.116147,True
26572,1,6582,30.629044,104.044294,6947,30.649186,104.030894,True
26574,1,6583,30.685879,104.114334,7383,30.67569,104.070119,True
26579,1,6584,30.608594,104.080501,7602,30.629714,104.141893,True
26583,1,6585,30.617489,104.121448,8157,30.712413,104.067528,True
26584,1,6585,30.63841,103.985816,8646,30.695739,104.073033,True
26588,1,6586,30.68917,104.031122,7580,30.709629,103.981165,True
26593,1,6587,30.700356,104.069206,7266,30.707045,104.038563,True
26595,1,6588,30.668055,104.034058,6819,30.675373,104.034854,True
26598,1,6589,30.621973,104.167804,7884,30.681894,104.086577,True
26601,1,6589,30.67003,104.122006,9367,30.669727,104.02551,True
26603,1,6589,30.648135,104.120448,7344,30.705285,104.103733,True
26615,1,6592,30.643745,104.130308,7689,30.607268,104.038394,True
26629,1,6593,30.626271,104.143911,7567,30.672091,104.111064,True
26630,1,6593,30.646088,103.983378,7871,30.658592,104.077596,True
26632,1,6594,30.629863,104.139154,7829,30.644194,104.07517,True
26643,1,6596,30.700642,104.093531,7985,30.639091,104.066217,True
26648,1,6597,30.682944,104.09018,6791,30.682319,104.083767,True
26657,1,6598,30.636063,104.057317,7085,30.632444,104.039068,True
26672,1,6601,30.687438,104.031534,6805,30.693605,104.024877,True
26676,1,6601,30.667933,104.078353,7167,30.645124,104.062944,True
26677,1,6601,30.658463,104.072823,6769,30.654514,104.079995,True
26689,1,6603,30.714921,104.030073,8115,30.695983,104.072878,True
26691,1,6604,30.624919,104.06158,7295,30.667274,104.040484,True
26707,1,6606,30.665486,104.0681,6813,30.663545,104.072071,True
26709,1,6607,30.655853,104.089445,6807,30.64848,104.085099,True
26711,1,6607,30.650406,104.026749,7231,30.644565,104.07458,True
26717,1,6607,30.636817,104.073863,6999,30.630309,104.079163,True
26734,1,6610,30.638025,104.100956,6641,30.637957,104.10127,True
26742,1,6611,30.61704,104.041165,7048,30.636483,104.014597,True
26744,1,6612,30.669237,104.06562,6770,30.667688,104.055928,True
26745,1,6612,30.648362,104.099592,7269,30.664942,104.065755,True
26758,1,6613,30.658334,104.092781,6750,30.661954,104.101514,True
26772,1,6615,30.647001,104.102659,7400,30.643247,104.061828,True
26786,1,6617,30.666219,104.10946,7440,30.644369,104.074964,True
26792,1,6618,30.661898,104.081451,7636,30.629702,104.141842,True
26811,1,6621,30.692049,104.024309,7564,30.615183,104.060299,True
26813,1,6622,30.619502,104.127488,6836,30.624535,104.133729,True
26819,1,6623,30.695569,104.072739,8323,30.652147,103.996006,True
26832,1,6625,30.625194,103.984409,6654,30.625208,103.984408,True
26842,1,6627,30.613931,104.082047,7056,30.625146,104.067925,True
26847,1,6628,30.657642,104.083733,7132,30.634024,104.077011,True
26849,1,6628,30.643064,104.103023,8522,30.688108,104.076694,True
26850,1,6628,30.622069,103.982939,7484,30.651841,104.01899,True
26864,1,6630,30.682913,104.029062,10532,30.600075,104.079934,True
26871,1,6631,30.70342,104.09482,7469,30.663776,104.071461,True
26875,1,6632,30.689694,104.038103,7108,30.670045,104.027298,True
26877,1,6632,30.6713,104.125656,7541,30.691331,104.049124,True
26887,1,6633,30.642084,104.098502,7220,30.630057,104.141979,True
26895,1,6635,30.615647,104.136,6854,30.617854,104.125889,True
26898,1,6636,30.6297,104.019019,7727,30.678766,104.069549,True
26912,1,6638,30.644539,104.153774,7376,30.650929,104.089135,True
26914,1,6638,30.679685,104.037199,7757,30.649307,104.108199,True
26917,1,6639,30.705197,104.038984,7833,30.695959,104.072954,True
26919,1,6639,30.697455,104.043627,7459,30.662693,104.075158,True
26932,1,6641,30.651641,104.07796,7162,30.682318,104.083574,True
26934,1,6641,30.605289,104.125398,7066,30.620907,104.125937,True
26939,1,6641,30.682367,104.039349,7149,30.685847,104.068742,True
26941,1,6641,30.665765,104.028687,7149,30.67931,104.002772,True
26942,1,6641,30.641403,104.083707,7063,30.653724,104.076153,True
26945,1,6642,30.648389,104.061109,7151,30.629228,104.094796,True
26953,1,6643,30.650704,104.022316,7305,30.636087,104.01714,True
26955,1,6643,30.612556,104.081719,7075,30.610881,104.101266,True
26963,1,6644,30.667703,104.107245,7547,30.654401,104.053199,True
26967,1,6645,30.63042,104.066818,6790,30.639699,104.066571,True
26983,1,6648,30.608541,104.038629,7450,30.639601,104.066246,True
26986,1,6649,30.644168,104.071956,6984,30.651732,104.043576,True
26990,1,6650,30.696282,104.029115,7204,30.669812,104.059767,True
27008,1,6652,30.628676,104.096323,6925,30.619973,104.098254,True
27010,1,6652,30.653861,104.070008,6931,30.655777,104.080612,True
27016,1,6653,30.689835,104.032566,7790,30.684521,103.980825,True
27021,1,6654,30.711316,104.011482,8082,30.644532,104.074668,True
27029,1,6655,30.667674,104.114385,7650,30.668968,104.073536,True
27032,1,6656,30.66893,104.080054,7401,30.62455,104.096394,True
27034,1,6657,30.647832,104.100658,7440,30.60865,104.099212,True
27047,1,6659,30.609626,103.993312,7391,30.629802,104.025961,True
27048,1,6659,30.685691,104.035168,7705,30.642345,104.066199,True
27050,1,6659,30.676435,104.112829,7475,30.668875,104.078166,True
27061,1,6661,30.713356,104.103126,7467,30.696129,104.072894,True
27082,1,6664,30.670549,104.108753,7137,30.70515,104.103472,True
27086,1,6665,30.657866,104.00108,8627,30.602646,104.129004,True
27100,1,6667,30.644056,104.101515,7457,30.654382,104.058745,True
27103,1,6667,30.632181,104.147737,7359,30.631564,104.10223,True
27106,1,6667,30.679961,104.058081,7318,30.670314,104.063594,True
27118,1,6670,30.660344,104.106199,7425,30.671588,104.067236,True
27128,1,6671,30.639088,104.034729,7063,30.645057,104.058804,True
27138,1,6671,30.643009,104.043914,7169,30.655072,104.068594,True
27139,1,6671,30.678674,104.019649,7412,30.666287,104.056098,True
27144,1,6672,30.607072,104.038725,7475,30.659729,104.061004,True
27146,1,6672,30.656267,104.06203,7407,30.626619,104.081694,True
27149,1,6673,30.682837,103.991919,6994,30.674249,104.003376,True
27152,1,6673,30.692461,104.078601,7321,30.677548,104.059258,True
27157,1,6674,30.646213,104.104299,7916,30.671069,104.01852,True
27160,1,6675,30.654123,104.047898,7600,30.653014,103.994873,True
27164,1,6675,30.71538,104.112074,7013,30.703876,104.097099,True
27167,1,6675,30.633824,104.066868,7131,30.663658,104.071174,True
27171,1,6676,30.66957,104.008966,7981,30.695017,104.066325,True
27175,1,6676,30.651184,104.002478,8073,30.658858,104.072331,True
27181,1,6678,30.670398,104.074586,8162,30.645979,103.983322,True
27183,1,6678,30.602376,104.12353,6896,30.613281,104.114254,True
27188,1,6679,30.644199,104.04823,7518,30.667226,104.075399,True
27192,1,6680,30.671358,104.040437,7073,30.648994,104.059857,True
27197,1,6681,30.701993,104.096106,8332,30.631739,104.030324,True
27198,1,6681,30.635865,104.053159,7154,30.631617,104.076226,True
27209,1,6683,30.671048,104.048215,7650,30.653172,104.110044,True
27214,1,6684,30.671302,104.112996,7039,30.662326,104.097205,True
27215,1,6684,30.707665,104.011016,7045,30.69612,104.022376,True
27231,1,6686,30.631241,104.153942,8052,30.643353,104.06615,True
27234,1,6687,30.636887,104.132888,7647,30.670792,104.062202,True
27235,1,6687,30.651048,104.08043,6961,30.64458,104.074627,True
27236,1,6687,30.627644,104.148976,7220,30.602627,104.129131,True
27246,1,6690,30.61607,104.040183,7696,30.67534,104.07039,True
27247,1,6690,30.648462,104.075646,6931,30.654735,104.073629,True
27249,1,6691,30.645749,104.013693,8283,30.62757,104.142195,True
27262,1,6694,30.701818,104.089247,7505,30.69588,104.072949,True
27266,1,6695,30.627615,104.047808,7504,30.663654,104.073137,True
27270,1,6695,30.693441,104.001938,6915,30.70745,104.022408,True
27271,1,6696,30.640267,104.093537,7816,30.696112,104.072874,True
27272,1,6696,30.673254,104.084487,6984,30.672127,104.071051,True
27280,1,6697,30.622259,104.057619,7404,30.627594,104.01969,True
27299,1,6700,30.632448,104.005071,7545,30.624234,104.067104,True
27300,1,6701,30.689789,104.11467,7811,30.666873,104.048045,True
27302,1,6701,30.622768,104.04494,7267,30.650656,104.120549,True
27332,1,6706,30.683194,104.110498,7984,30.666558,104.046823,True
27362,1,6710,30.712852,104.109553,8408,30.639456,104.066192,True
27365,1,6710,30.678713,104.042937,7307,30.694809,104.073409,True
27367,1,6710,30.638094,104.054369,7573,30.636101,104.127547,True
27370,1,6711,30.672013,104.109175,7489,30.644479,104.07453,True
27374,1,6711,30.637847,104.101189,6971,30.637502,104.10799,True
27389,1,6714,30.610659,104.076617,7255,30.624988,104.095609,True
27414,1,6718,30.637776,104.084551,8222,30.695874,104.073037,True
27421,1,6719,30.694025,104.032758,7243,30.704687,104.014635,True
27425,1,6719,30.626921,104.033898,7405,30.640214,104.061322,True
27441,1,6722,30.622909,104.098015,7543,30.650291,104.080022,True
27449,1,6724,30.693707,104.013119,7250,30.672492,104.013699,True
27458,1,6725,30.683128,104.08372,8466,30.645067,104.074932,True
27474,1,6728,30.710333,103.993216,7199,30.704497,104.013567,True
27478,1,6729,30.699401,104.047033,7297,30.704726,104.014692,True
27481,1,6729,30.667063,104.08782,7134,30.64444,104.074512,True
27486,1,6731,30.639604,104.061053,7053,30.645117,104.072303,True
27490,1,6731,30.634302,104.066638,7446,30.663409,104.040597,True
27498,1,6734,30.685594,104.089075,7465,30.694576,104.075743,True
27504,1,6736,30.646117,104.05428,6859,30.642841,104.048684,True
27506,1,6736,30.667149,104.074766,7085,30.652557,104.068325,True
27515,1,6738,30.639291,104.09424,7085,30.637905,104.075978,True
27525,1,6739,30.666048,103.986784,8299,30.627914,104.141909,True
27535,1,6740,30.627888,104.00275,7625,30.637775,104.058294,True
27536,1,6741,30.705179,103.998716,8944,30.67691,104.011235,True
27542,1,6741,30.67985,104.078447,7406,30.659346,104.093916,True
27549,1,6742,30.629528,104.061497,7331,30.645116,104.075564,True
27550,1,6742,30.695532,104.072701,7650,30.702709,104.072456,True
27596,1,6748,30.614399,104.062433,7449,30.637382,104.122289,True
27599,1,6749,30.675416,104.108628,7771,30.661625,104.066043,True
27602,1,6749,30.656067,104.071027,8065,30.653565,104.119819,True
27609,1,6750,30.650307,103.999047,8438,30.696093,104.072881,True
27614,1,6751,30.646351,104.038284,7713,30.629252,103.980291,True
27630,1,6755,30.642226,104.041041,8253,30.629295,104.143956,True
27631,1,6756,30.646844,104.091532,7814,30.61686,104.122778,True
27639,1,6756,30.636197,104.032191,7759,30.630553,104.142386,True
27642,1,6757,30.685957,104.072742,7060,30.694494,104.066556,True
27644,1,6757,30.625558,104.07366,7125,30.645047,104.075138,True
27647,1,6757,30.662176,104.134134,8435,30.702762,104.07249,True
27648,1,6758,30.655587,104.091044,7236,30.674324,104.085408,True
27655,1,6760,30.634686,104.078347,7437,30.670653,104.10873,True
27656,1,6760,30.676804,104.086971,7587,30.652934,104.11583,True
27657,1,6760,30.621185,104.071972,7542,30.638061,104.101694,True
27668,1,6762,30.684958,104.076006,7152,30.688414,104.094624,True
27669,1,6762,30.705,104.095681,7298,30.712449,104.114631,True
27673,1,6763,30.637656,104.038975,7187,30.663442,104.040844,True
27677,1,6764,30.659114,104.055925,7379,30.66993,104.081226,True
27678,1,6764,30.666382,104.109959,7333,30.638836,104.085346,True
27690,1,6766,30.664629,104.079784,7191,30.658575,104.067159,True
27692,1,6766,30.663835,104.085681,7480,30.641356,104.039911,True
27693,1,6766,30.684874,104.054104,7174,30.671486,104.057063,True
27696,1,6767,30.626671,104.058209,8460,30.602945,104.062879,True
27709,1,6769,30.647586,104.116471,7978,30.653035,104.039247,True
27711,1,6771,30.656058,104.094112,14803,30.702026,104.094975,True
27714,1,6771,30.693208,104.073481,7725,30.655101,104.040768,True
27719,1,6772,30.651823,104.014936,7076,30.662323,104.022868,True
27729,1,6773,30.667052,104.033678,6911,30.663289,104.04059,True
27730,1,6773,30.646013,104.078141,7033,30.644522,104.074973,True
27732,1,6774,30.685021,104.111199,7170,30.66499,104.105496,True
27741,1,6775,30.63508,104.052504,7456,30.647603,104.021766,True
27744,1,6775,30.665561,104.107818,6957,30.669836,104.12169,True
27745,1,6776,30.668384,104.03292,6993,30.672024,104.01314,True
27771,1,6779,30.66607,104.047464,7118,30.670123,104.061806,True
27779,1,6781,30.639111,104.066329,7179,30.62788,104.053996,True
27781,1,6781,30.667359,104.104167,6981,30.674452,104.097523,True
27790,1,6782,30.667866,104.107201,7374,30.678597,104.071984,True
27796,1,6782,30.623876,104.096679,7925,30.626804,103.998835,True
27812,1,6785,30.678318,104.101325,7448,30.63968,104.06666,True
27814,1,6786,30.679509,104.106247,9384,30.679108,104.0474,True
27816,1,6787,30.635128,104.011024,7339,30.653337,104.005039,True
27822,1,6788,30.688134,104.039777,6930,30.683991,104.031623,True
27828,1,6789,30.639596,104.019916,7353,30.687453,104.022204,True
27831,1,6789,30.659727,104.05607,7538,30.647018,103.99786,True
27834,1,6790,30.700429,104.093872,7533,30.694859,104.070901,True
27838,1,6790,30.672552,104.123742,8228,30.667301,104.052267,True
27854,1,6792,30.702862,104.076649,8265,30.655517,104.105175,True
27856,1,6793,30.703861,104.06602,7700,30.71072,104.000913,True
27858,1,6793,30.646996,104.041113,7113,30.638649,104.056283,True
27860,1,6793,30.610781,104.05487,7455,30.646058,104.041441,True
27866,1,6794,30.705295,104.017012,7924,30.651245,104.025295,True
27872,1,6795,30.631195,104.0461,7314,30.649266,104.054314,True
27875,1,6795,30.691745,104.050792,7998,30.629869,104.141482,True
27878,1,6796,30.625391,104.071911,7322,30.664756,104.065912,True
27893,1,6798,30.683651,104.048652,7446,30.704292,104.012088,True
27895,1,6798,30.67289,104.094739,7657,30.702906,104.072273,True
27896,1,6798,30.655378,104.099387,7972,30.61097,104.100547,True
27901,1,6800,30.661199,104.086518,7327,30.653295,104.081778,True
27905,1,6800,30.67258,104.006822,7198,30.678588,104.019657,True
27912,1,6802,30.633535,104.038871,7003,30.632784,104.050839,True
27919,1,6803,30.692517,104.086458,7695,30.709268,104.066434,True
27930,1,6805,30.612227,104.062639,6864,30.615805,104.062582,True
27935,1,6807,30.652703,104.08986,7613,30.672917,104.054824,True
27938,1,6808,30.702674,104.039113,7857,30.662663,104.062576,True
27942,1,6808,30.607775,104.037092,7360,30.651917,104.019857,True
27944,1,6808,30.67983,104.005777,8234,30.694657,104.072636,True
27956,1,6811,30.641475,103.992782,8030,30.665315,104.065534,True
27964,1,6812,30.679311,104.019864,7013,30.686618,104.019298,True
27969,1,6813,30.699545,104.097551,7703,30.6956,104.066345,True
27974,1,6814,30.673598,104.081628,7455,30.668954,104.048514,True
27989,1,6816,30.666284,104.040799,7087,30.685264,104.042106,True
28007,1,6818,30.639412,104.105933,7074,30.653795,104.117249,True
28024,1,6820,30.625494,104.075338,7256,30.642021,104.073205,True
28049,1,6824,30.699216,104.112239,7648,30.636206,104.127745,True
28050,1,6824,30.650952,104.001872,7928,30.637929,104.058378,True
28052,1,6824,30.691511,104.041073,7570,30.662318,104.036418,True
28056,1,6825,30.654014,104.056362,7129,30.663787,104.040863,True
28057,1,6825,30.652203,104.110493,7276,30.665699,104.104875,True
28062,1,6826,30.65088,104.120555,7665,30.64131,104.032688,True
28063,1,6826,30.694859,104.078116,7618,30.692373,104.036331,True
28065,1,6827,30.683493,104.052646,10960,30.694569,104.062843,True
28067,1,6827,30.608531,104.11567,7468,30.627578,104.141705,True
28071,1,6828,30.633759,104.07587,7156,30.645101,104.075004,True
28079,1,6830,30.665881,104.040589,7515,30.619886,104.036293,True
28086,1,6831,30.633602,104.027871,7786,30.696892,104.014978,True
28087,1,6831,30.657808,104.079742,8178,30.704703,104.014645,True
28096,1,6832,30.637269,104.101215,7648,30.672026,104.112935,True
28101,1,6834,30.679262,104.103814,8119,30.644465,104.074383,True
28106,1,6835,30.677413,104.087375,7344,30.704238,104.104032,True
28107,1,6835,30.715456,104.111032,7919,30.695822,104.072834,True
28111,1,6836,30.650501,104.109474,7968,30.69542,104.073813,True
28125,1,6839,30.640524,104.061439,7683,30.670792,104.056701,True
28126,1,6839,30.673405,104.076944,7082,30.670783,104.06621,True
28137,1,6840,30.619973,104.064111,7682,30.63007,104.142177,True
28145,1,6842,30.664599,104.163848,6992,30.667369,104.1626,True
28146,1,6842,30.612011,104.057251,7099,30.616516,104.069133,True
28165,1,6844,30.700827,104.049427,7761,30.689362,104.073436,True
28169,1,6844,30.654575,104.090405,7229,30.654425,104.070312,True
28178,1,6845,30.651675,104.045011,7270,30.658736,104.07776,True
28200,1,6849,30.624541,103.988657,7466,30.645018,104.027827,True
28201,1,6849,30.717641,104.167435,8236,30.713029,103.995542,True
28202,1,6849,30.636977,104.009143,8000,30.683652,104.043966,True
28222,1,6852,30.684475,104.103615,7464,30.653608,104.116306,True
28236,1,6855,30.689068,104.056046,7462,30.67566,104.10956,True
28247,1,6857,30.665167,103.980116,8170,30.655412,104.071727,True
28249,1,6857,30.683223,104.091462,7979,30.711545,104.040417,True
28252,1,6858,30.639727,104.017089,7155,30.629636,104.027241,True
28256,1,6858,30.647816,104.0886,7323,30.66021,104.086182,True
28266,1,6861,30.687043,104.109445,7642,30.644399,104.074921,True
28288,1,6864,30.669136,104.103226,8904,30.626895,103.989492,True
28295,1,6865,30.630955,104.13917,8030,30.687855,104.081414,True
28308,1,6866,30.625472,104.085297,7172,30.629204,104.071534,True
28323,1,6869,30.679493,104.054684,7562,30.644442,104.074715,True
28333,1,6871,30.661072,104.089797,8162,30.71358,104.040109,True
28344,1,6872,30.670633,104.020979,6928,30.670928,104.018791,True
28358,1,6874,30.642316,104.093607,7181,30.61825,104.092826,True
28361,1,6874,30.657147,104.111031,8279,30.635049,104.020847,True
28367,1,6875,30.626954,104.098844,7239,30.618295,104.12028,True
28370,1,6875,30.67677,104.011368,7428,30.663138,104.040575,True
28375,1,6876,30.626853,104.143581,7405,30.621936,104.106999,True
28377,1,6876,30.689125,104.021196,7356,30.690046,104.046637,True
28390,1,6878,30.624358,104.096435,7479,30.657184,104.097293,True
28391,1,6878,30.685057,104.054589,8201,30.659701,104.110908,True
28400,1,6880,30.658602,104.093287,7010,30.659654,104.086302,True
28405,1,6881,30.694204,104.066239,7347,30.663385,104.040617,True
28418,1,6883,30.666657,104.047974,7730,30.637309,104.045161,True
28422,1,6885,30.629382,104.057149,7102,30.625028,104.069503,True
28425,1,6885,30.632514,104.005265,8315,30.658396,104.075272,True
28429,1,6886,30.68128,104.113753,7604,30.716652,104.10477,True
28431,1,6886,30.639578,104.054882,7500,30.649196,104.09573,True
28435,1,6887,30.668013,104.114321,7705,30.624433,104.066895,True
28449,1,6890,30.718851,104.107244,7319,30.707656,104.098839,True
28452,1,6890,30.667873,104.114943,7571,30.664665,104.077399,True
28462,1,6892,30.624957,104.065966,7288,30.631326,104.076529,True
28470,1,6893,30.653424,104.115031,8011,30.674104,104.058747,True
28479,1,6894,30.637352,104.131923,7250,30.638165,104.130784,True
28484,1,6896,30.64583,104.075109,7319,30.654429,104.098977,True
28491,1,6897,30.646894,104.090939,8031,30.660704,104.053092,True
28492,1,6897,30.670007,104.023037,7787,30.648754,104.098221,True
28497,1,6898,30.648286,104.099775,7389,30.670555,104.108224,True
28501,1,6898,30.645409,104.139655,7224,30.630358,104.142739,True
28505,1,6899,30.614144,104.134712,7262,30.622744,104.119921,True
28514,1,6900,30.65563,104.104438,7706,30.621621,104.088903,True
28528,1,6902,30.616366,104.103059,7191,30.611691,104.094294,True
28531,1,6902,30.676463,104.051923,7325,30.670142,104.06317,True
28539,1,6904,30.637669,104.066471,7106,30.645196,104.075307,True
28555,1,6906,30.622181,104.146247,7414,30.667331,104.162653,True
28557,1,6907,30.681674,104.047092,7952,30.638416,104.075854,True
28579,1,6910,30.714323,104.046929,7955,30.667223,104.0517,True
28581,1,6911,30.653001,104.052218,7199,30.66291,104.040762,True
28587,1,6911,30.702169,104.051903,7737,30.695404,104.073768,True
28599,1,6913,30.609545,104.036767,7817,30.639405,104.066217,True
28602,1,6914,30.649599,104.145729,7321,30.664592,104.164131,True
28622,1,6917,30.710167,104.092185,8398,30.643423,104.061649,True
28640,1,6920,30.678556,104.042831,7823,30.706589,104.080611,True
28643,1,6921,30.650553,104.029297,7151,30.662379,104.020231,True
28646,1,6921,30.638346,104.034846,7431,30.608374,104.036,True
28647,1,6921,30.6618,104.106857,7585,30.658652,104.076413,True
28661,1,6923,30.681997,104.085987,7872,30.669476,104.040467,True
28662,1,6923,30.635206,104.010543,7150,30.627164,103.989431,True
28666,1,6924,30.62844,104.045894,6944,30.629003,104.044255,True
28677,1,6926,30.64358,104.077269,8292,30.664246,103.988135,True
28689,1,6928,30.62802,104.00328,7452,30.650976,104.018293,True
28694,1,6929,30.640201,104.061292,8328,30.627758,104.141296,True
28699,1,6930,30.682411,104.030382,7807,30.718144,104.110905,True
28703,1,6931,30.663563,104.07099,8106,30.705079,104.103422,True
28713,1,6933,30.691458,104.041201,7270,30.666869,104.040744,True
28727,1,6936,30.646111,104.077247,7976,30.670148,104.106615,True
28735,1,6937,30.713485,104.113024,8661,30.671096,104.056934,True
28742,1,6937,30.683554,104.112299,7459,30.678964,104.081153,True
28748,1,6939,30.652559,104.07517,7106,30.653436,104.079107,True
28760,1,6941,30.644836,104.018931,7563,30.682229,104.044733,True
28766,1,6942,30.666466,104.12909,7419,30.651945,104.114709,True
28773,1,6944,30.684253,104.140966,8924,30.686369,104.10289,True
28780,1,6945,30.606903,104.117565,7331,30.602771,104.128514,True
28783,1,6945,30.621709,104.066759,8065,30.623057,103.992786,True
28801,1,6948,30.681933,104.099145,8091,30.640994,104.061675,True
28812,1,6949,30.676394,104.04146,7518,30.658722,104.072165,True
28813,1,6949,30.678499,104.036062,8965,30.635985,104.127692,True
28822,1,6951,30.632872,104.006012,6956,30.627357,103.994628,True
28828,1,6952,30.628053,104.140739,8505,30.695869,104.072805,True
28836,1,6953,30.681887,104.078229,8000,30.608252,104.080396,True
28843,1,6954,30.64947,104.117058,7471,30.667005,104.104552,True
28844,1,6955,30.671547,104.032761,7564,30.648813,104.061232,True
28845,1,6955,30.646924,104.018382,7750,30.635368,104.050311,True
28851,1,6956,30.656601,104.07394,7540,30.644425,104.049358,True
28859,1,6957,30.663735,104.013965,8374,30.629631,104.077185,True
28875,1,6959,30.614228,104.094123,7567,30.600573,104.065862,True
28878,1,6959,30.632208,104.031068,7672,30.662566,104.047248,True
28880,1,6960,30.702871,104.023109,7436,30.678222,104.024028,True
28885,1,6960,30.672378,104.013645,7659,30.643881,104.025844,True
28887,1,6961,30.625453,104.09881,7983,30.651819,104.040646,True
28889,1,6962,30.671452,104.078586,7217,30.673849,104.069383,True
28890,1,6962,30.683376,104.096847,7256,30.66938,104.110638,True
28894,1,6962,30.674412,104.123228,7910,30.651532,104.070353,True
28902,1,6963,30.670427,104.06655,7654,30.644677,104.074279,True
28910,1,6964,30.640921,104.152517,7205,30.649795,104.143323,True
28913,1,6964,30.667742,104.120297,7713,30.620529,104.057547,True
28923,1,6965,30.630387,104.044334,7054,30.635766,104.046245,True
28928,1,6966,30.633401,104.001409,8144,30.649622,104.061644,True
28930,1,6967,30.709642,104.02431,7142,30.704688,104.01441,True
28932,1,6967,30.606036,104.098582,7863,30.65685,104.072982,True
28938,1,6968,30.644151,104.139707,7331,30.665679,104.163438,True
28943,1,6969,30.651904,104.019957,8099,30.641328,104.056683,True
28947,1,6970,30.705324,104.024692,8702,30.602366,104.068663,True
28961,1,6972,30.614887,104.011505,7227,30.603148,104.006816,True
28962,1,6973,30.648834,104.125718,7188,30.654992,104.119539,True
28991,1,6977,30.664564,104.070672,7240,30.644387,104.074966,True
28999,1,6977,30.687826,104.03743,8470,30.707132,104.091896,True
29012,1,6980,30.701184,104.104995,7962,30.694528,104.083891,True
29023,1,6982,30.695465,104.07256,7870,30.682274,104.044784,True
29026,1,6982,30.656629,104.122873,7939,30.63372,104.075557,True
29030,1,6983,30.635916,104.057384,7382,30.656501,104.067497,True
29040,1,6985,30.626922,104.144641,8308,30.644462,104.074289,True
29046,1,6986,30.677041,104.050083,7531,30.656521,104.066032,True
29049,1,6986,30.66809,104.052265,8189,30.623009,104.105208,True
29054,1,6987,30.694489,104.075127,8193,30.715971,104.142455,True
29056,1,6988,30.667214,104.162647,8022,30.627743,104.104963,True
29059,1,6988,30.615868,104.12384,8362,30.694378,104.064522,True
29060,1,6988,30.719718,104.080905,8281,30.681855,104.084409,True
29068,1,6990,30.651376,104.058361,7108,30.65942,104.056038,True
29074,1,6991,30.669726,104.064558,7401,30.671047,104.077025,True
29076,1,6991,30.658349,104.055446,7630,30.632539,104.038925,True
29077,1,6991,30.639642,104.054589,14789,30.675666,104.070228,True
29085,1,6994,30.663999,104.044862,7743,30.681058,103.983526,True
29087,1,6994,30.605301,104.059575,7628,30.641566,104.075547,True
29102,1,6997,30.63082,103.993798,8033,30.69282,104.016824,True
29105,1,6998,30.649726,104.057853,7729,30.634758,104.01736,True
29112,1,6999,30.676068,104.086495,7319,30.67038,104.066784,True
29119,1,7000,30.6166,104.092944,7940,30.670878,104.060269,True
29127,1,7001,30.628237,104.046602,7113,30.622519,104.049772,True
29136,1,7003,30.667761,104.114547,7920,30.61197,104.066725,True
29140,1,7003,30.630189,104.160786,7243,30.629778,104.150108,True
29141,1,7003,30.673755,104.097687,8005,30.641056,104.056429,True
29154,1,7004,30.719504,104.030492,8035,30.631006,103.98249,True
29160,1,7005,30.639926,104.097464,7094,30.64402,104.095819,True
29169,1,7006,30.679822,104.054125,7686,30.683569,104.08398,True
29179,1,7008,30.673271,104.098127,7986,30.641245,104.056494,True
29181,1,7009,30.633822,104.074516,8383,30.665166,104.163446,True
29184,1,7009,30.646911,104.084291,7394,30.652704,104.063535,True
29191,1,7010,30.683646,104.109112,7556,30.672125,104.083253,True
29203,1,7011,30.66723,104.075863,7315,30.661278,104.086448,True
29212,1,7012,30.668502,104.08002,7964,30.695732,104.072973,True
29214,1,7012,30.683411,104.046278,7543,30.665509,104.031253,True
29216,1,7012,30.692528,104.088967,7705,30.682369,104.030135,True
29235,1,7016,30.616474,104.049427,7259,30.614289,104.057639,True
29241,1,7017,30.6623,104.085777,7370,30.680859,104.093945,True
29242,1,7018,30.626443,104.081525,7688,30.658612,104.060882,True
29251,1,7020,30.644514,104.092662,7318,30.659749,104.093903,True
29259,1,7021,30.706513,104.027003,7924,30.675793,104.080399,True
29276,1,7024,30.639237,104.102465,7160,30.636647,104.09385,True
29281,1,7025,30.667119,104.059923,7427,30.637295,104.046608,True
29286,1,7026,30.684154,104.027446,7308,30.680897,104.014891,True
29293,1,7028,30.667176,104.040637,7390,30.694457,104.033587,True
29308,1,7031,30.642872,104.073375,7833,30.646606,104.064047,True
29315,1,7033,30.665886,104.047314,7218,30.670832,104.051501,True
29325,1,7035,30.712233,104.047819,8112,30.694534,104.062813,True
29327,1,7035,30.63814,104.044355,8454,30.629649,104.141678,True
29331,1,7036,30.65633,104.088179,7198,30.66096,104.086509,True
29345,1,7037,30.661461,104.014112,7321,30.655425,104.001286,True
29349,1,7038,30.697363,104.171849,7878,30.665386,104.12242,True
29386,1,7044,30.646932,104.102886,7340,30.65463,104.106504,True
29394,1,7045,30.695526,104.072757,7578,30.688427,104.063091,True
29402,1,7046,30.621038,104.102903,7685,30.633145,104.075346,True
29405,1,7047,30.693245,104.038836,7861,30.695387,104.073837,True
29406,1,7047,30.667428,104.045253,7087,30.665053,104.046797,True
29416,1,7048,30.714637,103.989545,8079,30.646182,104.039869,True
29426,1,7050,30.654369,104.098799,7540,30.653868,104.072587,True
29427,1,7050,30.664669,104.163409,8541,30.702293,104.072941,True
29428,1,7050,30.668237,104.049775,7535,30.658295,104.078497,True
29429,1,7051,30.648218,104.121661,10096,30.663323,104.04062,True
29431,1,7051,30.679335,104.056274,7416,30.671862,104.054328,True
29437,1,7052,30.662739,104.060537,8006,30.634853,104.030281,True
29438,1,7052,30.603053,104.101855,7689,30.629134,104.076535,True
29449,1,7054,30.681037,104.021618,7988,30.679495,104.056698,True
29458,1,7055,30.70925,104.014782,8140,30.652993,104.065793,True
29466,1,7056,30.667563,104.045189,7391,30.670158,104.06191,True
29472,1,7057,30.685664,104.034052,8038,30.676135,103.996447,True
29473,1,7057,30.64724,104.067735,7599,30.658538,104.02925,True
29475,1,7058,30.637221,104.038313,7565,30.66439,104.036883,True
29478,1,7058,30.640493,104.058212,7349,30.647263,104.064433,True
29480,1,7058,30.613936,104.060371,7995,30.655736,104.108242,True
29482,1,7059,30.688302,104.083629,7415,30.681127,104.070172,True
29484,1,7059,30.666984,104.052077,7561,30.671202,104.018804,True
29491,1,7061,30.662294,104.020978,7530,30.640316,104.02057,True
29502,1,7063,30.681468,104.105142,7393,30.702119,104.094876,True
29504,1,7063,30.613713,104.010625,8177,30.680308,104.053434,True
29514,1,7065,30.647599,104.078419,7987,30.655733,104.115181,True
29515,1,7065,30.617268,104.098827,7624,30.636029,104.127673,True
29519,1,7066,30.695461,104.007897,7754,30.672004,104.009302,True
29544,1,7070,30.682414,104.098867,7746,30.63601,104.12773,True
29548,1,7070,30.710415,104.114226,7911,30.717134,104.059555,True
29557,1,7071,30.70186,104.002645,8162,30.65082,104.030053,True
29559,1,7071,30.665953,104.033282,7852,30.642917,104.086182,True
29562,1,7072,30.655951,104.094526,7906,30.625312,104.076385,True
29567,1,7074,30.603411,104.163673,7166,30.605767,104.156583,True
29572,1,7074,30.622066,104.05244,7686,30.635922,104.091427,True
29586,1,7076,30.662651,104.021356,7854,30.663648,104.060852,True
29592,1,7077,30.68635,104.089647,7591,30.665447,104.077857,True
29596,1,7077,30.665312,104.090767,7965,30.695707,104.072989,True
29599,1,7078,30.684931,104.076771,7399,30.693977,104.066228,True
29605,1,7079,30.66543,104.112655,7667,30.705289,104.103725,True
29626,1,7081,30.661151,104.082133,7432,30.655185,104.072835,True
29629,1,7082,30.634398,104.033437,7900,30.633524,104.100025,True
29634,1,7082,30.664961,104.056024,7325,30.659082,104.050827,True
29635,1,7082,30.661225,104.004943,7420,30.645126,104.014427,True
29642,1,7084,30.7001,104.094434,7506,30.683951,104.082555,True
29649,1,7086,30.679125,104.043297,8087,30.668232,104.100531,True
29654,1,7086,30.629599,104.061316,7594,30.633464,104.038402,True
29663,1,7088,30.702406,104.045877,7841,30.685492,104.018269,True
29674,1,7090,30.650159,103.998721,7868,30.6125,104.006405,True
29683,1,7092,30.685138,104.055243,7544,30.66999,104.023606,True
29687,1,7093,30.636721,104.100874,7689,30.655575,104.07212,True
29688,1,7093,30.648092,104.100344,7492,30.661974,104.074992,True
29690,1,7093,30.690292,104.106097,7665,30.68952,104.094869,True
29694,1,7094,30.669951,104.056478,7529,30.665527,104.040529,True
29698,1,7094,30.659654,104.021302,8252,30.602031,104.074282,True
29710,1,7097,30.673703,103.992597,7395,30.663467,103.995669,True
29717,1,7098,30.665176,104.084582,7970,30.654661,104.063247,True
29724,1,7098,30.694835,104.082306,8133,30.657734,104.161172,True
29726,1,7098,30.715369,104.042704,8321,30.681986,104.084182,True
29727,1,7099,30.642788,104.075158,7245,30.653112,104.078948,True
29729,1,7099,30.633926,104.041463,7457,30.648611,104.055141,True
29732,1,7100,30.675555,104.006127,7736,30.631988,103.992393,True
29737,1,7101,30.649594,104.085313,7365,30.64531,104.093813,True
29743,1,7101,30.614652,104.052957,7246,30.611907,104.061303,True
29748,1,7101,30.645514,104.028777,7802,30.6615,104.049736,True
29749,1,7102,30.62418,104.093529,7804,30.657572,104.071085,True
29757,1,7104,30.620247,103.987632,7807,30.667387,103.993976,True
29760,1,7105,30.66103,104.011799,7466,30.660346,104.038987,True
29762,1,7105,30.650865,104.117976,8029,30.64442,104.074872,True
29764,1,7106,30.693942,104.012196,7504,30.679931,103.99102,True
29766,1,7106,30.663513,103.989668,8029,30.659103,104.054936,True
29770,1,7107,30.660751,104.051554,7253,30.653602,104.060473,True
29771,1,7107,30.654129,104.117239,7823,30.61355,104.067382,True
29775,1,7107,30.665136,104.083847,8053,30.695334,104.073797,True
29790,1,7109,30.674755,104.134526,9469,30.70287,104.004381,True
29813,1,7112,30.685209,104.075836,7550,30.670785,104.060279,True
29821,1,7112,30.69892,104.057599,7558,30.679126,104.069458,True
29824,1,7112,30.645488,104.058189,7506,30.644529,104.074736,True
29825,1,7113,30.621769,104.057607,7451,30.632699,104.066453,True
29832,1,7114,30.659494,104.04075,7868,30.694027,104.066296,True
29840,1,7115,30.649549,104.10789,8397,30.695588,104.026392,True
29847,1,7116,30.685643,104.102848,8261,30.66288,104.072303,True
29850,1,7116,30.669668,104.106336,8037,30.70613,104.041584,True
29864,1,7119,30.66202,104.081453,7577,30.672711,104.063582,True
29865,1,7119,30.658396,104.115282,8027,30.671372,104.067264,True
29868,1,7119,30.630257,104.139171,8523,30.610883,104.092743,True
29872,1,7119,30.704149,104.012612,8367,30.681872,104.086504,True
29876,1,7120,30.61245,104.067135,7431,30.608929,104.049309,True
29878,1,7120,30.611861,104.114713,8053,30.627575,104.071666,True
29882,1,7120,30.653815,104.071823,8227,30.670974,103.985087,True
29888,1,7122,30.662429,104.090205,8209,30.695518,104.040715,True
29891,1,7122,30.68027,104.037554,7400,30.668556,104.040406,True
29893,1,7122,30.643766,104.101939,7655,30.625998,104.094082,True
29897,1,7123,30.658155,104.060367,7281,30.656396,104.067186,True
29906,1,7124,30.657772,104.07662,8507,30.695837,104.072694,True
29910,1,7126,30.65303,104.089422,7759,30.630814,104.142831,True
29911,1,7126,30.692129,104.02668,7371,30.704998,104.021915,True
29912,1,7126,30.640093,104.053366,7652,30.620062,104.092847,True
29921,1,7127,30.634,104.076824,7531,30.62599,104.094019,True
29922,1,7127,30.681012,104.032258,7999,30.664875,104.007944,True
29936,1,7129,30.65546,104.115529,8252,30.645287,104.073898,True
29950,1,7132,30.674938,104.029748,7899,30.682596,104.083431,True
29953,1,7132,30.69563,104.072742,7975,30.672937,104.057412,True
29956,1,7133,30.678106,104.002172,7979,30.71245,104.102547,True
29963,1,7133,30.708368,104.097235,7406,30.699238,104.10703,True
29968,1,7134,30.662409,104.085811,7374,30.678269,104.094073,True
29970,1,7135,30.678968,103.986161,7981,30.691459,104.047732,True
29985,1,7137,30.645075,104.018342,8412,30.667111,104.088013,True
29991,1,7138,30.646214,104.040609,7779,30.634345,104.077661,True
29993,1,7138,30.644905,104.018592,7684,30.668112,104.034359,True
30001,1,7139,30.61014,104.036948,8159,30.674958,104.04937,True
30018,1,7142,30.707589,104.048165,7846,30.712135,104.067386,True
30021,1,7143,30.646362,104.118866,7699,30.667529,104.107226,True
30022,1,7143,30.670815,104.114819,7532,30.666585,104.130148,True
30032,1,7145,30.691312,104.090594,7627,30.6699,104.121992,True
30037,1,7145,30.643993,104.096332,8129,30.663172,104.040592,True
30079,1,7151,30.685062,104.103259,7824,30.678682,104.069792,True
30100,1,7155,30.637852,104.017612,7651,30.661785,104.015706,True
30101,1,7155,30.626093,104.085898,7608,30.650632,104.083432,True
30104,1,7156,30.679144,104.037247,7294,30.67449,104.033336,True
30107,1,7156,30.649304,104.061817,8458,30.630425,104.141897,True
30108,1,7156,30.651113,104.025744,9317,30.644438,104.049435,True
30111,1,7157,30.673095,104.028224,7720,30.684165,104.041136,True
30117,1,7158,30.651895,104.016183,8149,30.705258,104.10365,True
30138,1,7161,30.681654,104.092935,8500,30.704438,104.013663,True
30142,1,7161,30.67456,104.134788,8475,30.674068,104.065163,True
30150,1,7163,30.670066,104.067254,7613,30.691394,104.04989,True
30155,1,7164,30.697766,104.044453,20961,30.681934,104.084607,True
30162,1,7166,30.642138,104.073265,8756,30.704765,104.014689,True
30170,1,7168,30.68374,104.088339,7568,30.685165,104.072852,True
30183,1,7170,30.67436,104.092949,7779,30.670599,104.066369,True
30197,1,7174,30.672155,104.137796,7813,30.62728,104.140774,True
30198,1,7174,30.640004,104.105322,7595,30.636117,104.127599,True
30203,1,7175,30.64873,104.086639,7593,30.645362,104.072465,True
30205,1,7175,30.680821,104.045716,7629,30.643255,104.04114,True
30220,1,7177,30.642929,104.072187,7594,30.653771,104.061641,True
30222,1,7178,30.676972,103.997111,14029,30.667185,104.067296,True
30233,1,7180,30.605307,104.036597,8505,30.647878,104.088147,True
30251,1,7183,30.683646,104.032942,8397,30.671673,104.078001,True
30260,1,7186,30.654957,104.068425,7645,30.644419,104.074919,True
30266,1,7187,30.616397,104.092839,7980,30.664296,104.112563,True
30271,1,7187,30.673039,104.112304,8142,30.66014,104.069489,True
30275,1,7188,30.651045,104.118654,7692,30.678932,104.121189,True
30278,1,7189,30.671127,104.125539,8789,30.676102,103.996672,True
30283,1,7189,30.610321,104.094657,7475,30.609651,104.081062,True
30296,1,7191,30.646111,104.171811,8932,30.648208,104.059832,True
30302,1,7192,30.645762,104.056133,8121,30.660284,104.094101,True
30308,1,7192,30.638848,104.087203,7900,30.639298,104.066208,True
30316,1,7193,30.688217,104.104179,7544,30.675821,104.087045,True
30330,1,7196,30.638516,104.075892,7652,30.64957,104.096495,True
30340,1,7197,30.683021,104.083467,8208,30.646183,104.040942,True
30348,1,7198,30.657326,104.10823,7459,30.668867,104.102502,True
30350,1,7198,30.689586,104.066298,21034,30.673321,104.05286,True
30353,1,7199,30.651928,104.013653,8587,30.631037,104.142284,True
30358,1,7199,30.624967,104.065568,7826,30.636005,104.127843,True
30360,1,7200,30.625922,104.029253,7412,30.631894,104.034976,True
30363,1,7200,30.67384,104.123419,8467,30.712238,104.168151,True
30367,1,7201,30.611496,104.072119,7615,30.641426,104.066534,True
30370,1,7202,30.689526,104.095091,8087,30.658565,104.066845,True
30379,1,7203,30.629143,104.096583,7282,30.632849,104.094788,True
30380,1,7203,30.627047,104.142949,8952,30.702309,104.072646,True
30385,1,7204,30.695495,104.070584,8563,30.651652,104.086778,True
30386,1,7204,30.695582,104.07273,7781,30.682901,104.082975,True
30387,1,7204,30.677917,104.057117,7573,30.670048,104.053103,True
30388,1,7204,30.67697,104.076597,7979,30.695669,104.0731,True
30396,1,7205,30.686494,104.043235,7966,30.647269,104.057075,True
30402,1,7206,30.661694,104.036241,8330,30.708563,104.003461,True
30404,1,7206,30.655262,104.068842,7665,30.644562,104.074707,True
30405,1,7206,30.641919,104.101528,7884,30.631744,104.157106,True
30413,1,7208,30.658389,104.093188,7950,30.628468,104.066992,True
30416,1,7208,30.60461,104.098407,7551,30.622985,104.100237,True
30424,1,7210,30.658693,104.077065,7598,30.672207,104.067938,True
30426,1,7210,30.690389,104.005314,7481,30.712633,104.031155,True
30430,1,7210,30.612451,104.13345,7499,30.624309,104.147313,True
30438,1,7211,30.681438,104.031719,11030,30.667769,104.107337,True
30440,1,7212,30.655057,104.069639,7633,30.653054,104.051237,True
30451,1,7213,30.675497,104.078577,7321,30.681906,104.084409,True
30453,1,7214,30.603805,104.000638,8341,30.63534,104.050259,True
30455,1,7214,30.63146,104.030034,7654,30.641235,104.056642,True
30467,1,7215,30.681225,104.085997,7843,30.658909,104.071012,True
30481,1,7218,30.677659,104.116007,8597,30.605334,104.080808,True
30488,1,7219,30.696798,104.028678,8139,30.704214,104.104008,True
30497,1,7220,30.644944,104.016868,8009,30.611144,104.051055,True
30500,1,7221,30.651149,104.114261,7917,30.630343,104.142313,True
30513,1,7222,30.651366,104.077692,9080,30.651941,104.102995,True
30517,1,7224,30.683029,104.045219,7614,30.706301,104.021219,True
30519,1,7224,30.642903,104.074288,8083,30.64962,104.061816,True
30528,1,7226,30.651102,104.109759,8173,30.603375,104.089146,True
30538,1,7228,30.62436,104.102965,8225,30.672288,104.058828,True
30544,1,7229,30.646186,104.040104,7681,30.684136,104.060044,True
30545,1,7229,30.670393,104.06281,8191,30.696043,104.072929,True
30549,1,7230,30.677984,104.024221,7905,30.692232,104.080028,True
30552,1,7230,30.695272,104.069736,7260,30.695079,104.069797,True
30563,1,7232,30.67252,104.076187,7547,30.682007,104.08461,True
30569,1,7233,30.626961,104.051973,8887,30.653872,103.988834,True
30570,1,7233,30.61944,104.067282,7576,30.633128,104.076341,True
30573,1,7234,30.644966,104.106455,7412,30.636063,104.127801,True
30575,1,7234,30.648047,104.025902,7871,30.65473,103.989425,True
30576,1,7234,30.715468,104.04604,7906,30.712659,104.09583,True
30580,1,7235,30.66657,104.055223,8204,30.682008,104.084549,True
30590,1,7237,30.690732,104.073204,8069,30.636597,104.075111,True
30593,1,7237,30.636384,104.045188,8562,30.70524,104.103608,True
30613,1,7240,30.674889,104.134476,7810,30.711595,104.102397,True
30616,1,7241,30.663349,104.057122,8161,30.648048,104.018974,True
30622,1,7242,30.667579,104.07859,7908,30.625171,104.068456,True
30636,1,7243,30.674403,104.044916,8261,30.660232,103.989357,True
30637,1,7243,30.611862,104.062402,7480,30.6185,104.06715,True
30640,1,7244,30.689245,104.089154,7981,30.663851,104.072588,True
30645,1,7244,30.661222,104.03679,8288,30.652722,104.07351,True
30650,1,7245,30.647926,104.056335,7796,30.667116,104.079437,True
30656,1,7246,30.673834,104.111573,7607,30.67068,104.090589,True
30664,1,7247,30.655782,104.069512,7464,30.653689,104.07923,True
30667,1,7247,30.676077,104.090246,7412,30.671471,104.088917,True
30682,1,7249,30.666785,104.046567,7922,30.662802,104.074667,True
30688,1,7250,30.683051,104.091122,8023,30.644457,104.074747,True
30691,1,7251,30.682802,104.070571,7496,30.675603,104.070145,True
30700,1,7252,30.636818,104.015273,7836,30.671964,104.012827,True
30703,1,7253,30.636496,104.12809,8108,30.617326,104.041008,True
30714,1,7255,30.678197,104.042558,7505,30.667325,104.059299,True
30725,1,7256,30.691945,104.000754,7295,30.687759,103.998818,True
30732,1,7257,30.71621,104.115118,8142,30.627764,104.141504,True
30740,1,7258,30.681374,104.038549,7947,30.658639,104.075494,True
30749,1,7259,30.708108,104.00889,8400,30.681876,104.084297,True
30758,1,7261,30.695445,104.072665,8877,30.646673,104.072246,True
30759,1,7261,30.669568,104.054243,8050,30.703229,104.004837,True
30760,1,7261,30.645448,104.05837,7632,30.641265,104.066149,True
30777,1,7264,30.645013,104.063021,8566,30.603393,103.99323,True
30778,1,7264,30.645167,104.139659,7721,30.6481,104.118826,True
30786,1,7265,30.69793,104.027482,7275,30.697326,104.026845,True
30793,1,7266,30.659283,104.091674,7865,30.668656,104.111339,True
30803,1,7268,30.642617,104.031667,7499,30.645,104.021034,True
30826,1,7271,30.665269,104.007442,8027,30.633544,104.038279,True
30827,1,7271,30.679378,104.068891,8403,30.639712,104.102794,True
30839,1,7272,30.690808,104.047427,8270,30.695907,104.072967,True
30851,1,7274,30.630908,104.076593,7670,30.624367,104.067092,True
30854,1,7275,30.636111,104.036408,8501,30.691111,104.048778,True
30865,1,7277,30.705852,104.025587,7604,30.70494,104.011291,True
30867,1,7278,30.628067,104.10538,8077,30.637899,104.056191,True
30868,1,7278,30.669515,104.080776,7795,30.644442,104.074776,True
30870,1,7278,30.698726,104.043748,7987,30.670829,104.066053,True
30872,1,7278,30.668057,104.07794,7535,30.66716,104.08803,True
30879,1,7279,30.693649,104.085882,8662,30.665039,104.051533,True
30881,1,7279,30.61416,104.093704,7381,30.606541,104.095036,True
30885,1,7280,30.655874,104.094608,7941,30.637806,104.101326,True
30887,1,7280,30.610048,104.006979,8412,30.704704,104.011633,True
30889,1,7281,30.668909,104.051381,7444,30.665935,104.054877,True
30891,1,7281,30.650756,104.077247,7957,30.705183,104.103468,True
30913,1,7284,30.617161,104.055231,7744,30.604805,104.049634,True
30924,1,7285,30.633102,104.054899,7701,30.608953,104.034895,True
30934,1,7287,30.641363,104.040363,7803,30.644421,104.074995,True
30936,1,7287,30.670092,104.023122,8892,30.636945,104.141189,True
30937,1,7287,30.62427,104.093597,7992,30.607389,104.037875,True
30954,1,7290,30.64021,104.139552,7702,30.626175,104.143901,True
30967,1,7292,30.663276,104.073489,7873,30.677472,104.053382,True
30976,1,7293,30.635101,104.058736,7813,30.645006,104.075031,True
30978,1,7294,30.687095,104.069596,7571,30.673502,104.06604,True
30982,1,7294,30.669494,104.077873,8082,30.63994,104.096929,True
30985,1,7294,30.670017,104.106823,8441,30.647879,104.01248,True
30986,1,7295,30.630611,104.146096,8391,30.665712,104.087278,True
30993,1,7295,30.664004,104.013355,7632,30.664703,104.036923,True
31006,1,7298,30.662757,104.08549,7562,30.659502,104.076078,True
31008,1,7298,30.643182,104.044437,9163,30.664626,104.163488,True
31009,1,7298,30.667291,104.02507,8280,30.634959,104.065211,True
31015,1,7299,30.629603,104.044264,8183,30.677206,104.007106,True
31018,1,7299,30.609531,103.993174,9155,30.657353,104.07109,True
31030,1,7301,30.695509,104.072754,8325,30.670992,104.070754,True
31031,1,7301,30.690609,104.040407,7651,30.663276,104.040618,True
31034,1,7301,30.715313,104.112544,7865,30.693795,104.090775,True
31040,1,7302,30.679994,104.096203,7975,30.636016,104.127674,True
31041,1,7303,30.636244,104.128262,7576,30.630248,104.142295,True
31044,1,7304,30.683696,104.027908,8302,30.610366,104.057392,True
31047,1,7304,30.641616,104.06625,7671,30.642922,104.07354,True
31050,1,7304,30.645496,104.061909,7703,30.670612,104.062099,True
31055,1,7306,30.62056,104.0777,7676,30.639811,104.066605,True
31058,1,7306,30.657367,104.084673,8108,30.64639,104.059585,True
31070,1,7308,30.695384,104.072053,8804,30.638612,104.025993,True
31082,1,7309,30.611628,104.057647,8454,30.633599,104.099903,True
31088,1,7310,30.676022,104.041356,8080,30.695709,104.073044,True
31093,1,7311,30.685096,104.075633,7705,30.686027,104.102385,True
31105,1,7312,30.640539,104.061503,8364,30.623099,104.105042,True
31115,1,7313,30.679629,104.05467,7664,30.670278,104.073571,True
31116,1,7313,30.679602,104.07259,8228,30.637348,104.04381,True
31124,1,7314,30.681939,104.084523,7792,30.671716,104.082758,True
31132,1,7315,30.619575,104.127387,7614,30.628827,104.137959,True
31150,1,7317,30.681367,104.10837,7701,30.681951,104.086599,True
31163,1,7319,30.649094,104.120509,7967,30.658329,104.078618,True
31165,1,7319,30.629778,104.02271,8023,30.632595,103.982418,True
31174,1,7320,30.678739,104.080995,7906,30.694857,104.073227,True
31182,1,7322,30.651381,104.055042,7659,30.648904,104.071205,True
31207,1,7326,30.645002,104.09308,7567,30.645425,104.075122,True
31219,1,7328,30.695525,104.072729,8664,30.70468,104.014473,True
31228,1,7330,30.687896,104.109422,8374,30.636911,104.083047,True
31241,1,7332,30.649729,104.041129,7867,30.648205,104.061501,True
31247,1,7333,30.636777,104.083013,7771,30.661617,104.086769,True
31249,1,7333,30.695525,104.072698,9180,30.66695,104.079081,True
31258,1,7335,30.604297,104.080418,8069,30.658541,104.066629,True
31266,1,7337,30.68242,104.090936,7924,30.686132,104.060111,True
31269,1,7338,30.636676,104.100853,8009,30.629919,104.107891,True
31276,1,7339,30.668508,104.032029,7882,30.686123,104.024314,True
31286,1,7340,30.648256,104.100781,7958,30.670787,104.075806,True
31300,1,7341,30.642284,104.096318,7958,30.645489,104.059691,True
31315,1,7343,30.641926,104.057001,8132,30.62952,104.077113,True
31323,1,7343,30.700137,104.027115,7620,30.698138,104.038886,True
31326,1,7345,30.671941,104.049427,7814,30.660822,104.072176,True
31327,1,7345,30.629132,104.038984,7818,30.651942,104.020073,True
31329,1,7346,30.686005,104.043253,7865,30.681921,104.084284,True
31334,1,7346,30.650467,104.058494,8458,30.629825,104.141924,True
31343,1,7347,30.716555,104.045373,8510,30.696012,104.072869,True
31359,1,7350,30.671064,104.061274,7909,30.693104,104.046564,True
31360,1,7350,30.654323,104.041066,8145,30.663517,104.040583,True
31363,1,7350,30.673803,104.004844,8512,30.671391,104.067259,True
31374,1,7352,30.645312,104.027985,8155,30.673432,104.037561,True
31379,1,7353,30.70151,104.066336,9037,30.683375,104.048012,True
31390,1,7356,30.601675,104.034004,8207,30.641219,104.079038,True
31395,1,7357,30.658356,104.09871,8231,30.694959,104.07349,True
31405,1,7358,30.665547,104.099494,10559,30.712209,103.988312,True
31406,1,7358,30.679504,104.122321,8566,30.62639,104.14404,True
31409,1,7359,30.628817,104.143,7794,30.636508,104.127804,True
31414,1,7361,30.636718,104.130838,7371,30.636568,104.129445,True
31415,1,7361,30.669097,104.113928,7772,30.670647,104.090773,True
31418,1,7361,30.612909,104.072032,8416,30.610203,104.081191,True
31426,1,7362,30.673273,104.046752,8047,30.691521,104.063452,True
31433,1,7364,30.681184,104.070182,7945,30.695812,104.073023,True
31436,1,7364,30.665858,104.082644,8263,30.669893,104.025134,True
31447,1,7365,30.695507,104.072717,8899,30.634706,104.05677,True
31457,1,7367,30.638817,104.085259,7796,30.653473,104.079262,True
31462,1,7367,30.638405,104.05292,9115,30.705355,104.103765,True
31466,1,7368,30.650132,104.106702,7904,30.669071,104.076002,True
31469,1,7368,30.666916,104.061142,7835,30.67761,104.083469,True
31483,1,7370,30.677028,104.052754,8096,30.631954,104.050664,True
31486,1,7371,30.652828,104.103523,9774,30.65329,104.10393,True
31509,1,7375,30.700735,104.095337,8137,30.694997,104.066242,True
31522,1,7380,30.719039,104.031068,8251,30.679869,104.057802,True
31524,1,7380,30.600974,104.034061,7962,30.652507,104.06522,True
31531,1,7381,30.64768,104.061439,7877,30.629606,104.076256,True
31538,1,7382,30.641274,104.102846,7699,30.655758,104.099776,True
31540,1,7383,30.61171,104.08968,7634,30.625198,104.093998,True
31551,1,7384,30.650725,104.11492,7745,30.667742,104.120381,True
31561,1,7385,30.676836,104.094595,9247,30.69448,104.066502,True
31563,1,7386,30.632312,103.99998,46374,30.63189,103.999901,True
31570,1,7388,30.700117,104.104278,7589,30.680168,104.105277,True
31584,1,7391,30.678421,104.055168,7815,30.671347,104.086402,True
31585,1,7391,30.691323,104.090167,8491,30.663221,104.056149,True
31594,1,7392,30.617965,104.129063,8339,30.663259,104.111011,True
31616,1,7395,30.655235,104.095604,7861,30.644394,104.107856,True
31633,1,7397,30.672561,104.071539,7975,30.69139,104.049874,True
31643,1,7400,30.673275,104.040448,7685,30.68469,104.042569,True
31644,1,7400,30.641925,104.049058,7892,30.642794,104.074293,True
31646,1,7400,30.63044,104.13896,9008,30.695254,104.073837,True
31653,1,7401,30.652972,104.103686,8798,30.700894,104.064021,True
31664,1,7403,30.620677,104.092831,7773,30.602802,104.096524,True
31669,1,7404,30.717747,103.982942,8958,30.66598,104.073684,True
31673,1,7404,30.646818,104.037089,8001,30.630712,104.076443,True
31690,1,7407,30.675017,104.061373,7958,30.645447,104.059035,True
31695,1,7408,30.668535,104.032053,8328,30.63785,104.05827,True
31703,1,7408,30.679679,104.097439,7588,30.677096,104.107278,True
31709,1,7409,30.681066,104.046184,7957,30.653874,104.065736,True
31710,1,7409,30.618057,104.098737,8495,30.608995,104.1307,True
31711,1,7409,30.641683,104.041323,8798,30.654471,103.987717,True
31716,1,7410,30.711949,104.168386,9254,30.65042,104.021858,True
31741,1,7414,30.67821,104.054858,7959,30.670459,104.074907,True
31767,1,7419,30.673673,103.986984,7806,30.670765,104.017219,True
31777,1,7420,30.661718,104.091682,8814,30.667367,104.040374,True
31784,1,7421,30.707514,104.040147,7989,30.715158,104.074121,True
31785,1,7421,30.675219,104.108021,8250,30.711706,104.037053,True
31793,1,7422,30.684138,104.060172,8124,30.645381,104.059017,True
31795,1,7423,30.687171,104.022434,8620,30.637699,104.05853,True
31802,1,7423,30.638589,104.066306,8359,30.64931,104.081477,True
31805,1,7424,30.617576,104.121281,8887,30.682212,104.084894,True
31808,1,7424,30.646601,104.119276,7744,30.654083,104.117456,True
31823,1,7426,30.601412,104.051409,7760,30.613266,104.067327,True
31832,1,7427,30.627726,104.14935,8544,30.652617,104.071619,True
31835,1,7428,30.638946,104.087783,8221,30.670274,104.06354,True
31839,1,7428,30.650973,104.119503,8679,30.667343,104.055961,True
31841,1,7429,30.673427,104.125514,8173,30.66155,104.091966,True
31845,1,7430,30.708962,104.096217,8096,30.637901,104.106329,True
31857,1,7431,30.66563,103.980227,8396,30.705771,104.041294,True
31863,1,7432,30.705298,104.011067,8997,30.694857,104.07345,True
31864,1,7432,30.623833,104.049835,8212,30.663712,104.072037,True
31865,1,7432,30.671786,104.078011,8736,30.715784,104.042212,True
31867,1,7432,30.624567,104.026765,7664,30.623035,104.019661,True
31875,1,7434,30.64406,104.041211,8144,30.653448,104.079105,True
31881,1,7435,30.650936,104.036168,7916,30.660694,104.05578,True
31882,1,7435,30.653481,104.078983,7759,30.644604,104.074502,True
31887,1,7435,30.714843,104.167989,8164,30.682519,104.168666,True
31898,1,7437,30.683777,104.084048,8116,30.704623,104.103671,True
31901,1,7437,30.713308,104.047605,7955,30.709275,104.019572,True
31903,1,7437,30.645387,104.033365,7834,30.66513,104.040804,True
31906,1,7438,30.646839,104.03726,7966,30.630194,104.022035,True
31916,1,7439,30.652368,104.078622,7708,30.650611,104.072138,True
31918,1,7440,30.663327,104.13501,8034,30.645022,104.10598,True
31919,1,7440,30.70659,104.0455,8860,30.639345,104.066259,True
31922,1,7440,30.691851,104.086081,8308,30.655786,104.090912,True
31935,1,7443,30.651808,104.078059,7659,30.644441,104.074744,True
31957,1,7447,30.636772,104.130391,8031,30.67214,104.124025,True
31964,1,7448,30.678418,104.100702,7737,30.682818,104.090178,True
31978,1,7450,30.67823,103.9883,8552,30.65817,104.07824,True
31979,1,7450,30.645259,104.094415,7891,30.650341,104.080095,True
31980,1,7450,30.630049,104.037583,8547,30.671063,104.07524,True
31986,1,7451,30.712564,104.036261,7862,30.701624,104.003117,True
31987,1,7451,30.636563,104.128674,8329,30.665703,104.073625,True
31998,1,7452,30.622421,104.059381,8612,30.664204,104.077436,True
32005,1,7452,30.628506,104.09657,8123,30.634946,104.056206,True
32006,1,7452,30.680794,104.032115,8266,30.678369,104.081823,True
32027,1,7455,30.66417,104.098031,8413,30.608821,104.115559,True
32033,1,7456,30.652648,104.089745,7777,30.662995,104.087747,True
32038,1,7457,30.645997,104.053503,8117,30.669723,104.065863,True
32056,1,7459,30.607808,103.989014,8694,30.64619,104.053297,True
32061,1,7459,30.677452,103.989683,8343,30.618182,103.98825,True
32062,1,7459,30.707041,104.020363,7829,30.704107,104.004031,True
32074,1,7461,30.611746,104.087486,7852,30.642016,104.079688,True
32075,1,7461,30.668271,104.040536,8023,30.637749,104.04378,True
32089,1,7463,30.708885,104.100563,9723,30.608115,104.081094,True
32091,1,7464,30.640739,104.041914,7985,30.647599,104.022021,True
32105,1,7465,30.653591,104.078849,8457,30.629638,104.141751,True
32110,1,7465,30.628638,104.164094,7486,30.629258,104.162832,True
32112,1,7466,30.686,104.067914,8338,30.67349,104.006068,True
32117,1,7467,30.646115,104.104039,7885,30.659314,104.075826,True
32118,1,7467,30.635608,104.079896,7905,30.624627,104.096125,True
32125,1,7468,30.638653,104.095023,7811,30.636529,104.075146,True
32130,1,7469,30.655845,104.094655,7868,30.639097,104.094633,True
32141,1,7472,30.695464,104.072499,9214,30.625592,104.06669,True
32143,1,7472,30.695845,104.093232,7890,30.710794,104.085707,True
32148,1,7473,30.690949,104.016406,9278,30.664617,104.164226,True
32149,1,7473,30.676274,104.051333,8075,30.667074,104.065387,True
32156,1,7474,30.678954,104.019884,8525,30.702291,104.07272,True
32164,1,7476,30.63653,104.128053,7861,30.652087,104.10317,True
32169,1,7476,30.679142,104.10327,7696,30.66835,104.100989,True
32174,1,7477,30.615326,104.136649,8109,30.643508,104.091929,True
32176,1,7477,30.6371,104.060097,7938,30.639043,104.034798,True
32180,1,7478,30.670875,103.994215,8921,30.631413,104.066476,True
32181,1,7478,30.663566,103.993473,8403,30.626526,104.042731,True
32184,1,7478,30.641697,104.092104,7885,30.656794,104.092024,True
32195,1,7480,30.68079,104.086126,8070,30.680936,104.107122,True
32197,1,7480,30.670882,104.056668,8538,30.705175,104.011042,True
32216,1,7482,30.707993,104.045323,8247,30.716094,104.078228,True
32217,1,7482,30.602778,104.125614,8113,30.632951,104.093918,True
32218,1,7483,30.694446,104.012063,8506,30.646213,104.040904,True
32226,1,7484,30.658344,104.098784,8274,30.682043,104.085208,True
32237,1,7486,30.703601,104.094859,8311,30.660922,104.072441,True
32245,1,7488,30.627603,104.141912,7489,30.627607,104.13829,True
32251,1,7488,30.641307,104.03976,7922,30.643425,104.019967,True
32254,1,7489,30.623074,104.057782,8692,30.667704,104.003652,True
32263,1,7492,30.688123,104.083607,8480,30.674878,104.059467,True
32266,1,7493,30.714678,104.096336,8179,30.68261,104.1157,True
32273,1,7494,30.6963,104.037893,8792,30.63614,104.126897,True
32284,1,7496,30.658896,104.055756,9760,30.703008,104.16253,True
32292,1,7497,30.65473,104.118315,8280,30.658561,104.066711,True
32313,1,7500,30.675825,104.111109,8470,30.67481,104.059558,True
32315,1,7500,30.642902,104.041103,8788,30.694868,104.073078,True
32316,1,7501,30.648519,104.099559,8432,30.628091,104.066631,True
32319,1,7501,30.673502,104.036962,8009,30.670161,104.063502,True
32320,1,7501,30.627981,104.066576,8514,30.698683,104.02895,True
32323,1,7501,30.683811,104.10899,8293,30.69484,104.075745,True
32325,1,7501,30.640521,104.103289,8007,30.670325,104.113199,True
32326,1,7502,30.660552,104.07225,8406,30.696077,104.072913,True
32341,1,7503,30.629589,104.062452,7876,30.644273,104.049763,True
32343,1,7503,30.663837,104.087297,8657,30.668703,103.984516,True
32346,1,7504,30.645448,104.106126,8363,30.644472,104.074628,True
32348,1,7504,30.625154,104.031274,9126,30.69546,104.073796,True
32359,1,7505,30.695481,104.07262,9172,30.622908,104.097694,True
32365,1,7506,30.622461,104.044709,7792,30.612186,104.076145,True
32370,1,7506,30.665113,104.105243,8106,30.665678,104.104066,True
32376,1,7507,30.6491,104.041114,7699,30.641934,104.036452,True
32377,1,7507,30.610631,104.055192,8721,30.631799,103.982128,True
32382,1,7507,30.647475,104.118814,8107,30.665502,104.097186,True
32383,1,7507,30.685048,104.025756,8085,30.662365,104.027503,True
32390,1,7508,30.637883,104.017059,8995,30.645306,104.154186,True
32395,1,7509,30.638697,104.102146,8563,30.682019,104.084728,True
32396,1,7509,30.624909,104.066555,8162,30.650576,104.077154,True
32406,1,7510,30.645378,104.027373,8203,30.624951,104.063091,True
32448,1,7514,30.653623,104.078909,8657,30.704763,104.066108,True
32457,1,7515,30.70564,104.00503,7978,30.705851,104.025967,True
32478,1,7519,30.688217,104.032162,8432,30.669133,104.119869,True
32480,1,7519,30.71671,104.10522,8712,30.67404,104.06027,True
32481,1,7519,30.654025,104.041064,8548,30.695696,104.073063,True
32482,1,7519,30.656878,104.081737,8158,30.62658,104.081658,True
32490,1,7520,30.647694,104.034779,8281,30.622736,104.014974,True
32492,1,7520,30.629991,104.052103,8206,30.649568,104.079011,True
32499,1,7521,30.662838,104.089283,7849,30.669824,104.071865,True
32501,1,7522,30.622524,104.104434,8695,30.643206,104.066197,True
32509,1,7523,30.61523,104.051953,8730,30.629704,104.141928,True
32534,1,7526,30.65153,104.024219,8304,30.625148,104.072259,True
32537,1,7527,30.669895,104.067763,8178,30.644435,104.074604,True
32542,1,7528,30.660899,104.110751,7659,30.665571,104.112624,True
32547,1,7528,30.639969,104.103212,8453,30.654617,104.07046,True
32550,1,7529,30.654701,104.06567,8118,30.66665,104.076545,True
32555,1,7529,30.620541,104.079618,7943,30.608632,104.056426,True
32559,1,7530,30.675374,104.109113,7763,30.681494,104.113498,True
32562,1,7530,30.661695,103.999871,8515,30.65602,104.080944,True
32563,1,7530,30.664584,103.991657,8094,30.704806,104.014624,True
32564,1,7531,30.67759,104.095487,8329,30.691546,104.047517,True
32567,1,7531,30.683215,104.028883,8255,30.66224,104.022752,True
32570,1,7532,30.650989,104.03613,7637,30.652004,104.043514,True
32578,1,7533,30.695427,104.072549,9687,30.703332,104.170116,True
32589,1,7535,30.646633,104.091427,8549,30.662611,104.016306,True
32592,1,7535,30.65274,104.119815,7915,30.637773,104.107649,True
32593,1,7536,30.625521,104.094309,8043,30.64513,104.075184,True
32609,1,7538,30.646738,104.059903,8015,30.620733,104.045332,True
32610,1,7539,30.637356,104.039407,7681,30.636799,104.04746,True
32624,1,7541,30.604608,103.99485,7553,30.604757,103.995038,True
32631,1,7542,30.66822,104.088487,7883,30.658048,104.099693,True
32633,1,7542,30.635466,104.012229,8130,30.621002,104.054083,True
32648,1,7545,30.64616,104.040948,8570,30.652628,104.071348,True
32649,1,7545,30.695402,104.072624,8876,30.675549,103.997423,True
32655,1,7546,30.655584,104.022117,8263,30.658439,104.072076,True
32663,1,7547,30.675302,104.111448,8668,30.645488,104.062515,True
32664,1,7547,30.709514,103.996108,8550,30.650957,103.995996,True
32665,1,7548,30.71106,104.048016,8598,30.680443,104.087869,True
32667,1,7548,30.637092,104.066292,7760,30.627311,104.0665,True
32677,1,7549,30.630074,104.160572,9113,30.694789,104.080807,True
32678,1,7550,30.672257,104.12386,8503,30.658428,104.07294,True
32683,1,7551,30.627935,103.99555,8735,30.671981,104.059382,True
32684,1,7552,30.630593,104.106157,7872,30.646992,104.090646,True
32686,1,7552,30.655735,104.071934,8041,30.644076,104.049635,True
32704,1,7555,30.633979,104.04239,8712,30.629736,104.141716,True
32709,1,7555,30.699382,104.10701,9416,30.671042,103.990149,True
32717,1,7557,30.63187,104.030609,8449,30.657774,104.070851,True
32723,1,7558,30.643982,104.102011,8172,30.644318,104.058476,True
32735,1,7559,30.629963,104.00037,8185,30.630524,104.036089,True
32743,1,7560,30.702743,104.065967,20071,30.678875,103.988608,True
32744,1,7560,30.691797,104.066199,8560,30.698392,104.038602,True
32747,1,7561,30.638266,104.100702,8292,30.632679,104.095099,True
32757,1,7561,30.683094,104.072784,8595,30.717848,104.04149,True
32760,1,7562,30.638434,104.100219,8139,30.637185,104.071638,True
32763,1,7563,30.649562,104.07957,7743,30.661378,104.086715,True
32764,1,7563,30.605308,103.99463,7571,30.605909,103.994234,True
32770,1,7564,30.683424,104.047503,8389,30.636577,104.061379,True
32776,1,7564,30.704757,104.103602,8739,30.629106,104.141442,True
32779,1,7565,30.645392,104.124747,8690,30.626273,104.047199,True
32785,1,7565,30.627289,104.14369,9242,30.719247,104.038318,True
32805,1,7568,30.652069,104.078054,8312,30.617758,104.054349,True
32806,1,7568,30.69006,104.022331,8942,30.696078,104.072896,True
32811,1,7569,30.685959,104.061891,8487,30.64907,104.066951,True
32812,1,7569,30.641697,104.152852,7934,30.628636,104.16393,True
32819,1,7569,30.667085,104.066207,8507,30.717835,104.032248,True
32821,1,7570,30.635288,104.058752,8105,30.629111,104.076552,True
32822,1,7570,30.64218,104.104377,8498,30.631284,104.032792,True
32844,1,7573,30.653289,104.079028,8915,30.66306,104.01941,True
32857,1,7574,30.64748,104.064221,8095,30.634132,104.029119,True
32859,1,7575,30.670752,104.109073,8549,30.694927,104.070824,True
32863,1,7576,30.652769,104.110446,7892,30.656277,104.09001,True
32865,1,7576,30.649582,104.066873,8203,30.681589,104.08296,True
32866,1,7577,30.617462,104.046214,9115,30.682984,104.082148,True
32877,1,7578,30.617283,104.122269,8465,30.629196,104.07651,True
32895,1,7580,30.658403,104.062508,8145,30.64425,104.075086,True
32917,1,7582,30.693134,104.090029,8298,30.708562,104.065345,True
32925,1,7583,30.680136,104.105361,8467,30.650915,104.021742,True
32938,1,7586,30.61471,104.093188,7925,30.623637,104.102142,True
32957,1,7589,30.61585,104.054317,8377,30.636064,104.12762,True
32959,1,7589,30.628693,104.076384,8117,30.616514,104.040491,True
32960,1,7589,30.670037,104.081464,8956,30.674358,104.020543,True
32967,1,7590,30.695442,104.072575,8810,30.676872,104.024059,True
32970,1,7591,30.658321,104.115379,7842,30.667766,104.120394,True
32972,1,7591,30.644139,104.009267,10016,30.702675,104.072692,True
32974,1,7591,30.670539,104.032565,8226,30.649226,104.054249,True
32978,1,7592,30.620728,104.049389,8230,30.633878,104.007392,True
32992,1,7594,30.657275,104.067553,7999,30.66567,104.07811,True
32995,1,7594,30.600048,104.054321,7818,30.611711,104.060747,True
33004,1,7597,30.638524,104.09499,8293,30.644687,104.058577,True
33020,1,7599,30.703867,103.981293,8553,30.682093,104.024374,True
33023,1,7600,30.700662,104.092569,8848,30.647821,104.088074,True
33026,1,7600,30.662687,104.076219,7872,30.651533,104.078041,True
33041,1,7602,30.682302,104.113267,8840,30.702517,104.072572,True
33050,1,7603,30.693423,104.043489,7969,30.659228,104.040765,True
33054,1,7604,30.650603,104.058513,8142,30.624776,104.075156,True
33080,1,7608,30.633409,104.041071,7948,30.645647,104.057108,True
33082,1,7608,30.642364,104.026328,8453,30.691056,104.047822,True
33085,1,7609,30.654216,104.074514,8823,30.627771,104.141788,True
33101,1,7611,30.65449,104.001212,8860,30.694453,104.066028,True
33105,1,7612,30.627874,104.041422,8013,30.645067,104.020983,True
33106,1,7612,30.667841,104.04071,8230,30.650976,104.029771,True
33108,1,7612,30.67764,104.053623,8385,30.704666,104.014455,True
33109,1,7612,30.633197,104.056104,9043,30.633107,104.054819,True
33111,1,7612,30.656652,104.090209,8011,30.667509,104.078863,True
33112,1,7612,30.705305,104.065887,8429,30.699517,104.057455,True
33118,1,7614,30.643576,104.061123,8415,30.644843,104.01601,True
33120,1,7614,30.638664,104.066359,8269,30.626165,104.094136,True
33128,1,7615,30.641951,104.03396,8095,30.665425,104.048567,True
33130,1,7615,30.618051,104.053716,8304,30.643581,104.013557,True
33137,1,7616,30.683301,104.046414,7863,30.683341,104.04639,True
33140,1,7616,30.635398,104.024684,8261,30.670658,104.020775,True
33149,1,7619,30.709208,104.063357,8961,30.665933,104.082205,True
33161,1,7621,30.632577,104.050933,8287,30.672353,104.068133,True
33173,1,7622,30.69937,104.099049,8277,30.690228,104.080097,True
33174,1,7622,30.645616,104.066375,8541,30.694866,104.070709,True
33175,1,7623,30.651034,104.096591,8049,30.637079,104.108402,True
33177,1,7623,30.682958,104.031288,9313,30.603017,104.006769,True
33179,1,7623,30.7038,103.981423,8416,30.686156,103.991434,True
33183,1,7624,30.687452,104.066384,8336,30.691751,104.031516,True
33184,1,7624,30.691747,104.015391,8182,30.666251,104.052012,True
33190,1,7625,30.655358,104.021611,7963,30.652168,104.010087,True
33201,1,7626,30.686576,104.105759,8030,30.695633,104.101831,True
33205,1,7627,30.685657,104.075991,8846,30.709205,104.00814,True
33219,1,7629,30.680782,104.077982,8211,30.688362,104.094619,True
33222,1,7629,30.63666,104.129284,8358,30.656425,104.082346,True
33228,1,7631,30.668116,104.090285,7825,30.679757,104.097471,True
33239,1,7633,30.672465,104.060346,8224,30.664823,104.080694,True
33260,1,7637,30.625778,104.153853,7996,30.626363,104.144174,True
33263,1,7637,30.685934,104.045808,7959,30.693337,104.057262,True
33266,1,7638,30.712109,104.114374,7999,30.700654,104.105628,True
33279,1,7641,30.677312,104.028287,8798,30.702386,104.072595,True
33280,1,7641,30.694577,104.072591,8596,30.663226,104.056135,True
33283,1,7642,30.658903,104.004614,8353,30.695867,104.010664,True
33288,1,7643,30.606709,104.15098,8011,30.62384,104.14329,True
33296,1,7644,30.684815,104.103428,8002,30.664276,104.102958,True
33301,1,7645,30.64003,104.102936,8554,30.665014,104.056809,True
33308,1,7646,30.648465,104.032685,8439,30.658611,104.077251,True
33313,1,7646,30.6992,104.106819,8457,30.665476,104.078042,True
33323,1,7648,30.674764,104.13448,9238,30.639519,104.066243,True
33326,1,7648,30.663244,104.07649,8853,30.696044,104.072915,True
33328,1,7649,30.611036,104.102784,8441,30.620366,104.069906,True
33340,1,7650,30.645264,104.012997,8679,30.642837,104.055886,True
33343,1,7651,30.676301,104.041291,7974,30.666786,104.060377,True
33344,1,7651,30.661609,104.091633,8503,30.645098,104.062891,True
33350,1,7652,30.691574,104.089034,8432,30.670569,104.062674,True
33358,1,7652,30.719848,104.058652,8720,30.678882,104.069443,True
33371,1,7654,30.619998,104.115138,7979,30.628958,104.122492,True
33372,1,7654,30.66443,104.007938,7933,30.675633,104.00102,True
33377,1,7655,30.601662,104.080064,8667,30.64914,104.063005,True
33382,1,7655,30.643311,104.139698,8366,30.651054,104.089158,True
33391,1,7656,30.702281,104.044312,9070,30.645218,104.062761,True
33396,1,7657,30.633903,104.066422,7970,30.641365,104.056773,True
33397,1,7657,30.698408,104.039973,8342,30.645,104.021915,True
33399,1,7657,30.634542,104.029726,8524,30.658529,104.066895,True
33402,1,7658,30.669057,104.083963,7737,30.66719,104.079875,True
33411,1,7660,30.6784,104.08424,8006,30.688316,104.094594,True
33413,1,7660,30.671261,103.990808,8232,30.696596,104.011837,True
33417,1,7661,30.700637,104.041285,8427,30.694277,104.066286,True
33419,1,7661,30.706161,104.02612,8082,30.700186,104.005113,True
33422,1,7661,30.625031,104.065566,8401,30.659815,104.083572,True
33427,1,7662,30.718431,104.066984,8770,30.681196,104.022157,True
33430,1,7662,30.63075,104.02907,8168,30.634024,104.066793,True
33437,1,7662,30.67501,104.029463,8495,30.650417,104.093902,True
33441,1,7663,30.647966,104.076399,7883,30.661115,104.086411,True
33444,1,7663,30.65639,104.062605,8196,30.648667,104.098599,True
33445,1,7663,30.629509,104.136431,7683,30.627468,104.138834,True
33450,1,7663,30.653267,104.115927,8288,30.64677,104.094037,True
33464,1,7665,30.675695,104.000399,9132,30.636076,104.096271,True
33466,1,7665,30.652355,104.010797,8041,30.649203,104.0018,True
33482,1,7668,30.66077,104.054034,8640,30.621438,104.098122,True
33483,1,7668,30.648954,104.057769,8644,30.695024,104.073639,True
33489,1,7669,30.643477,104.095115,8419,30.661383,104.073273,True
33492,1,7669,30.636373,104.081969,9278,30.702438,104.072534,True
33494,1,7669,30.627122,104.07661,7775,30.624956,104.067787,True
33498,1,7670,30.611086,104.067471,8379,30.665945,104.021849,True
33506,1,7672,30.703378,104.0428,8829,30.620004,104.076518,True
33523,1,7675,30.660006,104.04571,8240,30.645257,104.074674,True
33546,1,7678,30.63866,104.130137,8335,30.622961,104.105278,True
33556,1,7680,30.616049,104.119854,8022,30.628202,104.110971,True
33568,1,7681,30.617209,104.055134,8529,30.663895,104.051401,True
33569,1,7681,30.639094,104.026514,8473,30.670065,104.059041,True
33572,1,7682,30.625553,104.033065,9168,30.69572,104.073058,True
33576,1,7683,30.675367,103.997503,8181,30.649028,103.992764,True
33592,1,7684,30.680757,104.032496,8421,30.652754,104.064906,True
33598,1,7685,30.651397,104.041022,8113,30.631809,104.066426,True
33603,1,7685,30.6189,104.057387,8624,30.670876,104.01744,True
33611,1,7686,30.682458,104.090776,7755,30.679593,104.096717,True
33623,1,7688,30.652606,104.00126,8913,30.66243,104.065611,True
33624,1,7688,30.680245,104.072274,8108,30.695628,104.073241,True
33626,1,7688,30.632325,104.044587,8936,30.615561,104.030152,True
33633,1,7689,30.667419,104.040786,7856,30.681019,104.032122,True
33637,1,7689,30.638353,104.082008,8569,30.615024,104.105691,True
33639,1,7690,30.673414,104.0774,8764,30.627291,104.047732,True
33642,1,7690,30.679313,104.089957,8226,30.6573,104.108487,True
33648,1,7690,30.6815,104.062163,8449,30.64426,104.07505,True
33650,1,7691,30.608071,104.116156,8686,30.638772,104.075896,True
33670,1,7694,30.65179,104.042499,8434,30.626843,104.076503,True
33704,1,7699,30.648205,104.099846,8102,30.63495,104.148829,True
33706,1,7700,30.710401,104.090904,8812,30.697308,104.019825,True
33709,1,7701,30.684891,104.04214,8336,30.654477,104.061825,True
33716,1,7701,30.657269,104.110591,9000,30.694974,104.073752,True
33719,1,7702,30.677101,104.072737,8944,30.717017,104.068357,True
33723,1,7703,30.64863,104.061547,8506,30.617723,104.104099,True
33733,1,7704,30.673372,104.085521,8218,30.688472,104.063183,True
33737,1,7704,30.681473,104.062312,9851,30.616563,104.079355,True
33744,1,7705,30.668698,104.080142,8169,30.644377,104.074916,True
33745,1,7705,30.60477,104.077576,7957,30.615468,104.072206,True
33746,1,7705,30.695444,104.069847,9073,30.643699,104.073618,True
33748,1,7705,30.667373,104.038351,8135,30.666271,104.056052,True
33754,1,7707,30.629195,104.0966,8889,30.615193,104.136721,True
33756,1,7707,30.679137,104.081034,8312,30.695709,104.073054,True
33761,1,7708,30.709517,104.100885,9395,30.675389,104.042666,True
33770,1,7709,30.666561,104.091643,8117,30.675901,104.069714,True
33771,1,7709,30.686563,104.058861,8200,30.694954,104.073594,True
33780,1,7709,30.685351,104.07582,8505,30.662014,104.023644,True
33806,1,7714,30.676997,104.039484,9510,30.666146,104.1212,True
33818,1,7714,30.650266,104.124235,8044,30.655573,104.136495,True
33823,1,7715,30.65744,104.092163,8577,30.684707,104.111325,True
33829,1,7716,30.63047,104.04517,8047,30.644553,104.05003,True
33853,1,7720,30.601032,103.995634,8843,30.649933,104.014182,True
33858,1,7721,30.6524,104.097434,8951,30.641061,104.051546,True
33859,1,7721,30.71056,104.011742,8687,30.673907,104.048669,True
33861,1,7721,30.65987,104.007962,8109,30.636695,104.009471,True
33880,1,7724,30.677043,104.052699,7996,30.684261,104.050472,True
33882,1,7724,30.673338,104.025089,8515,30.64634,103.982805,True
33907,1,7727,30.686281,104.093227,8874,30.62026,104.059439,True
33920,1,7729,30.647957,104.037338,8608,30.684881,104.026258,True
33942,1,7731,30.632106,104.002302,8425,30.614741,104.024055,True
33943,1,7731,30.713145,104.039071,9096,30.644949,104.063018,True
33944,1,7731,30.657349,104.115519,8021,30.637933,104.10731,True
33946,1,7731,30.658686,104.074193,8019,30.668961,104.060485,True
33949,1,7732,30.642643,104.043103,8270,30.63951,104.066257,True
33950,1,7732,30.618504,104.044491,8335,30.652203,104.066917,True
33958,1,7733,30.646869,104.036876,8489,30.619558,104.06752,True
33959,1,7733,30.706891,104.035849,8740,30.694413,104.066249,True
33967,1,7734,30.647438,104.16225,9402,30.647564,104.162604,True
33968,1,7735,30.608777,104.066923,8833,30.687171,104.022859,True
33976,1,7737,30.650848,104.122876,8480,30.658833,104.075017,True
33977,1,7737,30.611224,104.067561,8695,30.649803,104.032358,True
33986,1,7738,30.661415,104.035837,7961,30.666161,104.040209,True
33988,1,7738,30.645246,104.05152,8473,30.631114,104.091667,True
33997,1,7739,30.658573,104.093133,8408,30.670479,104.063534,True
34008,1,7741,30.644019,104.0607,8390,30.665849,104.041485,True
34011,1,7742,30.649234,104.101358,8089,30.637827,104.106172,True
34018,1,7743,30.671825,104.0773,8571,30.646784,104.118701,True
34032,1,7744,30.644352,104.037445,8032,30.63341,104.038264,True
34037,1,7745,30.715756,104.109029,9277,30.6675,104.052173,True
34038,1,7746,30.684693,104.042539,8231,30.667108,104.06548,True
34041,1,7746,30.60617,104.049398,8736,30.627843,104.141558,True
34052,1,7747,30.617828,104.130107,8889,30.625057,104.075147,True
34056,1,7747,30.666714,104.078854,7770,30.668427,104.080011,True
34061,1,7748,30.625693,104.033171,7983,30.633439,104.038247,True
34063,1,7749,30.66236,104.040791,8777,30.643985,104.002575,True
34078,1,7751,30.686683,104.033048,8098,30.698121,104.018349,True
34087,1,7753,30.701283,104.102626,8293,30.668416,104.100951,True
34091,1,7753,30.678036,104.001979,7776,30.677237,104.003691,True
34109,1,7756,30.6862,104.043019,8892,30.655108,104.104946,True
34116,1,7757,30.654497,104.070569,7943,30.648819,104.069216,True
34120,1,7758,30.611419,104.067261,7767,30.608578,104.062339,True
34122,1,7759,30.621446,104.118694,21085,30.622569,104.07682,True
34124,1,7759,30.700603,104.008472,8352,30.697356,104.024622,True
34125,1,7759,30.633861,104.099217,10357,30.702646,104.020121,True
34129,1,7760,30.716093,104.106971,8414,30.699189,104.167524,True
34130,1,7760,30.698647,104.023941,8201,30.702336,104.04139,True
34152,1,7764,30.6549,104.074043,8596,30.619225,104.12711,True
34162,1,7765,30.664551,104.081128,8663,30.651383,104.040909,True
34175,1,7766,30.647813,104.030332,8411,30.640357,104.06135,True
34176,1,7766,30.643135,104.06621,8243,30.647137,104.060415,True
34213,1,7772,30.6794,104.121178,8844,30.648558,104.139606,True
34215,1,7772,30.637547,104.084533,9891,30.696164,104.072981,True
34220,1,7773,30.671072,104.056876,8353,30.659897,104.040964,True
34221,1,7773,30.672837,104.124629,8692,30.671787,104.082743,True
34224,1,7774,30.694485,104.161745,8302,30.677182,104.145688,True
34238,1,7776,30.695431,104.072482,9160,30.689268,104.024629,True
34240,1,7776,30.707637,103.98246,9370,30.682286,104.083594,True
34242,1,7777,30.641022,104.115701,9477,30.668796,104.042383,True
34252,1,7778,30.699453,104.165783,9172,30.637686,104.108729,True
34256,1,7778,30.652712,104.067588,8102,30.645263,104.074792,True
34257,1,7778,30.674814,104.082569,8578,30.65447,104.061171,True
34262,1,7779,30.707209,104.100259,41075,30.707189,104.043593,True
34265,1,7779,30.703289,104.043588,8014,30.718365,104.031676,True
34270,1,7780,30.630581,104.153467,8562,30.667323,104.11302,True
34281,1,7781,30.640059,104.102878,8277,30.654717,104.08264,True
34282,1,7781,30.673005,104.060367,8265,30.686251,104.073375,True
34285,1,7782,30.709271,104.100803,9366,30.641954,104.066163,True
34292,1,7782,30.633628,104.058506,8557,30.633096,104.094149,True
34303,1,7784,30.633277,104.060394,8203,30.650126,104.076815,True
34308,1,7785,30.645757,104.056118,8240,30.651498,104.040951,True
34319,1,7787,30.62073,104.105613,9240,30.694627,104.071219,True
34324,1,7788,30.659398,104.039995,8114,30.685764,104.058629,True
34325,1,7788,30.662812,104.079509,7999,30.648693,104.074167,True
34339,1,7790,30.703086,104.096743,8291,30.694662,104.079357,True
34340,1,7790,30.661311,104.092099,8587,30.646533,104.059689,True
34349,1,7791,30.637898,103.985762,8177,30.649746,103.997533,True
34354,1,7791,30.639554,104.088429,7969,30.634143,104.099034,True
34364,1,7794,30.695481,104.072422,8615,30.682074,104.084795,True
34366,1,7794,30.624717,104.102578,10189,30.623113,104.105051,True
34368,1,7794,30.666376,104.039958,8039,30.662667,104.034018,True
34372,1,7795,30.683653,104.091405,8842,30.652712,104.06022,True
34375,1,7796,30.69454,104.05416,8433,30.694284,104.072294,True
34380,1,7797,30.673343,104.123409,8114,30.683983,104.103907,True
34391,1,7798,30.673984,103.999268,8134,30.665437,104.020506,True
34398,1,7799,30.670864,104.032664,8492,30.69683,104.048212,True
34399,1,7799,30.634515,104.044424,8642,30.675006,104.049667,True
34400,1,7799,30.657965,104.080408,8840,30.62976,104.141667,True
34403,1,7800,30.71649,104.105472,8945,30.624787,104.101988,True
34408,1,7800,30.640003,104.082628,8010,30.644793,104.093027,True
34414,1,7801,30.709402,103.980816,9448,30.677418,104.087171,True
34415,1,7801,30.677021,104.004452,9061,30.695069,104.066351,True
34417,1,7801,30.665779,104.09109,8645,30.655013,104.096555,True
34427,1,7803,30.665831,104.068834,8754,30.695697,104.07307,True
34431,1,7803,30.631476,104.032347,8350,30.628603,104.076586,True
34448,1,7807,30.622523,104.098235,9148,30.684279,104.052363,True
34456,1,7808,30.622393,104.057593,8720,30.65276,104.07532,True
34457,1,7808,30.610731,104.054174,8479,30.633868,104.076661,True
34460,1,7808,30.646495,104.062147,8108,30.630879,104.049853,True
34461,1,7809,30.603504,104.121392,8996,30.651264,104.084177,True
34466,1,7810,30.621293,104.107301,8012,30.628921,104.103102,True
34467,1,7810,30.668221,104.048613,8468,30.645041,104.062845,True
34468,1,7810,30.685143,104.088549,8210,30.681,104.077469,True
34479,1,7812,30.624668,104.071075,8827,30.691678,104.049157,True
34481,1,7813,30.625191,104.116524,8849,30.659475,104.086788,True
34483,1,7813,30.667204,104.074873,8599,30.650983,104.036679,True
34484,1,7813,30.665528,104.00083,8257,30.650945,103.995986,True
34485,1,7813,30.658419,104.08167,8693,30.630029,104.141857,True
34486,1,7813,30.668594,104.060298,8971,30.620322,104.089344,True
34488,1,7814,30.704559,104.071999,9299,30.70285,104.166162,True
34490,1,7815,30.637462,104.016472,9296,30.707326,104.099712,True
34522,1,7819,30.633926,104.014288,8343,30.616852,104.040724,True
34529,1,7820,30.657288,104.110655,8280,30.637792,104.084529,True
34540,1,7821,30.653067,104.115653,8560,30.626797,104.143284,True
34543,1,7821,30.670545,104.07661,8501,30.646776,104.090721,True
34551,1,7822,30.624118,104.080404,8017,30.639674,104.075715,True
34552,1,7822,30.699484,104.095929,8364,30.715424,104.076655,True
34554,1,7823,30.631788,104.151005,8902,30.66437,104.077625,True
34566,1,7825,30.643181,104.018359,9381,30.662143,104.090234,True
34572,1,7825,30.656339,104.09315,11389,30.654325,104.10748,True
34578,1,7828,30.617004,104.051789,9765,30.700168,104.069039,True
34581,1,7828,30.625464,104.07372,8769,30.639573,104.123586,True
34591,1,7831,30.666293,104.056109,8795,30.629518,104.141966,True
34594,1,7831,30.622086,104.053258,8053,30.617022,104.040854,True
34595,1,7831,30.642747,104.071821,8479,30.630666,104.049758,True
34603,1,7832,30.647067,104.036368,7843,30.647106,104.036308,True
34612,1,7833,30.672348,104.112754,8490,30.65697,104.092073,True
34615,1,7833,30.639528,104.090555,8582,30.607903,104.08392,True
34625,1,7835,30.636095,104.081117,8394,30.627099,104.062355,True
34627,1,7835,30.63126,104.06651,8395,30.625471,104.045173,True
34632,1,7836,30.693857,104.07352,8770,30.705497,104.104128,True
34644,1,7837,30.667952,104.000718,8585,30.71455,103.9896,True
34647,1,7838,30.645334,103.980016,8493,30.664706,104.008083,True
34652,1,7838,30.651774,104.11026,8151,30.653477,104.10392,True
34655,1,7839,30.648299,104.125661,8244,30.656772,104.102651,True
34668,1,7841,30.703341,104.096848,8566,30.682028,104.084706,True
34674,1,7841,30.645407,104.041325,8212,30.645543,104.057692,True
34683,1,7842,30.683393,104.022535,8575,30.643594,104.025182,True
34685,1,7842,30.657318,104.015538,8367,30.665845,103.99061,True
34689,1,7843,30.691623,104.073346,8357,30.683526,104.08399,True
34701,1,7845,30.665742,104.029069,8722,30.639187,104.095984,True
34708,1,7845,30.652812,104.078637,8612,30.620247,104.060508,True
34713,1,7846,30.63414,104.084798,8506,30.646293,104.060454,True
34718,1,7847,30.667348,104.087944,8873,30.631594,104.026857,True
34722,1,7847,30.662727,104.075359,8323,30.682544,104.109896,True
34725,1,7848,30.672929,104.04819,8636,30.67826,103.997979,True
34727,1,7848,30.674401,104.053783,8565,30.684256,104.077764,True
34763,1,7853,30.667789,104.114793,8804,30.693752,104.026156,True
34770,1,7855,30.683793,104.024967,9492,30.658358,104.171957,True
34772,1,7855,30.705404,103.997103,8290,30.718003,103.983526,True
34775,1,7855,30.633496,104.093626,8842,30.674136,104.078599,True
34780,1,7856,30.695747,104.072744,8783,30.702333,104.072696,True
34782,1,7857,30.616268,104.062721,8421,30.659654,104.0834,True
34802,1,7860,30.66991,104.081037,8114,30.663422,104.073117,True
34808,1,7861,30.638589,104.085861,8859,30.629712,104.141831,True
34812,1,7862,30.693852,104.038696,8115,30.681306,104.045101,True
34818,1,7863,30.672619,104.13781,8545,30.636957,104.14079,True
34822,1,7863,30.708741,104.013619,8087,30.703786,104.022517,True
34833,1,7864,30.655732,104.110746,8173,30.652687,104.115247,True
34837,1,7865,30.624908,104.066417,8062,30.616211,104.068475,True
34841,1,7866,30.603187,104.122,8182,30.611083,104.103665,True
34843,1,7866,30.662434,104.025873,8213,30.643846,104.026405,True
34845,1,7866,30.64722,104.089691,8143,30.6356,104.091469,True
34854,1,7868,30.653474,104.115095,8838,30.694974,104.075603,True
34856,1,7868,30.684536,104.077296,8467,30.699372,104.096608,True
34861,1,7869,30.686312,104.023907,8915,30.630077,103.982604,True
34865,1,7870,30.607996,104.082161,9305,30.666928,104.046276,True
34867,1,7870,30.695486,104.072692,9742,30.709585,103.99228,True
34873,1,7871,30.677975,104.091676,8709,30.634449,104.077747,True
34879,1,7873,30.690182,104.005478,9122,30.633368,104.027477,True
34882,1,7873,30.661575,104.084512,8550,30.615984,104.071959,True
34884,1,7874,30.66164,104.050203,8233,30.676789,104.037266,True
34888,1,7874,30.63702,104.023052,9074,30.644496,104.074742,True
34911,1,7878,30.622985,104.100395,8726,30.644185,104.075529,True
34915,1,7878,30.684657,104.094824,8323,30.685051,104.076351,True
34927,1,7880,30.655035,104.079998,8291,30.6445,104.074727,True
34930,1,7880,30.654623,104.065613,8494,30.62958,104.076284,True
34940,1,7882,30.685013,104.041953,8654,30.672414,104.076513,True
34949,1,7883,30.611905,104.06806,8457,30.611026,104.10341,True
34954,1,7884,30.691844,104.036346,8532,30.67885,104.069467,True
34960,1,7884,30.627264,104.110958,8266,30.610978,104.100588,True
34964,1,7885,30.706598,104.042187,8725,30.695828,104.010924,True
34966,1,7885,30.6599,104.078519,8570,30.685503,104.105621,True
34968,1,7885,30.716055,104.071735,9065,30.691401,104.050142,True
34972,1,7886,30.683853,104.039421,8204,30.682306,104.030276,True
34974,1,7886,30.686472,104.030614,8715,30.640594,104.019991,True
34976,1,7886,30.653617,104.072198,8228,30.656382,104.060931,True
34983,1,7887,30.69532,104.069696,8764,30.705379,104.103868,True
34985,1,7887,30.687373,104.019445,8813,30.64494,104.058746,True
34990,1,7888,30.617226,103.985283,8789,30.636871,104.031026,True
34995,1,7888,30.687069,104.025718,8403,30.675123,104.028598,True
35008,1,7890,30.686097,104.035505,8489,30.716005,104.011548,True
35023,1,7893,30.672522,104.064922,8240,30.669614,104.055498,True
35024,1,7893,30.690959,104.016996,8496,30.713279,104.039707,True
35042,1,7896,30.689632,104.087905,8628,30.658441,104.066145,True
35054,1,7898,30.614109,104.093967,9089,30.663578,104.040551,True
35056,1,7899,30.651474,104.0864,8091,30.656369,104.093045,True
35057,1,7899,30.634758,104.097964,8702,30.669331,104.106478,True
35073,1,7901,30.608667,104.070115,9164,30.656264,103.980154,True
35079,1,7902,30.629049,104.110045,8457,30.629946,104.141867,True
35080,1,7902,30.672953,104.11232,8437,30.650239,104.096012,True
35088,1,7903,30.606106,103.998547,9118,30.611631,104.059081,True
35089,1,7903,30.666234,104.033678,8037,30.662524,104.027451,True
35096,1,7904,30.707478,104.043156,8115,30.719782,104.040484,True
35101,1,7905,30.668897,104.076546,8125,30.672104,104.077028,True
35103,1,7905,30.656553,104.098628,8193,30.662407,104.087508,True
35104,1,7905,30.65192,104.077855,8090,30.644487,104.074591,True
35109,1,7906,30.683924,104.078404,8834,30.718222,104.032269,True
35111,1,7906,30.670596,104.103028,8560,30.684901,104.075893,True
35116,1,7907,30.61587,104.092886,8242,30.614907,104.077038,True
35118,1,7907,30.668295,104.048631,11309,30.644882,104.094694,True
35123,1,7908,30.634427,104.058592,7957,30.633125,104.059946,True
35125,1,7908,30.639291,104.096052,9235,30.680042,104.057958,True
35126,1,7908,30.69544,104.07259,9064,30.700416,104.043013,True
35128,1,7908,30.614781,104.057581,8289,30.631014,104.032769,True
35130,1,7908,30.625085,104.062644,8406,30.653957,104.061797,True
35134,1,7908,30.66877,104.060261,8607,30.68287,104.083598,True
35142,1,7909,30.608035,104.039542,8613,30.645531,104.058244,True
35145,1,7909,30.697365,104.015984,9345,30.695886,104.072992,True
35153,1,7910,30.654867,104.070062,8270,30.644386,104.04921,True
35155,1,7911,30.649096,104.117084,8440,30.674434,104.109324,True
35174,1,7913,30.677539,103.997585,8693,30.66307,104.040582,True
35177,1,7913,30.624126,104.032402,8899,30.653379,104.079061,True
35190,1,7916,30.647847,104.031305,8434,30.641724,104.050254,True
35192,1,7916,30.656031,104.087987,8623,30.633875,104.07295,True
35201,1,7917,30.658805,104.060755,8585,30.676897,104.079565,True
35211,1,7918,30.650325,103.998994,8698,30.631224,104.03553,True
35214,1,7918,30.602,104.12532,8954,30.610144,104.030339,True
35215,1,7918,30.651038,104.025967,8635,30.653282,104.081793,True
35223,1,7919,30.682037,104.114912,9543,30.671322,104.055885,True
35224,1,7919,30.627435,104.002154,8785,30.691546,104.047387,True
35234,1,7920,30.644891,104.027473,9176,30.642689,104.07968,True
35242,1,7921,30.691884,104.096514,8946,30.630618,104.142044,True
35248,1,7922,30.604978,104.125201,9257,30.672427,104.087206,True
35263,1,7924,30.659018,104.129054,9090,30.662857,104.073824,True
35273,1,7926,30.660804,104.052472,8352,30.654145,104.087189,True
35274,1,7926,30.679019,104.088469,9122,30.688147,104.078745,True
35280,1,7927,30.629195,103.994602,8572,30.636891,104.029824,True
35285,1,7927,30.71793,104.043439,9224,30.627358,104.141813,True
35293,1,7929,30.676556,104.052082,8272,30.676202,104.043357,True
35296,1,7929,30.638466,103.985384,7940,30.638115,103.985069,True
35297,1,7929,30.6531,104.065785,9047,30.695852,104.073024,True
35302,1,7930,30.620308,104.063561,8102,30.626624,104.061827,True
35304,1,7930,30.643649,104.073762,8902,30.648601,104.109924,True
35305,1,7930,30.658572,104.055677,8389,30.661386,104.068992,True
35310,1,7931,30.639,104.094446,8388,30.653163,104.08679,True
35312,1,7931,30.658599,104.072746,8988,30.688122,104.076599,True
35318,1,7932,30.643753,104.102193,8316,30.653634,104.079224,True
35321,1,7933,30.649451,104.07944,8903,30.670727,104.114071,True
35323,1,7933,30.616085,104.092931,9047,30.670568,104.021086,True
35325,1,7934,30.648717,104.098522,8464,30.630264,104.141653,True
35327,1,7934,30.646633,104.062337,8903,30.649762,104.013719,True
35328,1,7934,30.605241,104.095253,8434,30.633797,104.075966,True
35332,1,7935,30.637472,104.068486,8826,30.608735,104.03846,True
35340,1,7936,30.623775,104.0792,8163,30.609728,104.081115,True
35348,1,7937,30.621888,104.074554,8310,30.615595,104.092841,True
35349,1,7937,30.651764,104.069844,8390,30.65687,104.092092,True
35351,1,7937,30.645039,104.010715,9439,30.663803,104.071704,True
35358,1,7938,30.636313,104.093263,8333,30.637377,104.066587,True
35362,1,7939,30.670974,104.02122,9935,30.636517,104.127905,True
35363,1,7939,30.68774,104.076758,9077,30.645532,104.062176,True
35374,1,7940,30.651127,104.104351,8832,30.615715,104.128666,True
35385,1,7941,30.60118,104.060465,8459,30.63135,104.076569,True
35392,1,7942,30.635772,104.010432,9142,30.643405,104.061547,True
35403,1,7945,30.71236,104.109573,8909,30.658205,104.078632,True
35413,1,7946,30.629224,104.058606,8496,30.639287,104.088664,True
35430,1,7949,30.659691,104.106174,8672,30.680188,104.067605,True
35436,1,7951,30.652186,104.014079,8586,30.673347,104.017548,True
35446,1,7951,30.672699,104.124771,8821,30.658579,104.080442,True
35450,1,7952,30.604617,104.040637,8846,30.633719,104.076375,True
35453,1,7952,30.70028,104.045767,8732,30.682804,103.985819,True
35456,1,7952,30.645331,104.027903,9070,30.685227,103.985897,True
35470,1,7954,30.715771,104.109095,8641,30.683127,104.15402,True
35486,1,7957,30.64866,104.074535,8587,30.649101,104.0544,True
35487,1,7957,30.671262,104.110707,8543,30.672599,104.1382,True
35499,1,7960,30.658845,104.101555,8436,30.633558,104.067841,True
35506,1,7961,30.627965,104.049553,8171,30.641361,104.0566,True
35507,1,7962,30.65797,104.125976,8840,30.665424,104.077963,True
35516,1,7963,30.700161,104.057479,8564,30.684469,104.077137,True
35528,1,7966,30.686929,104.040988,10205,30.657865,104.079992,True
35532,1,7966,30.66957,104.096008,8726,30.63607,104.12792,True
35540,1,7967,30.662854,104.096225,8451,30.652113,104.079275,True
35544,1,7968,30.673323,104.088389,8536,30.695612,104.094374,True
35549,1,7968,30.719066,104.038181,8104,30.712343,104.035919,True
35554,1,7969,30.678986,103.986256,8589,30.709524,104.019411,True
35564,1,7971,30.670011,104.106277,9370,30.64032,104.061403,True
35584,1,7974,30.633579,104.045359,8228,30.631159,104.054221,True
35588,1,7974,30.666299,104.077379,8333,30.679028,104.088148,True
35600,1,7974,30.638702,104.094865,8889,30.645038,104.062869,True
35610,1,7977,30.6548,104.067298,9229,30.629605,104.142116,True
35616,1,7977,30.636952,104.134855,8866,30.665922,104.07851,True
35620,1,7978,30.656939,104.091981,8502,30.636211,104.081067,True
35622,1,7978,30.664384,104.084045,8293,30.658503,104.066827,True
35625,1,7978,30.689159,104.038966,8521,30.69402,104.012802,True
35629,1,7979,30.695309,104.107278,9450,30.681308,104.108098,True
35632,1,7979,30.683184,104.046139,9008,30.644447,104.074789,True
35656,1,7984,30.641542,104.056754,9325,30.654985,104.080064,True
35659,1,7985,30.700271,104.041757,9056,30.702672,104.072608,True
35663,1,7986,30.704873,104.103543,8166,30.711997,104.10256,True
35666,1,7986,30.688453,104.057285,9188,30.714817,104.110007,True
35670,1,7986,30.649535,104.145264,8500,30.62675,104.154381,True
35678,1,7987,30.672788,104.04799,8243,30.660523,104.040681,True
35680,1,7988,30.663219,104.134984,9345,30.656529,104.075596,True
35693,1,7990,30.617663,104.047907,8388,30.60577,104.049569,True
35694,1,7990,30.648798,104.095296,8314,30.65531,104.084149,True
35705,1,7992,30.624833,104.06254,13212,30.643619,104.025468,True
35706,1,7992,30.682804,104.082204,9252,30.611524,104.06758,True
35715,1,7993,30.656346,104.046133,8783,30.682708,104.083549,True
35717,1,7994,30.689437,104.08458,9709,30.692869,104.089905,True
35719,1,7994,30.644007,104.095971,8209,30.65199,104.086745,True
35721,1,7995,30.679648,104.12286,8853,30.66427,104.077674,True
35723,1,7995,30.711442,104.050335,8592,30.683986,104.049687,True
35727,1,7995,30.674483,104.069443,8296,30.683454,104.047348,True
35730,1,7996,30.679006,104.073555,8457,30.659603,104.079722,True
35732,1,7996,30.718252,104.032187,9472,30.627681,104.142004,True
35738,1,7997,30.665481,104.055395,8108,30.667045,104.061766,True
35740,1,7997,30.631299,104.036136,8867,30.663629,104.071038,True
35753,1,7998,30.643753,104.102216,8586,30.638623,104.07571,True
35761,1,8000,30.624973,104.062178,8384,30.6304,104.076387,True
35762,1,8000,30.639386,104.066328,8660,30.658346,104.072083,True
35768,1,8001,30.652129,104.074836,10660,30.705317,104.10372,True
35772,1,8001,30.648094,103.997354,9256,30.685003,104.052413,True
35775,1,8002,30.621362,104.092871,8623,30.639711,104.066603,True
35780,1,8002,30.652741,104.089834,8588,30.629751,104.141846,True
35781,1,8002,30.678166,104.035774,8778,30.69473,104.073372,True
35790,1,8004,30.68136,104.053291,8144,30.683593,104.044378,True
35800,1,8005,30.629147,104.149049,8296,30.619249,104.147423,True
35805,1,8006,30.665823,104.136724,8997,30.662191,104.09735,True
35813,1,8008,30.689501,104.066237,8481,30.659927,104.040615,True
35814,1,8008,30.650878,104.027368,8671,30.648659,104.070997,True
35816,1,8008,30.629065,104.152731,8830,30.652621,104.101338,True
35822,1,8009,30.654306,104.021678,8401,30.649792,103.99651,True
35830,1,8010,30.682737,104.083292,8478,30.66538,104.077876,True
35836,1,8011,30.701438,104.025561,9010,30.68435,104.003548,True
35837,1,8011,30.684743,104.042437,9005,30.661263,104.086667,True
35846,1,8012,30.689415,104.019054,8572,30.666939,103.997869,True
35848,1,8012,30.622133,104.053237,8556,30.62761,104.041981,True
35852,1,8013,30.613323,104.09205,8435,30.607532,104.08063,True
35858,1,8014,30.675126,104.043273,8551,30.673985,104.068042,True
35870,1,8015,30.671381,104.078957,8401,30.65468,104.070495,True
35875,1,8016,30.647041,104.083209,8421,30.660769,104.076765,True
35880,1,8016,30.664659,104.121077,8425,30.670765,104.109009,True
35891,1,8017,30.638371,104.018358,8595,30.644277,104.048992,True
35897,1,8018,30.658073,104.055601,8354,30.672159,104.059442,True
35898,1,8019,30.625582,104.085446,9465,30.626482,104.143791,True
35910,1,8021,30.658722,104.071858,11828,30.607853,103.990058,True
35917,1,8022,30.617304,104.047214,8697,30.645632,104.030697,True
35936,1,8025,30.670141,104.08981,9699,30.704776,104.011606,True
35938,1,8025,30.652038,104.078192,9010,30.656633,104.085701,True
35941,1,8026,30.655643,104.070988,9070,30.667297,104.067165,True
35944,1,8026,30.688183,104.075176,8965,30.667647,104.052184,True
35947,1,8026,30.679563,104.018722,8867,30.660051,104.070147,True
35949,1,8027,30.648798,104.098597,8841,30.616383,104.071436,True
35961,1,8029,30.665639,104.036978,8267,30.668019,104.044012,True
35965,1,8029,30.626312,104.099919,9119,30.645058,104.063031,True
35972,1,8031,30.645702,104.029956,8442,30.649767,104.016268,True
35973,1,8031,30.629298,104.028017,9260,30.709957,104.008094,True
35978,1,8032,30.702668,104.052522,9115,30.695857,104.073032,True
35979,1,8032,30.644251,104.049002,8718,30.653035,104.075508,True
36018,1,8038,30.667344,104.097603,9549,30.670409,103.995562,True
36024,1,8039,30.681323,104.063237,9322,30.642748,104.127229,True
36028,1,8039,30.626509,104.143664,8736,30.636504,104.127786,True
36029,1,8039,30.660985,104.117261,8287,30.661498,104.10642,True
36037,1,8040,30.608373,104.081011,9213,30.68203,104.084741,True
36039,1,8040,30.700237,104.048407,8562,30.692278,104.066313,True
36052,1,8043,30.681976,104.105145,8526,30.646914,104.118712,True
36053,1,8043,30.631972,104.076152,8305,30.639443,104.066608,True
36054,1,8043,30.670654,104.021191,8741,30.649594,104.053505,True
36065,1,8044,30.67947,104.097156,9377,30.703187,104.02308,True
36068,1,8045,30.676024,104.075889,9000,30.639331,104.066218,True
36070,1,8045,30.653126,104.077071,8903,30.683833,104.088132,True
36071,1,8045,30.649677,104.072352,13852,30.663923,104.16253,True
36075,1,8045,30.617794,104.128899,9252,30.649138,104.07345,True
36084,1,8046,30.607301,104.135795,8798,30.612286,104.089729,True
36087,1,8047,30.626984,104.027622,8365,30.633267,104.038389,True
36092,1,8047,30.664489,104.103787,8354,30.670232,104.124731,True
36095,1,8048,30.698444,104.057488,8584,30.662552,104.060293,True
36098,1,8048,30.675149,104.096775,9251,30.627027,104.06659,True
36099,1,8048,30.61843,104.126367,23307,30.633322,104.041033,True
36103,1,8049,30.630529,104.153316,9265,30.663937,104.07708,True
36105,1,8049,30.683196,104.031488,28647,30.670241,104.040365,True
36106,1,8049,30.698474,104.046968,8561,30.677514,104.049088,True
36112,1,8050,30.641316,104.047856,8482,30.639276,104.066224,True
36124,1,8052,30.667721,104.056291,8929,30.662224,104.022879,True
36127,1,8052,30.686556,104.035935,8600,30.694994,104.066365,True
36130,1,8053,30.627066,104.041952,8501,30.605951,104.049379,True
36134,1,8053,30.645785,104.024729,9156,30.669944,104.07387,True
36136,1,8054,30.624992,104.064992,8407,30.629911,104.038915,True
36149,1,8055,30.714701,104.041903,9809,30.620526,104.17026,True
36154,1,8056,30.66686,104.069298,8588,30.65732,104.092083,True
36158,1,8056,30.670981,104.062005,8965,30.663541,104.014209,True
36160,1,8056,30.670902,104.110486,9329,30.663262,104.040588,True
36164,1,8057,30.637508,104.084259,8896,30.611727,104.133236,True
36166,1,8057,30.615822,104.123914,9331,30.653111,104.046718,True
36180,1,8059,30.623737,104.077068,8386,30.616141,104.068712,True
36187,1,8060,30.661017,104.05653,8421,30.645309,104.062469,True
36188,1,8060,30.649646,104.078918,9017,30.626776,104.143187,True
36192,1,8060,30.677602,104.107749,8957,30.689127,104.073532,True
36208,1,8062,30.612206,104.081628,8327,30.630048,104.076487,True
36211,1,8062,30.678787,104.121366,8947,30.639082,104.106999,True
36218,1,8063,30.710735,104.114189,8913,30.704083,104.082422,True
36221,1,8063,30.650322,104.032276,8369,30.646991,104.021934,True
36228,1,8064,30.683795,104.049519,9416,30.617718,104.014131,True
36230,1,8064,30.689213,104.073268,8550,30.668907,104.088829,True
36235,1,8065,30.604894,104.003807,9933,30.625195,104.073609,True
36240,1,8065,30.617444,104.098823,9093,30.64824,104.099534,True
36243,1,8065,30.625709,104.071678,8448,30.626178,104.051967,True
36247,1,8066,30.658241,104.044674,8688,30.639257,104.082456,True
36251,1,8066,30.64877,104.022464,8745,30.694207,104.050321,True
36259,1,8067,30.669383,104.060377,8628,30.660343,104.075045,True
36270,1,8069,30.681446,104.104743,8294,30.675661,104.109727,True
36274,1,8070,30.686787,104.035642,8731,30.650838,104.033233,True
36288,1,8072,30.699998,104.04248,9473,30.708687,104.048318,True
36292,1,8073,30.652119,104.012824,9259,30.643226,104.066036,True
36293,1,8073,30.659704,104.016105,8984,30.617289,104.040967,True
36297,1,8073,30.682344,104.113057,9348,30.628647,104.066598,True
36311,1,8076,30.672952,104.068296,9226,30.70542,104.011088,True
36312,1,8077,30.717253,104.069487,9381,30.678232,104.04841,True
36327,1,8080,30.686808,104.090837,9054,30.627613,104.13819,True
36333,1,8081,30.656723,104.092655,8225,30.659891,104.086109,True
36356,1,8083,30.661258,103.997261,9094,30.657674,104.05884,True
36359,1,8084,30.691724,104.057166,8404,30.685288,104.072995,True
36365,1,8085,30.640438,104.105649,8761,30.618034,104.129052,True
36366,1,8085,30.608319,104.136745,8745,30.640732,104.103953,True
36370,1,8086,30.624916,104.061977,8913,30.638221,104.094915,True
36380,1,8087,30.646999,104.066144,8768,30.618251,104.053201,True
36383,1,8087,30.675678,104.039331,8272,30.679148,104.043052,True
36388,1,8088,30.626777,104.02634,8675,30.613077,104.048343,True
36389,1,8088,30.659222,104.040531,9149,30.639228,104.079725,True
36398,1,8089,30.610679,104.076803,8340,30.610787,104.076792,True
36401,1,8090,30.682772,104.029444,8603,30.704248,104.003899,True
36419,1,8092,30.675873,104.041826,8853,30.694431,104.066058,True
36421,1,8093,30.677953,104.049016,8558,30.658994,104.050569,True
36424,1,8093,30.659428,104.110751,9313,30.695656,104.020854,True
36426,1,8093,30.695497,104.07285,8862,30.68926,104.087662,True
36435,1,8094,30.684804,104.033961,9027,30.694416,104.076909,True
36448,1,8096,30.678523,104.048159,8214,30.682404,104.045333,True
36449,1,8096,30.670856,104.079955,9328,30.629902,104.141894,True
36454,1,8097,30.69824,103.981805,8655,30.689782,104.018017,True
36456,1,8097,30.648683,104.068502,8551,30.642801,104.058947,True
36459,1,8098,30.664046,104.068995,8356,30.655232,104.079952,True
36461,1,8098,30.686478,104.105755,8808,30.651652,104.070144,True
36466,1,8098,30.649825,104.067032,9752,30.715426,104.076673,True
36473,1,8099,30.63085,104.15405,8792,30.639077,104.106645,True
36481,1,8100,30.700518,104.077126,8847,30.708891,104.043289,True
36484,1,8101,30.625555,104.09372,8549,30.611046,104.105612,True
36492,1,8102,30.6377,104.040002,8846,30.660218,104.072837,True
36496,1,8103,30.62336,104.076716,8928,30.626601,103.992219,True
36499,1,8103,30.687091,104.0123,9521,30.695174,104.073744,True
36500,1,8104,30.646747,104.091049,8651,30.664225,104.077417,True
36535,1,8109,30.600132,104.105542,8742,30.626764,104.07674,True
36536,1,8109,30.638885,104.035615,9342,30.705088,104.103602,True
36538,1,8110,30.613189,104.057636,8299,30.619854,104.058261,True
36545,1,8110,30.663555,104.072441,8755,30.660814,104.052946,True
36551,1,8112,30.651756,104.044603,9113,30.639553,104.002689,True
36552,1,8112,30.633678,104.072598,9159,30.66215,104.018655,True
36561,1,8113,30.645882,104.106547,8974,30.624878,104.047883,True
36568,1,8113,30.667334,104.037556,8917,30.670894,104.075144,True
36574,1,8114,30.681437,104.045226,8590,30.651899,104.045571,True
36578,1,8115,30.673643,103.985226,9268,30.652053,104.086559,True
36580,1,8115,30.658536,104.068733,8776,30.646269,104.060346,True
36582,1,8115,30.656479,104.055637,9180,30.693785,104.07356,True
36586,1,8115,30.603111,104.059741,8375,30.61756,104.054876,True
36588,1,8115,30.672581,104.137797,9685,30.700754,104.00408,True
36597,1,8116,30.650777,104.109532,8882,30.660634,104.055907,True
36604,1,8118,30.649687,104.096763,9121,30.691318,104.049297,True
36614,1,8120,30.609879,104.081017,8477,30.6021,104.06717,True
36616,1,8120,30.675983,103.996569,8661,30.704786,104.014612,True
36620,1,8121,30.680809,104.045713,8671,30.657897,104.058697,True
36631,1,8122,30.642031,104.075697,10256,30.682444,103.992369,True
36632,1,8122,30.68037,103.985379,8993,30.681852,104.029965,True
36644,1,8124,30.637523,104.067444,8348,30.638487,104.056919,True
36646,1,8124,30.716076,104.114937,21207,30.682036,104.162393,True
36652,1,8125,30.652312,104.111723,9648,30.704611,104.014296,True
36658,1,8125,30.647853,104.128794,9837,30.644239,104.072168,True
36660,1,8125,30.683965,104.100801,9110,30.611207,104.10193,True
36664,1,8126,30.713402,104.106472,8948,30.704002,104.08242,True
36677,1,8127,30.708526,104.004246,8228,30.712233,104.007151,True
36679,1,8128,30.625389,104.076545,8972,30.666155,104.121131,True
36681,1,8128,30.666958,104.056055,8648,30.648325,104.061385,True
36682,1,8128,30.637331,104.030678,9408,30.629637,104.142225,True
36683,1,8128,30.701441,104.040324,8875,30.705496,104.011034,True
36685,1,8128,30.66273,104.105913,8322,30.656415,104.102752,True
36687,1,8128,30.691616,104.073262,9955,30.665483,104.041526,True
36690,1,8129,30.627288,104.066594,8485,30.629316,104.076494,True
36691,1,8129,30.711903,104.168499,16711,30.707395,104.095784,True
36694,1,8129,30.6387,104.007753,8832,30.663763,104.040845,True
36698,1,8129,30.64441,104.049605,9039,30.636508,104.076166,True
36703,1,8131,30.67788,104.015541,8650,30.66331,104.04068,True
36711,1,8132,30.677786,104.092778,8452,30.66074,104.079205,True
36716,1,8133,30.650898,104.031794,8654,30.667052,104.032373,True
36729,1,8135,30.60135,104.034096,8684,30.6037,104.003141,True
36737,1,8135,30.650936,104.067807,8804,30.683603,104.060398,True
36745,1,8137,30.666105,104.003342,8599,30.650927,103.995853,True
36748,1,8137,30.68223,104.084045,9043,30.695125,104.066432,True
36750,1,8137,30.674989,104.018203,8790,30.659309,104.022852,True
36752,1,8137,30.652252,104.143221,9279,30.681507,104.125642,True
36774,1,8140,30.646212,104.092092,8995,30.637847,104.045465,True
36775,1,8140,30.711177,104.051687,8762,30.693189,104.043139,True
36776,1,8140,30.683669,104.04916,8810,30.674035,104.077445,True
36779,1,8141,30.628512,104.05315,8820,30.620558,104.017127,True
36780,1,8141,30.643559,104.025261,8465,30.632502,104.034184,True
36786,1,8141,30.681802,104.105036,9011,30.655034,104.143367,True
36794,1,8142,30.604879,104.098306,9149,30.659659,104.102181,True
36798,1,8143,30.678182,104.036726,8997,30.704722,104.01463,True
36807,1,8144,30.631192,104.040122,9308,30.608549,103.991002,True
36811,1,8144,30.659218,104.10616,9360,30.66344,104.040596,True
36816,1,8144,30.694574,104.06292,9968,30.602913,104.097599,True
36818,1,8145,30.691636,104.041181,8811,30.704657,104.014477,True
36834,1,8147,30.662403,104.040798,9349,30.604187,104.06353,True
36836,1,8147,30.665839,104.082874,8650,30.669997,104.053006,True
36850,1,8149,30.654937,104.080373,8767,30.68644,104.105724,True
36852,1,8150,30.645272,104.13968,8918,30.61099,104.104208,True
36854,1,8150,30.69654,104.041962,8590,30.704607,104.034434,True
36856,1,8150,30.644913,104.041243,8712,30.64441,104.074602,True
36864,1,8151,30.661196,104.003239,9053,30.639516,104.066238,True
36881,1,8154,30.632804,104.03462,8599,30.637892,104.008501,True
36895,1,8156,30.648764,104.116884,9044,30.609038,104.099281,True
36897,1,8156,30.712234,104.094533,8922,30.673933,104.111677,True
36904,1,8157,30.636839,104.053674,8639,30.654969,104.069018,True
36931,1,8160,30.679585,104.002775,8323,30.67003,103.999833,True
36932,1,8160,30.647342,104.035758,9047,30.606149,104.0416,True
36935,1,8160,30.658501,104.16141,8954,30.70494,104.10445,True
36937,1,8161,30.624884,104.031916,8912,30.645547,104.031751,True
36938,1,8161,30.695429,104.072615,9547,30.676335,103.987971,True
36941,1,8161,30.63625,104.143237,9216,30.625821,104.094169,True
36951,1,8162,30.66072,104.116306,8381,30.661807,104.10753,True
36966,1,8165,30.60945,103.992957,9599,30.636402,104.048523,True
36967,1,8165,30.623927,104.049721,8838,30.650087,104.060511,True
36971,1,8165,30.606372,103.989234,8468,30.617616,103.991681,True
36975,1,8166,30.667737,104.111616,9303,30.715412,104.06788,True
36976,1,8167,30.634329,104.008569,27484,30.695779,104.072767,True
36977,1,8167,30.64053,104.044187,11899,30.640568,104.015182,True
36982,1,8167,30.672018,104.067811,9121,30.658421,104.029225,True
37001,1,8169,30.68546,104.114608,8618,30.674431,104.097559,True
37007,1,8170,30.675953,104.060553,8527,30.662534,104.072394,True
37009,1,8171,30.656719,104.092419,8315,30.662317,104.096641,True
37010,1,8171,30.648269,104.114527,8307,30.645658,104.118909,True
37017,1,8171,30.654743,104.046908,8684,30.634436,104.066435,True
37028,1,8172,30.64364,104.045517,8752,30.674619,104.059404,True
37043,1,8174,30.685436,104.07328,9238,30.666613,104.047788,True
37044,1,8174,30.622558,104.098517,8774,30.649418,104.095532,True
37046,1,8174,30.658553,104.10144,9363,30.694584,104.070207,True
37047,1,8174,30.694462,104.066421,9430,30.647922,104.078766,True
37051,1,8174,30.600056,104.103084,8466,30.608434,104.099269,True
37059,1,8175,30.642626,104.079534,8550,30.636608,104.074908,True
37060,1,8175,30.63044,104.106107,9421,30.68418,104.078533,True
37064,1,8176,30.658239,104.09894,8694,30.65819,104.078602,True
37066,1,8176,30.665108,104.08018,9982,30.638987,103.99097,True
37071,1,8177,30.616517,104.051606,8588,30.614718,104.0674,True
37075,1,8178,30.632745,104.040805,9400,30.681915,104.084337,True
37080,1,8179,30.602107,104.12519,9171,30.692938,104.139955,True
37088,1,8180,30.674084,104.054995,9036,30.705375,104.011112,True
37092,1,8180,30.623858,104.078508,8700,30.667941,104.08847,True
37095,1,8181,30.651723,104.023114,9123,30.704673,104.014374,True
37097,1,8181,30.690357,104.047039,8995,30.668202,104.111677,True
37098,1,8181,30.685257,104.03459,8723,30.709531,104.038844,True
37099,1,8181,30.635154,104.06457,8782,30.658941,104.084949,True
37110,1,8183,30.64402,104.101164,8683,30.637447,104.067716,True
37116,1,8183,30.640527,104.096098,9083,30.667493,104.065705,True
37120,1,8184,30.665841,104.003334,9788,30.663018,104.0929,True
37134,1,8186,30.637422,104.016815,8511,30.650839,104.02665,True
37147,1,8187,30.633748,104.099055,8959,30.655594,104.072195,True
37151,1,8187,30.6371,104.023081,9163,30.684368,104.051196,True
37157,1,8189,30.651997,104.078251,9304,30.630618,104.142043,True
37160,1,8189,30.687886,104.063137,8482,30.695106,104.066469,True
37174,1,8191,30.633614,104.034074,8949,30.703861,104.023009,True
37177,1,8191,30.67524,104.002719,8672,30.651459,104.001248,True
37178,1,8191,30.711308,104.094161,8758,30.700277,104.076455,True
37182,1,8192,30.687802,104.090179,9118,30.691319,104.049204,True
37198,1,8195,30.717147,103.981141,9228,30.687729,104.079898,True
37202,1,8196,30.680725,104.106885,8577,30.668752,104.111139,True
37203,1,8196,30.686027,104.062198,9005,30.644494,104.07499,True
37212,1,8197,30.677165,104.072617,8950,30.649274,104.060069,True
37217,1,8197,30.669294,104.065672,8547,30.679804,104.054505,True
37240,1,8200,30.63596,104.049026,8864,30.64783,104.065602,True
37241,1,8201,30.60587,104.102052,8853,30.637932,104.106984,True
37244,1,8201,30.677095,104.076896,9717,30.665741,104.001523,True
37248,1,8202,30.706208,103.996388,8691,30.683821,104.031856,True
37249,1,8202,30.69412,104.043969,8830,30.67019,104.063503,True
37254,1,8203,30.637765,104.084483,9195,30.624559,104.039529,True
37263,1,8205,30.672794,104.004473,8515,30.673031,104.026587,True
37268,1,8206,30.665641,104.030135,8995,30.646232,103.982983,True
37271,1,8206,30.700814,104.102639,9371,30.639518,104.066237,True
37275,1,8206,30.683121,104.08353,8769,30.694764,104.073369,True
37287,1,8208,30.673,104.067313,8305,30.674579,104.059427,True
37292,1,8208,30.601957,104.077876,8475,30.616462,104.073187,True
37296,1,8209,30.639349,104.02695,8688,30.63387,104.036134,True
37301,1,8209,30.645842,104.093329,8545,30.661581,104.091499,True
37303,1,8210,30.653646,104.087743,8773,30.667981,104.100068,True
37320,1,8212,30.647835,104.033859,8569,30.633487,104.038341,True
37323,1,8212,30.646135,104.054038,8616,30.648424,104.030155,True
37325,1,8212,30.645487,104.075025,9687,30.704669,104.014439,True
37335,1,8213,30.668126,104.088691,8899,30.685283,104.075917,True
37343,1,8214,30.669041,104.102885,8728,30.660415,104.086373,True
37350,1,8215,30.662401,104.080762,8821,30.653527,104.059163,True
37352,1,8215,30.700239,104.007883,8575,30.714018,103.987803,True
37357,1,8216,30.655509,104.071899,9080,30.619413,104.098353,True
37367,1,8217,30.610957,104.050047,9563,30.694599,104.066629,True
37370,1,8217,30.628461,104.046186,9201,30.668925,104.070943,True
37372,1,8218,30.670894,104.079513,8655,30.654843,104.104759,True
37381,1,8220,30.636798,104.086417,8307,30.635505,104.091408,True
37385,1,8220,30.637294,104.101061,8987,30.655841,104.074851,True
37394,1,8222,30.680852,104.08694,8631,30.695139,104.072979,True
37396,1,8223,30.693152,104.09038,8955,30.718287,104.078246,True
37400,1,8223,30.677086,104.052733,9287,30.669759,104.121513,True
37444,1,8230,30.666113,104.109227,8480,30.681188,104.113893,True
37450,1,8231,30.671797,104.13732,9688,30.702453,104.072548,True
37453,1,8231,30.695723,104.092856,9117,30.714359,104.060023,True
37465,1,8233,30.636911,104.100835,9103,30.660885,104.073245,True
37466,1,8233,30.638656,104.07572,9044,30.664115,104.077189,True
37473,1,8234,30.624965,104.06554,8473,30.62307,104.071737,True
37490,1,8237,30.622812,104.104561,9044,30.622934,104.076774,True
37505,1,8239,30.667532,104.058612,8419,30.668065,104.05235,True
37511,1,8240,30.685297,104.112776,8706,30.68024,104.08949,True
37512,1,8240,30.633065,104.040669,9200,30.653714,104.079251,True
37514,1,8240,30.64403,104.095955,8782,30.66152,104.117282,True
37516,1,8240,30.660177,104.072713,8783,30.640474,104.10578,True
37518,1,8241,30.642746,104.074956,9800,30.702808,104.07248,True
37520,1,8241,30.653524,104.089985,8567,30.653637,104.075991,True
37527,1,8242,30.628088,104.048131,8994,30.666581,104.065609,True
37529,1,8242,30.683819,104.049861,8848,30.685122,104.085193,True
37530,1,8242,30.625401,104.094532,8750,30.642522,104.085685,True
37532,1,8243,30.65336,104.098189,8735,30.635991,104.127706,True
37535,1,8243,30.640068,104.152231,9018,30.670243,104.106283,True
37539,1,8243,30.683184,104.044852,8796,30.682965,104.083691,True
37546,1,8244,30.652111,104.014475,8440,30.664811,104.010453,True
37552,1,8245,30.680592,104.032971,8676,30.705037,104.039315,True
37566,1,8246,30.6466,104.125272,9935,30.695965,104.072961,True
37576,1,8247,30.649052,104.108505,9242,30.64086,104.042062,True
37589,1,8250,30.695444,104.072607,8932,30.682717,104.081982,True
37595,1,8250,30.634765,104.093317,8955,30.644443,104.074677,True
37597,1,8251,30.668788,104.076513,9033,30.694689,104.073467,True
37601,1,8251,30.649023,104.125689,8801,30.672568,104.137731,True
37602,1,8251,30.656364,104.054756,8935,30.625998,104.094056,True
37612,1,8253,30.645867,104.106579,8546,30.636093,104.128071,True
37613,1,8253,30.637331,104.075971,8651,30.653037,104.078769,True
37614,1,8253,30.67435,104.111728,8641,30.681277,104.098724,True
37616,1,8253,30.614861,104.057569,9320,30.665574,104.006269,True
37619,1,8253,30.657416,104.104461,8610,30.671582,104.110075,True
37620,1,8253,30.714958,103.988786,8882,30.70739,104.028872,True
37621,1,8254,30.629234,104.154715,9759,30.66674,104.12079,True
37627,1,8254,30.628458,104.045846,8435,30.637345,104.038738,True
37632,1,8255,30.637803,104.022406,8762,30.637545,103.985961,True
37637,1,8256,30.629294,104.069896,9608,30.663211,104.040729,True
37657,1,8258,30.638658,104.018728,9334,30.636801,104.082837,True
37660,1,8258,30.64035,104.089609,8627,30.622934,104.097634,True
37662,1,8260,30.639497,104.036665,10109,30.627733,104.141805,True
37665,1,8260,30.694865,104.073433,9202,30.70535,104.10372,True
37670,1,8260,30.620247,104.113703,9257,30.63612,104.081027,True
37676,1,8261,30.634047,104.037926,8514,30.620011,104.042739,True
37680,1,8262,30.673562,104.065648,8535,30.685539,104.07463,True
37681,1,8263,30.698488,104.026518,9670,30.660921,104.086594,True
37691,1,8263,30.606188,104.092861,8612,30.602034,104.072962,True
37694,1,8264,30.693169,104.035088,8473,30.703097,104.022871,True
37696,1,8264,30.688857,104.036794,8793,30.668142,104.049644,True
37716,1,8267,30.65179,104.021393,9461,30.660293,104.080462,True
37736,1,8270,30.69383,104.069744,8348,30.692801,104.069823,True
37738,1,8270,30.668049,104.073096,8662,30.674766,104.059355,True
37755,1,8273,30.636893,104.094038,8688,30.635147,104.072842,True
37768,1,8274,30.626539,104.081694,9307,30.644474,104.04966,True
37775,1,8275,30.625535,104.147203,8435,30.627322,104.131083,True
37779,1,8275,30.70106,104.105926,8554,30.6886,104.104471,True
37789,1,8277,30.662501,104.028506,9212,30.663485,104.07012,True
37791,1,8278,30.658525,104.073599,11493,30.685396,104.03415,True
37795,1,8278,30.684074,104.103884,8673,30.671509,104.088847,True
37797,1,8279,30.712711,104.109644,9749,30.673947,104.058636,True
37798,1,8279,30.654891,104.043636,9427,30.636013,104.127705,True
37832,1,8283,30.67758,104.079736,9003,30.702345,104.072497,True
37833,1,8283,30.67554,104.011062,8614,30.691067,104.016646,True
37847,1,8286,30.629116,104.038894,8989,30.670557,104.02088,True
37849,1,8286,30.60312,104.04071,9396,30.602991,104.061649,True
37853,1,8286,30.640773,104.051958,8781,30.610238,104.067422,True
37862,1,8288,30.630599,104.160205,9437,30.679988,104.089126,True
37866,1,8288,30.683434,104.066126,8521,30.672024,104.060326,True
37867,1,8288,30.678827,104.035391,9224,30.629339,104.041836,True
37877,1,8290,30.667053,104.080315,8838,30.652211,104.111917,True
37879,1,8291,30.62794,104.062299,8981,30.648667,104.059982,True
37888,1,8292,30.66641,104.091542,8808,30.6567,104.074418,True
37910,1,8296,30.63878,104.141367,9257,30.65241,104.074766,True
37913,1,8296,30.648315,104.085066,8789,30.656711,104.072908,True
37920,1,8297,30.670716,104.0663,8852,30.651074,104.086789,True
37923,1,8297,30.671662,104.057291,9009,30.661575,104.091863,True
37931,1,8298,30.688439,104.009501,8893,30.710586,104.032256,True
37935,1,8299,30.650904,104.035228,8749,30.663392,104.04078,True
37957,1,8302,30.687087,104.01245,9090,30.707426,104.047353,True
38001,1,8307,30.685822,104.034485,9013,30.711076,104.010867,True
38003,1,8307,30.622722,104.044864,9243,30.69444,104.056303,True
38013,1,8308,30.702805,104.071749,9846,30.675457,104.068908,True
38026,1,8310,30.644431,104.074182,8565,30.644109,104.075111,True
38029,1,8311,30.705404,104.049848,9240,30.716883,104.11511,True
38031,1,8311,30.677894,104.048586,9226,30.644397,104.074942,True
38033,1,8311,30.710542,104.114194,9251,30.684764,104.077049,True
38045,1,8312,30.628158,104.052134,8699,30.643613,104.061158,True
38058,1,8314,30.67147,104.077631,9150,30.710033,104.071392,True
38072,1,8317,30.664821,104.077644,9755,30.612995,104.062746,True
38076,1,8318,30.669365,104.078959,8599,30.659908,104.074724,True
38084,1,8318,30.602989,104.098289,9183,30.632107,104.060878,True
38089,1,8319,30.68052,104.022041,8846,30.682651,103.985884,True
38094,1,8320,30.66237,104.07591,9646,30.627628,104.141966,True
38099,1,8320,30.676235,104.033974,8638,30.672638,104.008001,True
38101,1,8320,30.602917,104.094026,9450,30.669761,104.121414,True
38106,1,8321,30.64448,104.074151,9112,30.652428,104.064439,True
38112,1,8322,30.708084,103.994211,9044,30.685175,104.041984,True
38113,1,8322,30.635891,104.066586,8726,30.643402,104.061652,True
38118,1,8323,30.636131,104.081179,8632,30.645795,104.075076,True
38119,1,8323,30.643731,104.086413,12390,30.643693,104.086573,True
38127,1,8325,30.62531,104.053949,9011,30.671242,104.048294,True
38136,1,8326,30.647259,104.036216,8755,30.659321,104.055952,True
38137,1,8327,30.637573,104.008668,8772,30.65387,104.018396,True
38146,1,8328,30.673761,104.053299,9143,30.681859,104.084364,True
38158,1,8329,30.686184,104.060894,8872,30.654066,104.040824,True
38164,1,8330,30.642855,104.114962,9438,30.600395,104.10658,True
38166,1,8330,30.63759,104.056883,8639,30.636846,104.043265,True
38167,1,8330,30.638418,104.075976,9011,30.670662,104.072553,True
38169,1,8330,30.621177,104.067127,9674,30.664652,104.086465,True
38180,1,8332,30.677484,104.057538,9138,30.695509,104.073871,True
38183,1,8333,30.652059,104.008632,8716,30.646133,104.04015,True
38203,1,8335,30.670212,103.997706,9304,30.686897,104.034889,True
38208,1,8335,30.700673,104.092155,10194,30.606261,104.026794,True
38221,1,8338,30.621545,104.05775,9118,30.663485,104.07034,True
38222,1,8338,30.661399,104.040698,8929,30.660083,104.067375,True
38224,1,8338,30.654729,104.053912,8636,30.675124,104.059766,True
38234,1,8340,30.695184,104.026824,8930,30.658186,104.044602,True
38238,1,8341,30.67889,104.047495,9080,30.650964,104.086338,True
38242,1,8341,30.639239,103.985233,8361,30.640841,103.98469,True
38243,1,8342,30.65553,104.080549,8458,30.652671,104.087039,True
38244,1,8342,30.627809,104.098025,9451,30.657639,104.058984,True
38254,1,8342,30.636444,104.042537,8772,30.639439,104.060999,True
38255,1,8342,30.647733,104.112791,8555,30.63606,104.127953,True
38262,1,8343,30.64794,104.078863,8522,30.645503,104.083685,True
38265,1,8343,30.703044,104.053083,9278,30.695703,104.073082,True
38278,1,8345,30.6259,104.029658,8929,30.650067,104.032369,True
38279,1,8346,30.637374,104.053897,8861,30.652832,104.069318,True
38280,1,8346,30.706602,104.000809,9130,30.650919,103.995945,True
38281,1,8346,30.716502,104.105333,9346,30.685748,104.07377,True
38284,1,8346,30.666496,104.051822,8567,30.680801,104.044311,True
38288,1,8347,30.659796,104.040692,9042,30.633254,104.06099,True
38292,1,8347,30.625978,104.058152,8697,30.634825,104.066315,True
38295,1,8347,30.646186,104.039716,8438,30.647628,104.033763,True
38304,1,8349,30.639775,104.097485,8863,30.626518,104.081907,True
38314,1,8350,30.634295,104.066787,8624,30.634307,104.077579,True
38318,1,8350,30.650421,104.062529,9448,30.647097,104.125917,True
38319,1,8350,30.652447,104.103398,9016,30.669865,104.121845,True
38321,1,8351,30.637638,104.027235,8554,30.646437,104.02255,True
38341,1,8354,30.651815,104.001364,8853,30.629213,104.002057,True
38343,1,8354,30.636796,104.103357,9134,30.653525,104.066252,True
38350,1,8355,30.698382,104.00828,8541,30.693674,104.018203,True
38351,1,8355,30.657745,104.008186,9218,30.621556,104.053496,True
38353,1,8355,30.643439,104.058007,9645,30.717836,104.03223,True
38354,1,8355,30.663295,104.046151,8901,30.644425,104.074904,True
38358,1,8356,30.653591,104.052824,8915,30.653592,104.071773,True
38359,1,8356,30.675921,104.111236,9624,30.653373,104.076557,True
38369,1,8357,30.651204,104.109908,9022,30.662769,104.072177,True
38374,1,8358,30.637462,104.045966,8741,30.632984,104.066476,True
38381,1,8359,30.645992,104.077819,9527,30.630576,104.142337,True
38382,1,8359,30.643272,104.139761,9321,30.667652,104.100294,True
38386,1,8359,30.661535,104.07537,8754,30.653429,104.062212,True
38388,1,8359,30.648508,104.075157,9696,30.695436,104.073785,True
38410,1,8361,30.708058,104.097868,13204,30.695877,104.072986,True
38413,1,8362,30.671952,104.059795,9928,30.630069,104.141655,True
38424,1,8363,30.695622,104.072725,9097,30.68704,104.098798,True
38430,1,8364,30.671665,104.066609,10291,30.693223,104.043304,True
38431,1,8364,30.659419,104.060081,8631,30.670864,104.051513,True
38442,1,8366,30.640912,104.093055,8748,30.656932,104.10284,True
38444,1,8366,30.671001,104.125489,9786,30.674919,104.059504,True
38455,1,8368,30.619369,104.115358,8987,30.626353,104.143669,True
38478,1,8371,30.671385,104.050371,8986,30.636219,104.061928,True
38486,1,8373,30.700109,104.103046,8373,30.700155,104.103889,True
38487,1,8373,30.643057,104.07354,8706,30.653662,104.076086,True
38493,1,8375,30.637185,104.046573,9030,30.613386,104.067403,True
38497,1,8375,30.685654,104.074285,9081,30.70498,104.103565,True
38524,1,8380,30.638918,104.119783,9059,30.67704,104.094831,True
38526,1,8380,30.709863,104.093991,8857,30.699082,104.115621,True
38536,1,8381,30.661625,104.10968,8934,30.67191,104.136777,True
38549,1,8382,30.716958,104.043832,8603,30.718329,104.032233,True
38550,1,8382,30.617812,104.100311,9238,30.651419,104.103637,True
38551,1,8382,30.652415,104.121897,9905,30.6445,104.074597,True
38552,1,8382,30.637064,104.066347,8830,30.634151,104.077367,True
38567,1,8386,30.620353,104.017227,9395,30.639859,104.075841,True
38574,1,8386,30.617785,104.101423,9449,30.654232,104.053703,True
38575,1,8387,30.635161,104.021222,9625,30.653555,104.070736,True
38577,1,8387,30.685319,104.102892,9113,30.644377,104.074933,True
38584,1,8388,30.655623,104.071948,9272,30.653618,104.075739,True
38590,1,8388,30.645356,104.051842,9191,30.665384,104.000201,True
38597,1,8390,30.64393,104.065976,8886,30.66584,104.082534,True
38603,1,8391,30.70143,104.102818,8393,30.700155,104.103889,True
38612,1,8392,30.674097,104.072987,9516,30.636048,104.127741,True
38615,1,8392,30.636901,104.043312,8920,30.668389,104.033106,True
38617,1,8392,30.669885,104.046067,9019,30.66094,104.072296,True
38618,1,8393,30.698714,104.01891,9405,30.662611,104.017313,True
38619,1,8393,30.670422,104.065532,9052,30.626941,104.040941,True
38625,1,8394,30.663411,104.079067,9394,30.695611,104.073262,True
38631,1,8395,30.671171,104.056861,8794,30.666079,104.073734,True
38632,1,8395,30.692939,104.073057,8967,30.671329,104.055907,True
38633,1,8395,30.662995,104.076453,8643,30.658623,104.077515,True
38642,1,8396,30.674043,104.069084,8635,30.674109,104.05514,True
38643,1,8397,30.662495,104.047357,8506,30.664025,104.046171,True
38645,1,8397,30.636374,104.093305,8761,30.633682,104.067217,True
38648,1,8398,30.699271,104.112456,9212,30.658381,104.072147,True
38652,1,8398,30.634227,104.075947,8650,30.612151,104.075049,True
38660,1,8399,30.632254,104.147201,8792,30.638784,104.120137,True
38663,1,8399,30.663834,104.097883,9243,30.682074,104.084798,True
38670,1,8400,30.64723,104.107488,8960,30.667465,104.113864,True
38675,1,8401,30.666827,104.07896,8827,30.678413,104.056974,True
38677,1,8401,30.666627,104.029212,9164,30.691662,104.047546,True
38683,1,8402,30.644618,104.107323,8879,30.626459,104.144189,True
38684,1,8402,30.672648,104.028044,9210,30.637154,104.033101,True
38692,1,8404,30.676509,104.040204,8703,30.673653,104.05574,True
38693,1,8404,30.677346,104.038809,9795,30.646514,104.107021,True
38695,1,8404,30.648981,104.018292,8829,30.636819,104.031022,True
38705,1,8406,30.666253,104.070581,9438,30.696023,104.07299,True
38713,1,8406,30.661472,104.082241,9434,30.639483,104.038662,True
38715,1,8406,30.669638,104.113699,8964,30.648708,104.09908,True
38718,1,8407,30.676531,104.034191,8940,30.666569,104.072183,True
38726,1,8408,30.634674,104.108398,8664,30.636013,104.127641,True
38732,1,8409,30.679922,104.021092,9139,30.650866,104.029207,True
38735,1,8409,30.667783,104.03668,8916,30.659973,104.061698,True
38740,1,8410,30.665406,104.021574,9962,30.630261,104.14223,True
38745,1,8410,30.68046,104.078013,8699,30.688125,104.076825,True
38747,1,8410,30.646576,104.070058,9141,30.671002,104.048357,True
38751,1,8410,30.632958,104.001497,9915,30.639279,104.066229,True
38753,1,8411,30.622513,104.103433,9686,30.671209,104.01856,True
38754,1,8411,30.664895,104.011916,9846,30.702345,104.072602,True
38767,1,8413,30.641901,103.99363,9419,30.608569,104.058685,True
38771,1,8414,30.622582,104.098161,9806,30.666697,104.046909,True
38773,1,8414,30.648939,104.08572,8683,30.643077,104.078758,True
38790,1,8416,30.694602,104.012582,9757,30.623901,104.075186,True
38793,1,8417,30.652111,104.014343,12736,30.633199,104.041025,True
38794,1,8417,30.638746,104.056472,8909,30.657478,104.040983,True
38795,1,8417,30.643873,104.066243,9290,30.665927,104.082257,True
38821,1,8419,30.716741,104.104858,9172,30.713556,104.059768,True
38826,1,8420,30.706223,104.096801,9543,30.670941,104.062007,True
38844,1,8423,30.666316,104.062297,8813,30.653295,104.069605,True
38850,1,8424,30.634416,104.066428,8573,30.635023,104.052789,True
38853,1,8424,30.672977,104.067061,8979,30.645038,104.062872,True
38857,1,8425,30.691,104.072979,8609,30.69046,104.073127,True
38862,1,8426,30.629778,104.038067,9280,30.68309,104.032038,True
38864,1,8426,30.702808,104.07442,9478,30.714038,104.013011,True
38866,1,8426,30.658652,104.060589,8890,30.631731,104.039922,True
38869,1,8426,30.677941,104.083979,8922,30.67049,104.0635,True
38871,1,8427,30.632496,104.026989,9532,30.656906,104.071157,True
38876,1,8427,30.708523,104.012984,10131,30.644394,104.074798,True
38883,1,8428,30.661544,104.086598,8855,30.674747,104.082703,True
38889,1,8429,30.648428,104.075305,8859,30.656102,104.082028,True
38894,1,8430,30.654889,104.080426,9625,30.664228,104.112625,True
38900,1,8431,30.675453,104.109302,9017,30.676478,104.143644,True
38904,1,8431,30.642224,104.080723,9663,30.629853,104.141759,True
38907,1,8431,30.664359,104.046345,9065,30.645243,104.073304,True
38911,1,8432,30.636658,104.129408,9334,30.655432,104.071775,True
38915,1,8432,30.658132,104.082326,8614,30.664926,104.084512,True
38918,1,8433,30.639809,104.042874,8608,30.629733,104.038691,True
38930,1,8435,30.624738,104.057483,9531,30.65413,104.089227,True
38931,1,8435,30.635178,104.06445,8598,30.640844,104.061709,True
38939,1,8436,30.623158,104.031754,10219,30.696111,104.072878,True
38940,1,8436,30.706534,103.995684,9663,30.705122,104.10351,True
38948,1,8437,30.627384,104.150009,9232,30.716694,104.167776,True
38961,1,8438,30.603335,104.126683,9349,30.631212,104.036298,True
38962,1,8438,30.664885,104.046744,11739,30.69458,104.074701,True
38967,1,8439,30.641633,104.077818,9408,30.629629,104.141788,True
38970,1,8439,30.686004,104.062596,9132,30.696024,104.072955,True
38975,1,8440,30.687927,104.026794,9068,30.661734,104.060539,True
38988,1,8442,30.655402,104.095378,9067,30.640687,104.103302,True
38992,1,8442,30.677615,104.02587,9397,30.681887,104.08438,True
38994,1,8443,30.670521,104.099025,9585,30.695999,104.072948,True
38999,1,8443,30.665786,104.078589,8579,30.672382,104.076765,True
39004,1,8444,30.703934,104.077424,9564,30.664038,104.162533,True
39006,1,8444,30.650829,104.041217,9280,30.623069,104.105208,True
39008,1,8444,30.638226,104.100619,9095,30.648989,104.060041,True
39025,1,8446,30.645126,104.033353,9091,30.643333,104.066108,True
39027,1,8446,30.675001,104.134169,10126,30.702253,104.072648,True
39037,1,8447,30.697154,104.02478,9286,30.659999,104.055998,True
39041,1,8448,30.649323,104.018288,8950,30.634825,104.030367,True
39047,1,8449,30.658574,104.060737,8620,30.656356,104.065122,True
39048,1,8449,30.615309,104.135727,9160,30.628016,104.105876,True
39052,1,8450,30.673376,104.024697,8852,30.666474,104.039828,True
39056,1,8451,30.611009,104.064644,9514,30.691371,104.047642,True
39059,1,8452,30.676652,104.13862,8961,30.667921,104.120347,True
39065,1,8453,30.656504,104.06721,8780,30.649836,104.062146,True
39070,1,8453,30.638417,104.066509,8638,30.642789,104.073154,True
39072,1,8453,30.672531,104.052479,8877,30.6728,104.078991,True
39076,1,8454,30.683687,104.072739,9583,30.639187,104.082289,True
39082,1,8455,30.687589,104.108922,9012,30.659985,104.081197,True
39083,1,8455,30.64777,104.075251,8529,30.650219,104.077855,True
39087,1,8456,30.631404,104.050348,9822,30.661983,104.091048,True
39089,1,8456,30.663426,104.089695,9895,30.617109,104.105803,True
39097,1,8458,30.674537,103.986846,9079,30.662939,104.028983,True
39098,1,8458,30.678291,104.081971,8901,30.670187,104.067114,True
39104,1,8459,30.680377,104.043782,9717,30.626871,103.989543,True
39105,1,8459,30.695626,104.07272,10071,30.652593,104.075243,True
39114,1,8461,30.617673,104.128879,8898,30.623013,104.105202,True
39115,1,8461,30.663894,104.044895,9263,30.642864,104.086315,True
39119,1,8461,30.611835,104.061839,9108,30.636881,104.08104,True
39134,1,8464,30.676026,104.028944,9184,30.647856,104.02021,True
39137,1,8464,30.60417,104.003567,9458,30.635307,104.050395,True
39156,1,8467,30.714099,103.987968,11226,30.654962,104.14299,True
39168,1,8469,30.638075,104.045756,8692,30.645136,104.058746,True
39170,1,8469,30.620663,104.098233,9045,30.623043,104.073173,True
39174,1,8470,30.648045,104.023413,8772,30.637543,104.02251,True
39180,1,8471,30.702308,104.073879,10232,30.682663,104.052784,True
39189,1,8472,30.708452,104.100218,9250,30.669908,104.121865,True
39190,1,8472,30.63536,104.052816,8903,30.651768,104.07019,True
39209,1,8474,30.693449,104.043686,9765,30.634631,104.013841,True
39217,1,8475,30.64964,103.996851,8892,30.638355,104.016906,True
39219,1,8475,30.639175,103.987635,9271,30.610478,103.994819,True
39250,1,8480,30.660902,104.086355,10285,30.660835,104.086604,True
39254,1,8480,30.707391,104.010061,9387,30.701232,104.044382,True
39258,1,8481,30.67639,104.056249,9439,30.695909,104.073014,True
39261,1,8481,30.622105,104.123591,9356,30.653528,104.079235,True
39267,1,8482,30.650953,104.119643,9860,30.6585,104.066345,True
39269,1,8482,30.716855,104.104901,9734,30.694404,104.069631,True
39273,1,8483,30.653674,104.108601,9219,30.621132,104.090736,True
39281,1,8484,30.630487,104.099188,9313,30.623769,104.0239,True
39283,1,8484,30.644466,104.095381,8982,30.632515,104.094072,True
39293,1,8485,30.619389,104.042373,8862,30.602324,104.028459,True
39300,1,8487,30.642395,104.124305,8684,30.648368,104.13819,True
39304,1,8488,30.693106,104.050392,9220,30.684065,104.078183,True
39306,1,8488,30.645885,104.168417,8567,30.647455,104.163377,True
39316,1,8489,30.625307,104.093847,9501,30.651625,104.041614,True
39321,1,8490,30.645261,104.118769,9654,30.627571,104.138397,True
39332,1,8491,30.643718,104.073863,8861,30.648844,104.095555,True
39333,1,8491,30.665157,104.079775,9361,30.705072,104.103548,True
39336,1,8492,30.620711,104.080046,8945,30.642087,104.091383,True
39342,1,8493,30.68178,104.105189,8542,30.683766,104.104089,True
39347,1,8493,30.632633,104.058506,9024,30.644432,104.075066,True
39349,1,8493,30.684066,103.991815,9562,30.646202,104.040853,True
39350,1,8494,30.654659,104.062891,9558,30.647956,104.014123,True
39373,1,8497,30.6139,104.054258,9069,30.626547,104.076623,True
39376,1,8497,30.711287,104.169137,8892,30.690131,104.166987,True
39378,1,8497,30.60302,104.00735,10056,30.683624,104.032788,True
39381,1,8498,30.682833,104.090251,9250,30.654762,104.073503,True
39382,1,8498,30.653307,104.001151,9401,30.70485,104.014535,True
39388,1,8498,30.629192,104.14537,9063,30.640244,104.103202,True
39395,1,8500,30.628034,104.074786,9023,30.632841,104.03883,True
39398,1,8501,30.686941,104.090751,9614,30.71793,104.032152,True
39400,1,8501,30.613421,104.092421,9650,30.656397,104.055784,True
39407,1,8502,30.660316,104.040927,9335,30.669286,104.073912,True
39408,1,8502,30.656596,104.091533,9284,30.635571,104.091371,True
39414,1,8504,30.680612,104.032706,8969,30.664849,104.068824,True
39417,1,8504,30.662504,104.102166,10143,30.627106,104.063867,True
39419,1,8504,30.618845,104.043724,9479,30.672033,104.012871,True
39422,1,8505,30.707983,104.011423,9070,30.683472,104.048098,True
39424,1,8505,30.713945,103.990602,11269,30.655062,104.143093,True
39427,1,8505,30.630311,104.106239,8822,30.625677,104.094016,True
39428,1,8505,30.654075,104.071417,9219,30.658612,104.040797,True
39433,1,8506,30.684315,104.051924,9234,30.695207,104.073722,True
39443,1,8508,30.642672,104.073324,9235,30.642277,104.04208,True
39449,1,8508,30.695357,104.026607,9887,30.712185,103.98448,True
39453,1,8509,30.698217,104.017574,10189,30.695944,104.073122,True
39454,1,8509,30.718393,104.037305,10343,30.695909,104.072759,True
39467,1,8511,30.625118,104.068796,9517,30.639864,104.03023,True
39471,1,8512,30.636866,104.06094,8825,30.645472,104.062165,True
39476,1,8512,30.626906,104.071658,9262,30.631257,104.114814,True
39480,1,8512,30.641599,104.062087,9694,30.695788,104.094534,True
39484,1,8513,30.643679,104.07733,9621,30.670032,104.059043,True
39490,1,8514,30.668957,104.102803,9211,30.661898,104.090841,True
39491,1,8515,30.681293,103.990191,8885,30.674385,104.002831,True
39492,1,8515,30.625844,104.135365,8584,30.625789,104.134456,True
39501,1,8516,30.669486,104.104606,9311,30.641584,104.079483,True
39510,1,8518,30.636659,104.124605,8867,30.651632,104.11332,True
39512,1,8518,30.636702,104.083021,9380,30.631392,104.034311,True
39522,1,8520,30.646871,104.07822,9899,30.619486,104.016236,True
39533,1,8521,30.634669,104.060494,8936,30.624821,104.057303,True
39540,1,8522,30.704136,104.006559,9146,30.682541,104.030705,True
39548,1,8524,30.685211,104.042053,9256,30.652499,104.066616,True
39553,1,8524,30.628408,104.066621,9105,30.643632,104.061136,True
39560,1,8525,30.621509,104.057526,8906,30.633323,104.067537,True
39565,1,8526,30.610621,104.094778,9522,30.625521,104.051022,True
39569,1,8527,30.655573,104.046537,8742,30.666554,104.040796,True
39570,1,8527,30.652287,104.110636,9716,30.690973,104.051044,True
39574,1,8528,30.607448,104.116943,8780,30.610587,104.101734,True
39585,1,8530,30.669225,104.027258,8874,30.668945,104.042251,True
39587,1,8530,30.713704,104.040024,8670,30.718187,104.032283,True
39591,1,8531,30.648903,104.116879,9128,30.673317,104.101395,True
39635,1,8536,30.658572,104.058086,9131,30.644469,104.074952,True
39638,1,8537,30.636279,104.056611,8758,30.637187,104.046931,True
39646,1,8538,30.64831,104.061329,8914,30.643021,104.086478,True
39648,1,8538,30.626558,104.081664,9482,30.682086,104.084767,True
39655,1,8539,30.614266,104.094326,8993,30.614847,104.067344,True
39665,1,8541,30.678634,104.121375,9257,30.63607,104.127604,True
39668,1,8541,30.625412,104.101372,9232,30.610827,104.067483,True
39692,1,8543,30.67687,104.041717,9593,30.685954,104.110097,True
39694,1,8543,30.67005,104.111772,9481,30.662873,104.076375,True
39706,1,8544,30.645631,104.118749,9609,30.644322,104.074125,True
39708,1,8545,30.679303,104.072734,9016,30.670336,104.063537,True
39713,1,8546,30.71514,103.989335,8886,30.715988,104.011562,True
39719,1,8546,30.616868,104.077303,8967,30.616191,104.060373,True
39721,1,8547,30.657176,104.045607,9795,30.702555,104.072577,True
39725,1,8547,30.682299,104.087673,9041,30.682274,104.087644,True
39745,1,8550,30.638431,104.021723,9263,30.625036,104.06935,True
39748,1,8551,30.650823,104.091138,9003,30.636043,104.127659,True
39754,1,8552,30.679955,103.990993,9257,30.658459,104.051244,True
39758,1,8553,30.713535,104.076576,10163,30.694043,104.066235,True
39765,1,8554,30.606111,104.040156,9521,30.646211,104.041016,True
39768,1,8554,30.636999,104.033002,9084,30.629644,104.038247,True
39776,1,8556,30.619461,104.042701,9305,30.685254,104.073299,True
39801,1,8560,30.632315,104.147341,10054,30.69482,104.073149,True
39803,1,8560,30.706037,104.053438,10576,30.666343,104.077186,True
39804,1,8560,30.618793,104.092827,9459,30.640313,104.061273,True
39814,1,8561,30.692834,104.042925,9396,30.654748,104.065745,True
39815,1,8562,30.606089,104.102074,9584,30.647251,104.089531,True
39817,1,8562,30.625803,104.100859,9060,30.624369,104.075193,True
39818,1,8562,30.657218,104.091364,8809,30.664409,104.086395,True
39821,1,8562,30.678239,104.071798,9441,30.644422,104.074892,True
39823,1,8563,30.684365,104.01765,9090,30.710935,104.010596,True
39827,1,8563,30.615931,104.137327,9695,30.6497,104.096557,True
39832,1,8564,30.704121,104.012562,9096,30.704525,103.989626,True
39833,1,8564,30.686564,104.073598,10996,30.626543,103.992903,True
39843,1,8565,30.677724,104.087593,9058,30.652964,104.115804,True
39844,1,8565,30.649365,104.10876,9367,30.665425,104.077967,True
39856,1,8567,30.688764,104.034599,9199,30.706996,104.004356,True
39864,1,8568,30.661684,104.082243,8951,30.663128,104.056413,True
39865,1,8568,30.681915,104.084504,8934,30.687592,104.10374,True
39870,1,8568,30.642642,104.029909,9811,30.717899,104.032143,True
39872,1,8568,30.704738,104.103583,9695,30.613135,104.091647,True
39893,1,8571,30.690139,104.088249,9183,30.695646,104.080044,True
39896,1,8571,30.608538,104.080838,9211,30.63477,104.057306,True
39898,1,8571,30.703764,104.011406,9310,30.65108,103.995827,True
39904,1,8572,30.651009,104.11616,9650,30.60412,104.06053,True
39905,1,8572,30.638602,104.02619,9550,30.653717,104.07561,True
39916,1,8573,30.635785,104.010579,9383,30.639514,104.038546,True
39922,1,8574,30.64112,104.012973,9109,30.662617,104.015381,True
39924,1,8574,30.692969,104.066125,9131,30.665934,104.086904,True
39931,1,8575,30.705853,104.02579,8887,30.717853,104.042701,True
39938,1,8576,30.627277,104.042482,9127,30.622768,104.014537,True
39945,1,8577,30.64749,104.089028,9338,30.644444,104.04952,True
39952,1,8578,30.648262,104.121228,9782,30.695188,104.073694,True
39966,1,8581,30.681281,104.046842,9248,30.649731,104.061725,True
39968,1,8581,30.699511,104.100629,9744,30.673841,104.058575,True
39982,1,8583,30.704278,104.012825,9120,30.718262,103.995332,True
39984,1,8583,30.630447,104.138901,9940,30.666155,104.051944,True
39985,1,8584,30.628775,104.140074,9736,30.609187,104.037283,True
39994,1,8584,30.624524,104.050486,8771,30.617118,104.040994,True
40003,1,8585,30.674028,104.06904,8982,30.669784,104.060046,True
40006,1,8586,30.649242,104.066962,8951,30.628859,104.048541,True
40007,1,8586,30.625967,104.094192,9636,30.663441,104.04078,True
40010,1,8587,30.627634,104.137949,9854,30.644425,104.07478,True
40012,1,8587,30.709816,104.168735,11115,30.623284,103.985521,True
40016,1,8587,30.605745,104.130857,9914,30.66718,104.104934,True
40024,1,8588,30.62608,104.044116,9525,30.637871,103.985693,True
40033,1,8590,30.617026,104.092828,9068,30.634285,104.084751,True
40038,1,8591,30.623756,104.102108,9257,30.651573,104.074614,True
40051,1,8593,30.636107,104.127556,10244,30.702965,104.072218,True
40052,1,8593,30.679771,104.020915,9652,30.627282,104.047412,True
40060,1,8593,30.639999,104.055938,9007,30.62533,104.05366,True
40062,1,8594,30.68317,104.078152,9092,30.671868,104.064735,True
40069,1,8595,30.655014,104.085424,9649,30.694868,104.075164,True
40073,1,8595,30.651909,104.046431,9718,30.662948,104.076305,True
40087,1,8598,30.709827,104.042943,8926,30.704848,104.023882,True
40088,1,8598,30.679,104.042959,10050,30.665621,104.087331,True
40092,1,8598,30.602664,104.04641,9061,30.608326,104.076557,True
40093,1,8598,30.659894,104.056147,10178,30.705563,104.103489,True
40103,1,8599,30.676172,104.041309,9902,30.712365,104.102494,True
40110,1,8600,30.710426,104.114013,9891,30.703618,104.004669,True
40112,1,8600,30.658272,104.064667,9523,30.682842,104.0836,True
40116,1,8601,30.634714,104.037327,9050,30.640472,104.025072,True
40117,1,8601,30.686692,104.043435,9410,30.702716,104.073202,True
40120,1,8601,30.620901,104.109703,8709,30.629027,104.110088,True
40122,1,8602,30.677938,104.107264,8961,30.701043,104.108097,True
40146,1,8605,30.705309,104.011039,9228,30.719143,104.038193,True
40149,1,8605,30.615468,104.137013,8970,30.623482,104.103669,True
40150,1,8605,30.614311,104.053558,9016,30.603624,104.06779,True
40160,1,8606,30.627698,104.02654,8904,30.614322,104.024589,True
40163,1,8607,30.665093,104.097935,9255,30.66017,104.07143,True
40167,1,8607,30.605745,104.004112,10078,30.609946,104.117886,True
40169,1,8607,30.651179,104.104232,8726,30.64882,104.10931,True
40171,1,8608,30.694736,104.080398,8997,30.702319,104.072627,True
40174,1,8608,30.633115,104.098695,10150,30.704898,104.003855,True
40177,1,8608,30.702415,104.039107,9507,30.652084,104.061325,True
40186,1,8609,30.631743,104.146912,8959,30.664726,104.163419,True
40188,1,8609,30.673328,104.033152,9575,30.62052,104.016991,True
40212,1,8613,30.702788,104.068675,9739,30.687925,104.0503,True
40223,1,8614,30.676678,104.078487,9411,30.649492,104.05709,True
40250,1,8617,30.635271,104.011511,8954,30.644177,104.01375,True
40256,1,8618,30.665563,104.062377,10250,30.628325,104.140001,True
40259,1,8619,30.674976,104.053489,9114,30.674143,104.033333,True
40266,1,8619,30.62051,104.077797,9329,30.612831,104.051001,True
40270,1,8621,30.647649,104.088472,9668,30.694885,104.073322,True
40271,1,8621,30.699777,104.017135,8942,30.709831,104.007176,True
40273,1,8621,30.615036,104.066645,9251,30.61656,104.079598,True
40275,1,8621,30.665882,104.087262,9493,30.715265,104.112332,True
40279,1,8622,30.651559,104.08928,9436,30.67797,104.070377,True
40281,1,8622,30.610239,104.094705,9401,30.628829,104.137944,True
40286,1,8623,30.677995,104.083836,9257,30.69488,104.070484,True
40291,1,8624,30.638882,104.094945,9326,30.651508,104.058076,True
40294,1,8624,30.666329,104.074243,9882,30.630412,104.14222,True
40299,1,8624,30.679985,104.095126,9103,30.681283,104.076719,True
40300,1,8624,30.661306,104.040812,9040,30.685691,104.063383,True
40306,1,8625,30.658582,104.080642,9415,30.674467,104.003539,True
40311,1,8626,30.694465,104.071995,8732,30.694372,104.073412,True
40325,1,8629,30.652374,104.087022,9125,30.643819,104.105234,True
40329,1,8629,30.621862,104.123034,10515,30.702987,104.020386,True
40331,1,8629,30.63927,104.084564,9009,30.63177,104.097887,True
40333,1,8630,30.641574,104.034667,9117,30.645316,104.062174,True
40344,1,8631,30.680806,104.087074,9087,30.694667,104.072721,True
40345,1,8631,30.633462,104.065817,9573,30.650899,104.001051,True
40348,1,8631,30.660877,104.05349,9174,30.675369,104.060327,True
40352,1,8631,30.686066,104.062933,8647,30.686001,104.061456,True
40365,1,8634,30.682033,104.105875,9672,30.630609,104.142132,True
40369,1,8634,30.693376,104.16927,9634,30.699263,104.106717,True
40378,1,8635,30.689636,104.114793,9303,30.682301,104.073547,True
40386,1,8636,30.654755,104.088393,9216,30.644472,104.074631,True
40393,1,8637,30.682823,103.991959,10821,30.606545,104.118077,True
40419,1,8641,30.675928,104.110247,8773,30.686078,104.101619,True
40423,1,8641,30.637778,104.057444,9300,30.663753,104.07238,True
40425,1,8641,30.644136,104.058544,9387,30.665519,104.087498,True
40429,1,8641,30.610906,104.055413,8856,30.620941,104.054345,True
40433,1,8642,30.650357,104.090897,9638,30.68391,104.0825,True
40435,1,8642,30.624739,104.054942,9007,30.629459,104.061601,True
40445,1,8643,30.673291,103.998225,9574,30.685949,104.035235,True
40447,1,8644,30.63592,104.09148,9365,30.658225,104.078553,True
40448,1,8644,30.610852,104.052899,9370,30.622799,104.014958,True
40467,1,8647,30.695533,104.072734,10208,30.678643,103.986824,True
40479,1,8648,30.658519,104.092966,9258,30.670952,104.125635,True
40487,1,8650,30.669257,104.040495,8763,30.660683,104.040728,True
40495,1,8651,30.616516,104.049004,10166,30.695519,104.0738,True
40497,1,8651,30.651119,104.002398,10053,30.65748,104.071189,True
40502,1,8652,30.665399,104.065139,8804,30.66206,104.069086,True
40504,1,8652,30.653086,104.041111,9149,30.670181,104.063247,True
40507,1,8652,30.630005,104.097009,9449,30.65574,104.080606,True
40511,1,8652,30.677684,104.142128,9891,30.66273,104.08001,True
40517,1,8653,30.66342,103.995507,9724,30.636327,104.048006,True
40527,1,8654,30.630753,104.044556,10048,30.704353,104.013571,True
40537,1,8655,30.621555,104.131741,8663,30.62094,104.131715,True
40548,1,8657,30.624112,104.083886,9935,30.669525,104.04106,True
40549,1,8657,30.704437,104.01344,9198,30.693876,104.018427,True
40556,1,8657,30.651884,104.112624,9668,30.66231,104.075968,True
40560,1,8658,30.682516,104.045548,9790,30.684614,104.005158,True
40565,1,8658,30.667615,104.040754,9667,30.671726,104.080851,True
40567,1,8659,30.667413,104.087775,8881,30.673535,104.074435,True
40568,1,8659,30.653175,104.060185,8824,30.644449,104.049345,True
40570,1,8659,30.619424,104.127288,9758,30.663923,104.078479,True
40573,1,8659,30.641893,104.077093,8880,30.635635,104.091475,True
40579,1,8660,30.67089,104.051824,9241,30.64447,104.074559,True
40583,1,8660,30.66192,104.08465,8815,30.660611,104.094115,True
40588,1,8660,30.608297,104.036305,9428,30.633487,104.071041,True
40591,1,8661,30.664889,104.105206,9405,30.659101,104.08083,True
40593,1,8661,30.685971,104.064268,9150,30.674872,104.05966,True
40599,1,8661,30.637108,104.016392,9912,30.636467,104.130624,True
40604,1,8662,30.67719,103.992961,9102,30.710013,104.012058,True
40617,1,8664,30.670523,104.052113,8838,30.662613,104.060386,True
40629,1,8665,30.664763,104.040626,8734,30.661971,104.040685,True
40635,1,8667,30.683702,104.084007,10033,30.692629,104.016527,True
40636,1,8667,30.634672,104.078295,8910,30.645399,104.093841,True
40652,1,8668,30.663298,104.040581,9152,30.637215,104.038353,True
40657,1,8669,30.676911,103.997144,9083,30.668814,103.983223,True
40662,1,8670,30.626966,104.062317,9042,30.637156,104.05486,True
40663,1,8670,30.695516,104.072732,9983,30.641831,104.049702,True
40665,1,8671,30.63347,104.062748,9036,30.620159,104.048881,True
40673,1,8672,30.70586,104.010609,9356,30.709402,104.038281,True
40675,1,8673,30.666469,104.137031,9064,30.682348,104.155765,True
40689,1,8674,30.645834,104.059384,9112,30.630497,104.037104,True
40692,1,8675,30.650884,104.115095,9294,30.654541,104.080255,True
40704,1,8677,30.71395,104.022565,8732,30.712365,104.024554,True
40712,1,8677,30.650324,104.07764,9179,30.630841,104.09153,True
40717,1,8678,30.660302,104.079915,9192,30.648919,104.067384,True
40727,1,8679,30.627375,104.138173,9632,30.705249,104.103657,True
40735,1,8679,30.645193,104.094488,8943,30.634268,104.108657,True
40736,1,8679,30.663681,103.99059,8921,30.673875,103.986427,True
40742,1,8680,30.678558,104.001986,9773,30.653155,104.041172,True
40744,1,8680,30.648181,104.055534,9393,30.644049,104.096195,True
40747,1,8681,30.625219,104.085046,9763,30.643522,104.061339,True
40751,1,8682,30.661093,104.094778,8899,30.657053,104.101802,True
40761,1,8683,30.665888,104.055984,9607,30.630971,104.039608,True
40763,1,8683,30.673934,104.022264,9022,30.680946,104.038271,True
40766,1,8683,30.657258,104.091599,10605,30.60262,104.008617,True
40777,1,8685,30.648027,104.118729,9035,30.636032,104.127524,True
40778,1,8685,30.682456,104.091066,9353,30.67757,104.053664,True
40795,1,8688,30.680295,104.016832,9503,30.70683,104.051667,True
40798,1,8688,30.638328,104.076037,9167,30.655582,104.071609,True
40802,1,8688,30.664167,104.085875,9180,30.651027,104.114029,True
40804,1,8688,30.630061,104.028582,9802,30.629173,104.143367,True
40812,1,8690,30.683846,104.032816,9741,30.709088,104.066531,True
40825,1,8691,30.701914,104.007531,9582,30.663247,104.0406,True
40828,1,8691,30.634637,104.029935,9050,30.650552,104.032247,True
40831,1,8692,30.717135,104.030658,10202,30.660339,104.076674,True
40854,1,8694,30.688734,104.10797,9451,30.636039,104.127693,True
40860,1,8695,30.670026,104.113676,9548,30.718994,104.113361,True
40886,1,8698,30.715773,104.108994,9512,30.708115,104.064463,True
40887,1,8698,30.652307,104.110577,9141,30.673661,104.093877,True
40895,1,8698,30.646565,104.070322,9039,30.657592,104.07094,True
40899,1,8699,30.648255,104.099911,10088,30.658958,104.06749,True
40903,1,8700,30.654065,104.071481,13477,30.636003,104.127629,True
40915,1,8701,30.669634,104.113561,9348,30.634216,104.107946,True
40917,1,8701,30.681075,104.060239,9102,30.66826,104.034175,True
40928,1,8703,30.64437,104.074656,8982,30.633635,104.067455,True
40930,1,8703,30.709195,104.015603,9266,30.709457,104.032803,True
40931,1,8703,30.6688,104.055741,9020,30.660101,104.070696,True
40934,1,8703,30.708532,104.100265,9328,30.68086,104.089591,True
40935,1,8703,30.657198,104.055144,9666,30.631532,104.082586,True
40940,1,8705,30.642906,104.043768,8877,30.650106,104.056328,True
40947,1,8706,30.640627,104.104231,8891,30.644685,104.09537,True
40948,1,8706,30.654009,104.075244,9752,30.695324,104.072844,True
40958,1,8708,30.650584,104.0585,9225,30.646085,104.040094,True
40964,1,8708,30.639022,104.064591,9494,30.662422,104.074142,True
40966,1,8709,30.615542,104.077133,8924,30.602172,104.077441,True
40970,1,8709,30.712449,104.10967,9603,30.704064,104.082454,True
40973,1,8709,30.651605,104.023358,8944,30.662607,104.016301,True
40988,1,8711,30.632472,104.147181,9763,30.625096,104.070148,True
40990,1,8711,30.637635,104.076045,8925,30.642775,104.066419,True
40993,1,8711,30.673361,104.057317,9201,30.663307,104.040596,True
41004,1,8712,30.633532,104.062757,9063,30.646203,104.040185,True
41008,1,8712,30.636351,104.031227,9469,30.691678,104.080017,True
41010,1,8713,30.672183,104.09828,9002,30.667814,104.107246,True
41020,1,8714,30.690394,104.154534,10292,30.65497,104.080196,True
41024,1,8715,30.674509,104.05942,9647,30.642329,104.093304,True
41026,1,8716,30.670976,104.079551,9992,30.628997,104.144652,True
41035,1,8717,30.629123,104.04202,8819,30.62791,104.047887,True
41040,1,8717,30.647462,104.078251,8829,30.646358,104.083906,True
41048,1,8719,30.674043,104.021352,9133,30.673843,104.045855,True
41051,1,8720,30.651366,104.041036,8924,30.659573,104.056039,True
41059,1,8721,30.681226,104.053256,9749,30.664876,104.007927,True
41064,1,8722,30.6466,104.10304,9203,30.64084,104.139865,True
41068,1,8723,30.668005,104.070673,9456,30.629624,104.076286,True
41082,1,8725,30.6606,104.070858,9724,30.639236,104.123303,True
41088,1,8725,30.66235,104.056938,9266,30.682377,104.072254,True
41091,1,8725,30.705468,104.049794,9528,30.6967,104.014623,True
41101,1,8727,30.673304,104.016621,10854,30.63701,104.060333,True
41108,1,8728,30.645807,104.05723,10137,30.629522,104.142007,True
41117,1,8729,30.681275,103.9901,10523,30.609012,104.067047,True
41118,1,8729,30.687326,104.063032,10141,30.644355,104.09557,True
41127,1,8730,30.699313,104.110101,9839,30.656362,104.093289,True
41135,1,8731,30.627592,104.098166,9329,30.636145,104.127492,True
41136,1,8731,30.638027,104.101734,9987,30.604972,104.046809,True
41139,1,8732,30.610506,104.060521,9151,30.622597,104.071792,True
41143,1,8733,30.669128,104.029132,9206,30.679994,103.991099,True
41144,1,8733,30.662608,104.096496,9398,30.662108,104.075864,True
41151,1,8734,30.625236,104.050917,9513,30.673841,104.045741,True
41155,1,8735,30.685646,104.089012,9304,30.691283,104.063858,True
41158,1,8736,30.632704,104.000892,9456,30.647792,104.025891,True
41163,1,8736,30.677712,104.037126,9228,30.689251,104.063631,True
41165,1,8736,30.662024,104.100931,8959,30.67024,104.099378,True
41182,1,8739,30.686079,104.100815,9146,30.666366,104.120947,True
41190,1,8741,30.650945,104.013531,9615,30.639862,104.053888,True
41196,1,8742,30.662812,104.056449,9433,30.636464,104.075973,True
41197,1,8742,30.62632,104.152937,9516,30.614354,104.123086,True
41215,1,8744,30.626667,104.151698,9945,30.611746,104.083397,True
41233,1,8747,30.654144,104.088046,9152,30.643592,104.092039,True
41235,1,8747,30.645133,104.051197,10151,30.695602,104.073509,True
41236,1,8747,30.614026,104.093854,9524,30.628784,104.137925,True
41245,1,8749,30.669092,104.028987,9801,30.665572,104.078071,True
41251,1,8750,30.650231,104.041162,9017,30.665599,104.04128,True
41256,1,8751,30.671972,104.05735,9062,30.682079,104.061285,True
41271,1,8754,30.644527,104.074191,9547,30.671492,104.070105,True
41281,1,8755,30.649887,104.096134,9320,30.630333,104.143219,True
41284,1,8755,30.680608,104.032819,11139,30.649191,104.06662,True
41290,1,8756,30.6622,104.099544,9333,30.678814,104.06972,True
41295,1,8757,30.647403,104.163309,9075,30.625373,104.146838,True
41310,1,8759,30.654898,104.068092,9814,30.65289,104.013318,True
41321,1,8760,30.675992,104.024822,9650,30.70466,104.014369,True
41330,1,8761,30.688984,104.04561,9241,30.682455,104.030593,True
41344,1,8763,30.614128,104.067497,9432,30.642595,104.009742,True
41345,1,8763,30.657201,104.020001,9303,30.646196,103.983001,True
41349,1,8764,30.657807,104.125746,9252,30.636048,104.127667,True
41350,1,8764,30.651601,104.102788,9361,30.645004,104.075179,True
41391,1,8768,30.667432,104.066485,9849,30.704663,104.014413,True
41403,1,8771,30.652347,104.110669,10179,30.712449,104.06693,True
41410,1,8771,30.642896,104.07538,9578,30.672366,104.067814,True
41412,1,8772,30.653669,104.060194,9210,30.662432,104.056798,True
41416,1,8772,30.680243,104.037584,9385,30.700931,104.040703,True
41417,1,8772,30.714302,104.059834,9603,30.686802,104.025425,True
41420,1,8773,30.700677,104.041102,10321,30.695931,104.072975,True
41425,1,8774,30.636271,104.092863,9084,30.631026,104.091596,True
41426,1,8774,30.6956,104.073725,8866,30.695607,104.073723,True
41428,1,8774,30.625177,104.076743,9250,30.602659,104.063456,True
41432,1,8775,30.668043,104.050057,8958,30.669429,104.041198,True
41435,1,8775,30.652117,104.021807,9536,30.613124,104.050906,True
41438,1,8776,30.672319,104.083582,9208,30.672437,104.06784,True
41440,1,8777,30.673767,104.055753,9742,30.644945,104.02734,True
41443,1,8777,30.642389,104.09356,9423,30.611197,104.090602,True
41454,1,8778,30.630754,104.036085,9552,30.661943,104.035486,True
41457,1,8778,30.642401,104.057313,9135,30.653659,104.075819,True
41476,1,8780,30.660222,104.090664,9604,30.694585,104.078774,True
41481,1,8781,30.671763,104.08055,8982,30.672141,104.069063,True
41489,1,8782,30.627729,104.047863,9043,30.615575,104.054335,True
41490,1,8782,30.714962,104.046511,10801,30.620715,104.120298,True
41511,1,8785,30.640796,104.066479,9781,30.691691,104.042186,True
41513,1,8785,30.671033,104.050994,9892,30.635996,104.127717,True
41516,1,8785,30.675943,104.006367,9213,30.663755,104.003707,True
41525,1,8786,30.601642,104.105385,10057,30.655418,104.08464,True
41536,1,8787,30.63688,104.13972,9086,30.630797,104.142058,True
41546,1,8788,30.601409,104.002703,9130,30.619503,104.016469,True
41575,1,8792,30.607856,104.037157,9272,30.626479,104.057547,True
41577,1,8793,30.627536,104.107463,9530,30.652352,104.075065,True
41586,1,8793,30.680675,104.05946,9052,30.673156,104.048232,True
41590,1,8794,30.678638,104.056662,9173,30.682531,104.07088,True
41596,1,8795,30.65151,104.092715,8972,30.659568,104.086649,True
41599,1,8795,30.624002,104.102246,9386,30.61393,104.063748,True
41614,1,8797,30.625882,104.094084,9965,30.713443,104.114698,True
41615,1,8797,30.670646,103.994286,8825,30.654643,104.090974,True
41616,1,8797,30.6845,104.033819,9432,30.670044,104.027342,True
41620,1,8798,30.692871,104.025189,9013,30.685426,104.018185,True
41638,1,8800,30.617813,104.067378,9648,30.660282,104.072957,True
41639,1,8800,30.669965,104.056373,9555,30.644401,104.07485,True
41644,1,8801,30.653574,104.076517,9919,30.629965,104.141742,True
41650,1,8801,30.684557,104.1114,9406,30.711684,104.102495,True
41657,1,8802,30.663466,104.072471,9399,30.636439,104.045572,True
41661,1,8803,30.707413,103.994822,10663,30.644319,104.107761,True
41663,1,8804,30.650695,104.000293,9997,30.68748,104.01335,True
41665,1,8804,30.660577,104.084801,9396,30.668055,104.055589,True
41667,1,8804,30.625247,104.054464,9063,30.629597,104.049321,True
41671,1,8804,30.628786,104.103261,9287,30.647216,104.088001,True
41672,1,8805,30.609447,104.136266,9916,30.609664,104.149499,True
41673,1,8805,30.650371,104.109338,9743,30.64525,104.076933,True
41677,1,8805,30.649315,104.076034,9772,30.600671,104.060732,True
41682,1,8806,30.647158,104.102128,9293,30.658626,104.073694,True
41687,1,8807,30.658534,104.080473,9859,30.647153,104.036349,True
41688,1,8807,30.659737,104.086326,9200,30.647754,104.103321,True
41690,1,8807,30.607433,104.099352,9347,30.636426,104.104521,True
41701,1,8808,30.678085,104.080324,9142,30.664457,104.081291,True
41710,1,8809,30.66012,104.033622,9440,30.650702,104.042193,True
41714,1,8809,30.642524,104.018442,9815,30.677031,103.986071,True
41722,1,8810,30.646949,104.03299,9327,30.635441,104.010849,True
41727,1,8810,30.638865,104.102146,9215,30.657359,104.106379,True
41745,1,8812,30.667125,104.022559,9756,30.654659,104.063158,True
41750,1,8812,30.624908,104.060785,8871,30.62501,104.066057,True
41752,1,8812,30.661261,104.001556,9088,30.650987,104.001442,True
41757,1,8813,30.605449,104.04106,9770,30.653938,104.070063,True
41760,1,8814,30.677588,104.083751,9346,30.692877,104.066363,True
41771,1,8815,30.672691,104.124953,9145,30.667733,104.10734,True
41775,1,8815,30.663597,104.045357,14706,30.648551,104.066517,True
41786,1,8816,30.651873,104.063569,9217,30.644385,104.074923,True
41787,1,8816,30.672777,104.052618,9109,30.661859,104.056791,True
41790,1,8817,30.621926,104.106727,9677,30.664424,104.065765,True
41796,1,8818,30.657194,104.096985,9593,30.648993,104.140286,True
41799,1,8818,30.685234,104.045217,9067,30.666802,104.040511,True
41804,1,8819,30.658337,104.118896,9860,30.639747,104.066624,True
41811,1,8820,30.648815,104.074182,9795,30.693921,104.085735,True
41812,1,8820,30.705057,104.103408,9505,30.703961,104.082413,True
41818,1,8821,30.714407,103.988176,9946,30.684482,104.043228,True
41828,1,8822,30.610964,104.067602,9707,30.661336,104.086719,True
41847,1,8825,30.672377,104.058921,9152,30.663255,104.056085,True
41859,1,8826,30.685129,104.092504,9575,30.644316,104.07499,True
41878,1,8828,30.666394,104.081355,9278,30.670649,104.065627,True
41881,1,8829,30.643672,104.045491,9432,30.638424,104.085846,True
41882,1,8829,30.699249,104.112734,8903,30.699273,104.106926,True
41902,1,8832,30.68193,104.061223,9700,30.645554,104.07894,True
41904,1,8832,30.67645,104.086735,9070,30.67112,104.089514,True
41905,1,8832,30.659585,104.056064,9430,30.662969,104.073992,True
41919,1,8834,30.628605,104.025207,9523,30.639665,104.054215,True
41921,1,8834,30.626461,104.076481,9606,30.642887,104.062215,True
41922,1,8834,30.685458,104.05724,9096,30.667006,104.039426,True
41941,1,8836,30.679492,104.054866,9503,30.715062,104.042444,True
41945,1,8836,30.638365,104.018497,10328,30.638185,104.085638,True
41950,1,8837,30.683977,104.091806,10064,30.630449,104.142821,True
41952,1,8837,30.624904,104.066032,9716,30.629676,104.143566,True
41956,1,8837,30.636009,104.105102,9093,30.624164,104.108851,True
41977,1,8840,30.638767,104.066544,9060,30.641358,104.062342,True
41980,1,8840,30.671152,104.066999,9532,30.667651,104.098585,True
41989,1,8841,30.674339,104.022399,10036,30.694839,104.07336,True
41996,1,8842,30.710685,104.169109,11464,30.650353,104.062403,True
42005,1,8843,30.671535,104.048106,9159,30.673788,104.058644,True
42013,1,8843,30.666049,104.081961,9832,30.637797,104.107506,True
42016,1,8844,30.68605,104.035653,9364,30.710174,104.042637,True
42027,1,8845,30.645735,104.129374,9483,30.665524,104.16345,True
42031,1,8845,30.700637,104.091581,9744,30.64651,104.103714,True
42038,1,8846,30.67793,104.087634,9342,30.663498,104.070468,True
42039,1,8846,30.714314,104.067486,10027,30.662366,104.075494,True
42048,1,8847,30.688373,104.025716,9770,30.708524,104.063761,True
42056,1,8848,30.673981,103.994163,9112,30.6823,103.985776,True
42059,1,8849,30.623914,104.057957,9297,30.642344,104.057258,True
42061,1,8849,30.652724,104.064906,9220,30.644379,104.07494,True
42062,1,8850,30.64002,104.088845,9505,30.608984,104.064666,True
42081,1,8853,30.644906,104.018566,9878,30.636563,104.074684,True
42087,1,8854,30.700746,104.057427,9548,30.669512,104.113708,True
42088,1,8854,30.636737,104.023396,9977,30.670407,104.072386,True
42104,1,8855,30.650412,104.013595,9536,30.666946,104.040665,True
42114,1,8857,30.629033,104.144544,10590,30.675887,104.024822,True
42120,1,8857,30.702712,104.076623,10369,30.636715,104.13209,True
42127,1,8858,30.636811,104.105951,9413,30.66017,104.126124,True
42132,1,8859,30.624622,104.084327,9373,30.653411,104.079161,True
42144,1,8861,30.638487,104.120991,9226,30.62934,104.143701,True
42155,1,8863,30.618706,104.067288,10597,30.66231,104.023889,True
42171,1,8866,30.630656,104.159822,10258,30.605937,104.032506,True
42179,1,8867,30.662463,104.017053,10364,30.644822,104.058774,True
42182,1,8867,30.672508,104.083782,9401,30.652934,104.109903,True
42184,1,8868,30.68451,104.042652,9695,30.682553,104.088694,True
42194,1,8869,30.641769,104.057045,9364,30.638307,104.075761,True
42197,1,8869,30.66201,104.007802,9982,30.644409,104.074921,True
42208,1,8871,30.676191,104.111471,9168,30.670974,104.125812,True
42211,1,8871,30.633476,104.062677,9460,30.614775,104.041899,True
42213,1,8872,30.641077,104.090683,10957,30.651369,104.004695,True
42216,1,8872,30.680775,104.007836,9416,30.664356,104.0369,True
42217,1,8872,30.629949,104.053735,9264,30.643317,104.066117,True
42218,1,8873,30.624287,104.093706,9735,30.653132,104.052756,True
42224,1,8873,30.620527,104.074054,9855,30.630092,103.982678,True
42232,1,8875,30.696175,104.031189,9157,30.691089,104.023375,True
42242,1,8876,30.649957,104.083816,9560,30.639622,104.107441,True
42250,1,8876,30.661926,104.095597,9582,30.647637,104.066344,True
42252,1,8876,30.673172,104.033552,9370,30.691099,104.048788,True
42259,1,8877,30.630018,104.026124,10080,30.628515,103.985073,True
42260,1,8877,30.675628,104.041229,9690,30.695441,104.072818,True
42281,1,8880,30.601627,104.051442,9659,30.639047,104.032416,True
42282,1,8880,30.639057,104.066337,9445,30.610419,104.094738,True
42287,1,8881,30.685127,104.029061,9935,30.648751,103.980677,True
42299,1,8882,30.672458,104.137496,9989,30.694956,104.075334,True
42304,1,8883,30.653175,104.05261,9686,30.638985,104.028835,True
42310,1,8884,30.653828,104.070042,9425,30.671236,104.094995,True
42311,1,8884,30.713344,104.067307,9663,30.706318,104.025576,True
42333,1,8887,30.69452,104.072896,9563,30.671436,104.043136,True
42345,1,8889,30.662114,103.993101,9793,30.629992,103.982305,True
42352,1,8890,30.687106,104.063017,9887,30.711233,104.119939,True
42358,1,8891,30.633424,104.068545,9251,30.645687,104.075139,True
42373,1,8893,30.622966,104.071735,9685,30.646061,104.041381,True
42376,1,8894,30.651597,104.070359,10614,30.704688,104.066091,True
42378,1,8894,30.66177,104.086952,10035,30.630518,104.141751,True
42379,1,8894,30.640388,104.021015,10577,30.657397,104.071223,True
42380,1,8894,30.66984,104.07372,9301,30.659048,104.077632,True
42381,1,8894,30.683918,104.049592,9821,30.662067,104.007772,True
42384,1,8894,30.622078,104.106469,9221,30.63792,104.107072,True
42387,1,8894,30.670706,104.066338,9713,30.695642,104.073601,True
42392,1,8895,30.667134,104.052253,9605,30.650468,104.076989,True
42398,1,8896,30.676735,104.052104,9287,30.647273,104.05565,True
42400,1,8896,30.63652,104.014014,9090,30.645049,104.017277,True
42403,1,8896,30.63189,104.137664,9319,30.656186,104.150087,True
42413,1,8898,30.629065,104.144134,10399,30.629121,104.143624,True
42414,1,8898,30.705515,104.103425,9700,30.653213,104.110744,True
42415,1,8898,30.616413,104.082762,10329,30.679502,104.049279,True
42422,1,8899,30.655103,104.046768,9742,30.63214,104.030818,True
42425,1,8899,30.644826,104.033447,9564,30.65831,104.077008,True
42427,1,8899,30.655554,104.071652,9492,30.648484,104.065524,True
42439,1,8902,30.636307,104.126573,10077,30.685385,104.052144,True
42443,1,8903,30.650888,104.109561,9689,30.673461,104.074475,True
42445,1,8903,30.610027,103.994033,10330,30.691034,104.080037,True
42462,1,8905,30.629946,104.017077,9272,30.610624,104.011659,True
42466,1,8906,30.644889,104.021994,9916,30.640131,104.061259,True
42473,1,8907,30.657042,104.110762,9599,30.673497,104.077543,True
42476,1,8907,30.626284,104.148364,9178,30.628538,104.163932,True
42482,1,8908,30.673659,104.040299,9279,30.655855,104.065603,True
42483,1,8908,30.651494,104.077881,14676,30.635337,104.056146,True
42485,1,8908,30.694552,104.077481,9868,30.711825,104.037059,True
42487,1,8908,30.642622,104.028072,9560,30.648184,104.060094,True
42496,1,8909,30.677533,104.141994,10472,30.636133,104.12741,True
42504,1,8910,30.627306,104.143826,10800,30.655255,104.018695,True
42506,1,8910,30.637267,103.996751,9802,30.712111,104.036247,True
42516,1,8912,30.616141,104.061763,9281,30.633292,104.067828,True
42520,1,8912,30.637646,104.066467,10077,30.669289,104.106604,True
42526,1,8913,30.66191,104.075769,9251,30.673021,104.058136,True
42535,1,8914,30.676652,104.122245,10219,30.683656,104.062789,True
42538,1,8914,30.677584,104.007236,9659,30.622436,104.005908,True
42539,1,8914,30.616186,104.063151,9403,30.637753,104.043985,True
42542,1,8915,30.612341,104.056021,9754,30.645859,104.07507,True
42546,1,8915,30.672437,104.007719,9994,30.643928,104.058173,True
42550,1,8916,30.654147,104.066127,9204,30.671815,104.067551,True
42562,1,8917,30.662636,104.031605,9971,30.659651,104.075389,True
42563,1,8917,30.663351,103.996729,10240,30.633464,104.071024,True
42566,1,8918,30.624219,104.056399,9592,30.663152,104.056355,True
42569,1,8918,30.620596,104.05421,9439,30.645066,104.07515,True
42571,1,8919,30.696414,104.008321,9422,30.679966,104.033868,True
42572,1,8919,30.639294,104.098662,9340,30.656227,104.091205,True
42573,1,8919,30.660857,104.066928,9350,30.667985,104.057322,True
42584,1,8920,30.627571,104.149429,10120,30.681809,104.08644,True
42593,1,8921,30.662725,104.040677,9580,30.637888,104.026859,True
42596,1,8922,30.627489,104.138153,10557,30.636401,104.048451,True
42598,1,8922,30.638761,104.06628,9310,30.629479,104.057091,True
42627,1,8925,30.673626,103.985503,9835,30.658584,104.077462,True
42631,1,8926,30.674772,104.082488,9921,30.636009,104.127677,True
42635,1,8926,30.651086,104.117903,10288,30.694453,104.066306,True
42637,1,8926,30.631138,104.002626,9383,30.646701,104.013634,True
42638,1,8926,30.668023,104.09037,9223,30.68285,104.091034,True
42641,1,8927,30.670738,104.01846,9364,30.650838,104.029386,True
42648,1,8927,30.657159,104.097522,13329,30.672944,104.006136,True
42668,1,8930,30.692618,104.043494,9626,30.675554,104.070534,True
42676,1,8932,30.624924,104.061423,10066,30.60658,104.118058,True
42685,1,8932,30.670869,104.066147,9742,30.617184,104.040972,True
42686,1,8932,30.674877,104.002743,9138,30.670813,104.01641,True
42695,1,8934,30.669208,104.009047,9897,30.665852,104.068976,True
42698,1,8934,30.674783,104.078088,9815,30.702872,104.072177,True
42699,1,8934,30.637027,104.082988,9640,30.643298,104.041489,True
42705,1,8935,30.644854,104.059084,9532,30.620975,104.080026,True
42707,1,8935,30.651285,104.003169,10011,30.631119,104.032759,True
42708,1,8935,30.68757,104.011393,9538,30.693415,104.033319,True
42710,1,8935,30.670374,104.070945,9255,30.674846,104.059538,True
42712,1,8936,30.652302,104.069201,9357,30.675556,104.070434,True
42724,1,8937,30.695784,104.073002,8939,30.695842,104.073,True
42745,1,8940,30.654893,104.08017,9340,30.665782,104.087219,True
42751,1,8940,30.618756,104.098711,19017,30.617875,104.101426,True
42753,1,8941,30.606264,104.080714,10316,30.64869,104.008718,True
42755,1,8941,30.667542,104.098229,9760,30.655884,104.066156,True
42757,1,8941,30.644301,104.105545,10603,30.61857,103.987719,True
42784,1,8945,30.662989,104.074095,9789,30.608834,104.066736,True
42794,1,8946,30.695544,104.071652,10217,30.644395,104.075026,True
42795,1,8946,30.604354,104.083673,10104,30.619313,104.104623,True
42811,1,8949,30.630488,104.153791,10538,30.656955,104.079537,True
42815,1,8950,30.637153,104.06009,9410,30.642696,104.060958,True
42824,1,8952,30.644497,104.037342,9460,30.645161,104.012768,True
42826,1,8952,30.706315,104.041896,9489,30.689363,104.035341,True
42830,1,8953,30.655734,104.087861,9481,30.667012,104.112135,True
42832,1,8953,30.649642,104.084219,9426,30.655346,104.095724,True
42850,1,8956,30.633437,104.041171,10105,30.663581,104.076817,True
42851,1,8956,30.608539,104.066524,8967,30.608558,104.066766,True
42853,1,8956,30.645638,104.075112,9804,30.694725,104.07075,True
42854,1,8956,30.655032,104.053965,9432,30.655032,104.07304,True
42855,1,8957,30.625389,104.094563,9428,30.624723,104.075148,True
42870,1,8958,30.705372,104.010322,10000,30.677708,104.076534,True
42885,1,8960,30.608553,104.071185,9517,30.611146,104.105482,True
42889,1,8960,30.683513,104.022433,10102,30.644191,104.065063,True
42896,1,8962,30.712194,103.986323,9652,30.684733,104.03406,True
42901,1,8962,30.653325,104.076434,9664,30.690295,104.076356,True
42904,1,8964,30.64537,103.98015,11090,30.695957,104.072989,True
42905,1,8964,30.64817,104.055672,10052,30.611634,103.998743,True
42933,1,8968,30.648645,104.074404,9273,30.655457,104.083504,True
42948,1,8971,30.666066,104.056006,9938,30.625833,104.033203,True
42951,1,8971,30.661183,104.050904,9891,30.638996,104.087554,True
42959,1,8972,30.679289,104.142613,10414,30.652389,104.071207,True
42976,1,8974,30.67082,104.090347,9605,30.619625,104.076646,True
42978,1,8974,30.649805,104.096581,10293,30.624861,104.07224,True
42990,1,8974,30.629284,104.109501,9615,30.628979,104.110048,True
42997,1,8975,30.607471,104.083494,9220,30.616546,104.080105,True
43001,1,8976,30.650696,104.109554,9544,30.660445,104.07306,True
43002,1,8976,30.656423,104.068741,9109,30.653191,104.077105,True
43003,1,8976,30.611748,104.062545,9882,30.615823,104.022606,True
43004,1,8976,30.642504,104.030092,9832,30.653702,104.066197,True
43021,1,8978,30.6262,104.029117,9696,30.654134,103.989062,True
43025,1,8979,30.699704,104.021067,10074,30.657982,104.076849,True
43030,1,8980,30.644878,104.139701,9399,30.626825,104.143184,True
43036,1,8981,30.677653,104.053708,9340,30.682359,104.070788,True
43052,1,8984,30.680704,104.044218,9748,30.639638,104.066283,True
43053,1,8984,30.68821,104.090001,9915,30.701888,104.044638,True
43063,1,8986,30.70091,104.102538,9681,30.672877,104.137771,True
43068,1,8987,30.711988,104.094455,9367,30.704087,104.082441,True
43070,1,8988,30.633593,104.13875,9007,30.629171,104.138741,True
43083,1,8990,30.676772,103.99106,9614,30.660736,104.016158,True
43100,1,8991,30.612358,104.089814,10395,30.679323,104.097209,True
43101,1,8992,30.689081,104.021166,9305,30.700946,104.040647,True
43106,1,8992,30.707296,104.044082,9683,30.684972,104.025761,True
43116,1,8993,30.642613,104.075112,9121,30.644902,104.075105,True
43117,1,8993,30.661584,104.077774,9426,30.644449,104.074835,True
43119,1,8993,30.683705,104.048953,9765,30.678332,104.094182,True
43120,1,8994,30.616976,104.104282,9365,30.629823,104.105946,True
43123,1,8994,30.705078,104.105263,9341,30.704037,104.105167,True
43144,1,8997,30.683072,104.072772,9712,30.705243,104.10357,True
43163,1,8999,30.643455,104.066295,9401,30.643537,104.061421,True
43169,1,9000,30.658498,104.077077,10116,30.705198,104.066098,True
43177,1,9001,30.678541,104.001992,9404,30.672163,104.018992,True
43201,1,9004,30.668582,104.076431,9659,30.690142,104.076724,True
43203,1,9004,30.65094,104.121473,10076,30.648503,104.059839,True
43211,1,9005,30.650968,104.11735,9635,30.701582,104.095659,True
43212,1,9005,30.670391,104.076725,10193,30.679414,104.020318,True
43226,1,9008,30.637499,104.070494,9289,30.640129,104.061334,True
43231,1,9008,30.647977,104.117232,9547,30.640435,104.093282,True
43233,1,9008,30.675436,103.997534,10135,30.653813,104.076097,True
43238,1,9009,30.651936,104.040975,9552,30.634145,104.07732,True
43257,1,9011,30.661325,104.013612,10192,30.714596,104.004188,True
43259,1,9011,30.673698,104.053315,10497,30.670409,104.123396,True
43262,1,9012,30.666116,104.040753,9495,30.650948,104.028889,True
43273,1,9013,30.688664,104.008966,9543,30.670037,104.023782,True
43274,1,9014,30.683391,104.044468,9213,30.685843,104.061051,True
43278,1,9014,30.644359,104.058707,9704,30.673204,104.055002,True
43280,1,9014,30.649616,104.081299,9843,30.668385,104.05662,True
43286,1,9015,30.657412,104.084052,9326,30.67709,104.094544,True
43317,1,9020,30.673411,104.077758,10169,30.677136,104.049606,True
43318,1,9020,30.624442,104.06248,9420,30.626456,104.081864,True
43342,1,9023,30.641171,104.037575,9711,30.639466,104.066308,True
43345,1,9023,30.654716,104.067919,9427,30.652545,104.056397,True
43349,1,9024,30.712238,104.036427,10299,30.627861,104.141735,True
43356,1,9025,30.633556,104.066268,9244,30.636372,104.048611,True
43370,1,9026,30.709772,104.101046,9685,30.702919,104.072525,True
43376,1,9027,30.62406,103.994449,9878,30.633391,104.051309,True
43384,1,9028,30.648512,104.059167,11398,30.666408,103.991736,True
43390,1,9030,30.629107,104.144636,9387,30.628091,104.164741,True
43394,1,9030,30.637691,104.039836,9315,30.643144,104.046703,True
43398,1,9030,30.670335,104.05178,9191,30.661242,104.056687,True
43407,1,9032,30.693823,104.03306,9999,30.644459,104.049588,True
43414,1,9033,30.644415,104.058787,9312,30.644641,104.074488,True
43417,1,9033,30.657581,104.001136,9290,30.66478,104.010439,True
43422,1,9034,30.601793,104.079977,9526,30.620673,104.065325,True
43423,1,9034,30.675732,104.055237,9795,30.674149,104.097398,True
43427,1,9034,30.673024,104.084428,9381,30.673413,104.06665,True
43429,1,9035,30.640566,104.03823,11974,30.66463,104.06597,True
43430,1,9035,30.651716,104.078056,9383,30.642494,104.087317,True
43434,1,9035,30.666378,104.081439,9911,30.641142,104.103692,True
43436,1,9035,30.645698,104.031292,9279,30.637415,104.022706,True
43439,1,9035,30.661835,104.105109,9687,30.620727,104.108911,True
43450,1,9037,30.60183,104.103041,10093,30.656791,104.100147,True
43451,1,9037,30.670236,104.037813,9403,30.658641,104.021512,True
43452,1,9037,30.629212,104.035034,10088,30.659876,104.078756,True
43454,1,9037,30.654227,104.104554,9372,30.648121,104.121796,True
43456,1,9037,30.607415,104.077391,9850,30.622972,104.007365,True
43460,1,9038,30.714562,104.059926,9569,30.702336,104.083596,True
43469,1,9039,30.617914,104.101443,9472,30.607757,104.082856,True
43474,1,9039,30.661386,104.077611,9666,30.644509,104.074545,True
43490,1,9041,30.646473,103.985068,9804,30.712723,104.0387,True
43496,1,9042,30.632106,104.147432,9218,30.638766,104.142407,True
43497,1,9042,30.629658,104.096934,9608,30.623468,104.071856,True
43498,1,9042,30.619762,104.114985,9682,30.626332,104.144028,True
43501,1,9043,30.701342,104.04019,9557,30.68966,104.018246,True
43509,1,9044,30.681973,104.109144,10082,30.66352,104.070364,True
43516,1,9044,30.605989,103.998646,9964,30.634654,104.013927,True
43519,1,9045,30.714447,104.167996,9756,30.681308,104.165695,True
43522,1,9045,30.675565,104.060028,9073,30.675912,104.060343,True
43536,1,9047,30.670684,104.100828,10121,30.643414,104.153476,True
43554,1,9049,30.70429,104.013327,10149,30.677536,104.049522,True
43562,1,9050,30.689016,104.069682,9682,30.702267,104.072844,True
43565,1,9050,30.653946,104.07013,9313,30.663425,104.070471,True
43578,1,9053,30.684031,104.005448,9310,30.673806,103.998834,True
43586,1,9054,30.666582,104.055975,9708,30.639433,104.066227,True
43587,1,9054,30.691808,104.155791,9397,30.672896,104.137166,True
43588,1,9054,30.678577,104.047786,9385,30.670071,104.063275,True
43589,1,9055,30.60091,104.033732,9443,30.614212,104.044272,True
43593,1,9055,30.658092,104.082448,9535,30.682119,104.08479,True
43596,1,9056,30.645066,104.009983,9487,30.649149,104.001744,True
43598,1,9056,30.688299,104.032115,10012,30.644839,104.05873,True
43600,1,9056,30.605898,104.049449,10555,30.67872,104.069762,True
43613,1,9058,30.691727,104.036589,9654,30.704663,104.014449,True
43614,1,9058,30.683495,104.043537,9828,30.704708,104.014519,True
43621,1,9059,30.672611,104.098188,9632,30.647412,104.091168,True
43627,1,9060,30.662158,104.082829,9795,30.668221,104.049322,True
43647,1,9063,30.627904,103.995522,10785,30.641022,104.084324,True
43652,1,9063,30.635294,104.100013,9861,30.637761,104.045054,True
43656,1,9064,30.626588,104.026205,9625,30.644127,104.048145,True
43671,1,9066,30.652925,104.081639,9697,30.678699,104.077146,True
43674,1,9067,30.614961,104.048096,10417,30.655399,104.008459,True
43680,1,9068,30.671483,104.060839,10083,30.649464,104.024328,True
43688,1,9068,30.664191,104.081714,9435,30.68144,104.09012,True
43692,1,9069,30.644405,104.095652,9479,30.636035,104.127724,True
43701,1,9071,30.650686,104.109466,9305,30.640303,104.103125,True
43704,1,9071,30.66559,104.047211,9769,30.644379,104.074812,True
43716,1,9073,30.648047,104.127717,9820,30.690808,104.16202,True
43722,1,9073,30.656102,104.060758,9445,30.674687,104.049464,True
43725,1,9074,30.650718,104.123299,9644,30.682882,104.099747,True
43726,1,9074,30.64755,104.064361,9304,30.648135,104.061306,True
43727,1,9074,30.619775,104.053556,9781,30.636046,104.127682,True
43729,1,9075,30.643063,104.013686,9922,30.608397,104.005157,True
43735,1,9075,30.663594,103.991333,9919,30.665427,104.041619,True
43736,1,9075,30.660776,104.094557,9445,30.650718,104.115432,True
43745,1,9077,30.603088,103.99242,10196,30.614771,104.023935,True
43755,1,9078,30.631666,104.148458,9374,30.636596,104.127884,True
43756,1,9078,30.632913,104.140713,9109,30.629293,104.138426,True
43758,1,9078,30.669982,104.121857,9644,30.647989,104.08967,True
43760,1,9079,30.625298,104.076276,9807,30.62134,104.10711,True
43764,1,9079,30.6596,104.05933,9607,30.686346,104.024906,True
43776,1,9081,30.631266,104.149093,9093,30.631093,104.146446,True
43780,1,9082,30.624857,104.057972,10084,30.639006,104.007502,True
43781,1,9082,30.672819,104.007254,9275,30.67611,103.996676,True
43784,1,9083,30.606275,104.135167,10983,30.644784,104.063419,True
43786,1,9083,30.629723,104.053654,9251,30.624816,104.058696,True
43800,1,9084,30.617114,104.09877,9789,30.647392,104.087741,True
43801,1,9084,30.680613,104.087119,9395,30.660903,104.086493,True
43804,1,9084,30.640493,104.021309,9573,30.66243,104.02114,True
43807,1,9085,30.687101,104.099235,9402,30.667804,104.107289,True
43808,1,9085,30.683494,104.044451,9843,30.679315,104.072866,True
43811,1,9085,30.622041,104.044502,9454,30.640669,104.028816,True
43813,1,9085,30.643081,104.084793,10887,30.704748,104.014565,True
43814,1,9086,30.667325,103.993938,12560,30.658451,104.075222,True
43815,1,9086,30.711169,104.011123,9572,30.718027,104.032052,True
43816,1,9086,30.666818,104.083434,9306,30.674347,104.077781,True
43825,1,9087,30.635093,104.010395,10452,30.64281,104.084657,True
43837,1,9088,30.682175,104.084985,10259,30.663844,104.162509,True
43838,1,9088,30.637537,104.101864,10674,30.650965,103.995986,True
43840,1,9088,30.62938,104.061246,10048,30.660244,104.094837,True
43842,1,9088,30.600588,103.996067,10567,30.667214,104.040732,True
43846,1,9089,30.647739,104.030621,9951,30.660144,104.070142,True
43847,1,9089,30.62816,104.047481,9641,30.652312,104.069407,True
43853,1,9089,30.641952,104.037603,9519,30.663335,104.040853,True
43855,1,9089,30.678056,104.116038,10424,30.619711,104.076644,True
43856,1,9089,30.605742,104.040702,10047,30.651016,104.080455,True
43857,1,9089,30.65003,104.083266,10005,30.67209,104.124035,True
43861,1,9090,30.66733,104.045648,9342,30.663102,104.04058,True
43862,1,9090,30.633482,104.070443,9366,30.644096,104.075493,True
43867,1,9090,30.65157,104.024157,10230,30.66182,104.103811,True
43922,1,9096,30.637271,104.059675,9370,30.620786,104.066687,True
43929,1,9097,30.616032,104.123737,9875,30.638922,104.085427,True
43938,1,9099,30.623786,104.097472,10117,30.677159,104.087127,True
43939,1,9099,30.687095,104.03213,9833,30.671707,104.066368,True
43951,1,9101,30.667342,103.997973,9214,30.66459,104.00008,True
43956,1,9101,30.663182,104.070526,9466,30.649407,104.072857,True
43957,1,9101,30.63695,104.072651,10198,30.63013,104.142669,True
43965,1,9102,30.644103,104.124113,10030,30.637045,104.082816,True
43976,1,9104,30.631423,104.097862,9842,30.659459,104.093748,True
43978,1,9104,30.640025,104.108092,9719,30.666446,104.129184,True
43980,1,9104,30.690492,104.069721,11114,30.696173,104.072862,True
43988,1,9106,30.693163,104.044362,9535,30.678532,104.047758,True
43990,1,9106,30.636525,104.128931,10121,30.623865,104.071812,True
43993,1,9107,30.685624,104.058165,9421,30.675662,104.07019,True
44021,1,9111,30.668395,104.049339,10679,30.625191,104.07375,True
44033,1,9112,30.637381,104.016339,9464,30.617193,104.019291,True
44036,1,9112,30.671697,104.088634,9361,30.679324,104.092253,True
44037,1,9112,30.649449,104.083419,9902,30.705243,104.103696,True
44039,1,9113,30.630255,104.116247,10251,30.66582,104.068931,True
44042,1,9113,30.643919,104.153715,10812,30.678882,104.069636,True
44049,1,9114,30.69998,104.094579,9768,30.670112,104.110287,True
44053,1,9114,30.618622,104.044315,9579,30.63632,104.048619,True
44054,1,9114,30.646243,104.059912,9538,30.661296,104.086682,True
44057,1,9115,30.667686,104.040599,9928,30.632883,104.066432,True
44059,1,9115,30.615316,104.135759,10342,30.688738,104.095149,True
44060,1,9115,30.716925,104.043809,9427,30.709452,104.038346,True
44072,1,9117,30.718539,104.074595,9636,30.714145,104.059836,True
44078,1,9118,30.651245,104.038239,9974,30.702706,104.056952,True
44090,1,9120,30.687612,104.08332,9489,30.676094,104.095679,True
44093,1,9120,30.708974,104.014248,10647,30.639331,104.066216,True
44100,1,9123,30.712027,104.109612,9995,30.704007,104.08246,True
44107,1,9124,30.647719,104.034267,9148,30.648533,104.032676,True
44115,1,9125,30.66119,104.007006,9334,30.664849,103.994592,True
44118,1,9126,30.66007,104.045848,9967,30.681824,104.084501,True
44126,1,9127,30.670255,104.051908,9523,30.681377,104.069014,True
44167,1,9131,30.626216,104.073569,9451,30.6119,104.065788,True
44179,1,9132,30.670436,104.018404,9417,30.662561,104.016527,True
44180,1,9132,30.688886,104.08894,10236,30.663718,104.028991,True
44183,1,9133,30.639362,104.084504,10485,30.695047,104.073609,True
44185,1,9133,30.638708,104.06626,10339,30.663837,104.040711,True
44187,1,9133,30.620763,104.077165,9229,30.629417,104.076387,True
44196,1,9134,30.667332,103.996659,10388,30.706435,104.027039,True
44199,1,9135,30.669264,104.032201,9410,30.663445,104.040623,True
44213,1,9137,30.601698,104.124855,10169,30.704878,104.104307,True
44223,1,9138,30.691077,104.037078,9614,30.664991,104.051515,True
44224,1,9139,30.641164,103.982111,10129,30.623317,104.034826,True
44236,1,9140,30.701799,104.095878,9825,30.670779,104.113223,True
44243,1,9141,30.653626,104.018314,9860,30.62264,104.040897,True
44246,1,9141,30.706145,104.02605,10209,30.626789,104.000133,True
44249,1,9141,30.606989,104.039017,9731,30.631304,104.040017,True
44251,1,9141,30.624865,104.062347,9677,30.631522,104.036032,True
44253,1,9142,30.62978,104.144027,10403,30.695017,104.073793,True
44254,1,9142,30.630576,104.036854,9820,30.614577,104.030196,True
44274,1,9144,30.668351,104.073094,9146,30.668324,104.073039,True
44277,1,9144,30.637258,104.033622,9971,30.66228,104.075839,True
44280,1,9145,30.668805,104.048616,10299,30.642712,104.093862,True
44281,1,9145,30.637271,104.015924,9420,30.644678,104.003939,True
44282,1,9145,30.63583,104.010436,9879,30.602729,104.063513,True
44283,1,9145,30.684827,104.059685,9727,30.667481,104.087522,True
44288,1,9145,30.638083,104.101787,11039,30.717949,104.031877,True
44294,1,9146,30.63386,104.099737,10384,30.651573,104.040859,True
44296,1,9146,30.638955,104.091132,9867,30.624964,104.061537,True
44297,1,9147,30.65171,104.042779,9157,30.651708,104.043942,True
44299,1,9147,30.662379,104.021333,9935,30.657847,104.064197,True
44306,1,9148,30.650962,103.995868,10275,30.691336,104.050362,True
44335,1,9153,30.635437,104.091493,9708,30.615678,104.113152,True
44336,1,9153,30.683339,104.047413,9816,30.696624,104.048458,True
44337,1,9153,30.637835,104.057458,9532,30.649465,104.072698,True
44352,1,9155,30.675723,104.078754,9894,30.700784,104.006952,True
44354,1,9155,30.705378,104.103267,10284,30.662137,104.022047,True
44377,1,9159,30.65474,104.074469,9619,30.659296,104.060103,True
44379,1,9160,30.677583,104.026032,9846,30.713816,103.99618,True
44381,1,9160,30.659685,104.076319,10285,30.718053,104.032012,True
44387,1,9161,30.679588,103.991997,9947,30.664602,104.043454,True
44399,1,9162,30.647616,104.162271,9527,30.637049,104.139958,True
44400,1,9162,30.67693,104.024724,9758,30.649774,103.996643,True
44403,1,9163,30.646129,104.039524,10263,30.67702,104.094778,True
44404,1,9163,30.638244,104.06646,10353,30.66078,104.110713,True
44417,1,9165,30.611792,104.066045,10483,30.664631,104.164191,True
44426,1,9166,30.6663,104.047326,9388,30.683419,104.04798,True
44427,1,9166,30.678543,104.100592,9960,30.675684,104.070129,True
44429,1,9166,30.651647,104.018048,9854,30.638188,104.044121,True
44431,1,9166,30.706334,104.049397,9761,30.663122,104.040655,True
44437,1,9166,30.644693,104.059163,9690,30.648215,104.08142,True
44447,1,9167,30.675577,104.023394,10246,30.697823,104.027257,True
44460,1,9169,30.639116,104.119415,9788,30.668062,104.100216,True
44462,1,9169,30.681333,104.045104,9867,30.649575,104.066921,True
44463,1,9169,30.637402,104.046393,10474,30.653152,104.116114,True
44470,1,9170,30.672718,104.004506,11143,30.695732,104.073,True
44480,1,9172,30.678933,104.047517,9871,30.709187,104.066665,True
44481,1,9172,30.714378,104.047157,10451,30.661428,104.0867,True
44484,1,9173,30.663639,103.993996,9548,30.662519,104.015928,True
44488,1,9173,30.665618,104.001671,10358,30.662678,104.087501,True
44494,1,9174,30.608967,104.077222,10069,30.6387,104.086593,True
44498,1,9175,30.662634,104.03416,10322,30.699145,104.046792,True
44518,1,9178,30.670852,104.109402,10243,30.667073,104.062549,True
44522,1,9179,30.63155,104.149143,9480,30.61576,104.146521,True
44523,1,9179,30.648338,104.099644,10230,30.680847,104.046004,True
44530,1,9180,30.682783,104.052713,10204,30.650535,104.071451,True
44534,1,9181,30.695129,104.071954,10283,30.704669,104.014526,True
44543,1,9182,30.639341,104.066245,10020,30.663754,104.040878,True
44544,1,9182,30.690662,104.047627,10125,30.655619,104.080924,True
44548,1,9182,30.636525,104.093645,9848,30.656137,104.075505,True
44558,1,9184,30.678274,103.987726,10807,30.695365,104.073836,True
44559,1,9185,30.669714,104.065985,9729,30.644338,104.048832,True
44581,1,9188,30.663178,104.085657,9776,30.667255,104.068352,True
44589,1,9189,30.697199,104.019542,9869,30.672058,104.054101,True
44592,1,9189,30.649478,104.032374,9695,30.623153,104.04962,True
44595,1,9190,30.636333,104.139432,10346,30.648762,104.059917,True
44599,1,9190,30.650976,104.029473,9586,30.662928,104.007997,True
44600,1,9190,30.655063,104.083091,10789,30.712276,104.037936,True
44603,1,9191,30.628052,104.104871,9435,30.632589,104.094647,True
44604,1,9191,30.679898,104.08869,10006,30.695623,104.073506,True
44610,1,9192,30.638972,104.019297,10156,30.655622,104.065832,True
44611,1,9192,30.668694,104.158401,9847,30.664958,104.163429,True
44612,1,9192,30.699254,104.169305,10257,30.654174,104.114509,True
44613,1,9192,30.701681,104.044592,9492,30.69095,104.022897,True
44627,1,9195,30.638935,104.099445,9737,30.640441,104.055878,True
44634,1,9195,30.676353,104.090368,9847,30.657254,104.076335,True
44635,1,9195,30.691044,104.005585,9424,30.6893,104.018984,True
44639,1,9196,30.646201,104.040289,10284,30.622572,104.051096,True
44640,1,9197,30.644757,104.075019,18707,30.695291,104.001938,True
44646,1,9198,30.682386,104.087044,17592,30.681606,104.030313,True
44651,1,9198,30.672337,104.064917,10040,30.665633,104.029147,True
44659,1,9199,30.630724,104.044397,9695,30.651261,104.02579,True
44660,1,9199,30.641385,104.139757,9568,30.629684,104.141481,True
44670,1,9200,30.650648,104.077227,9647,30.676065,104.095899,True
44691,1,9202,30.636441,104.127442,9500,30.638397,104.107572,True
44695,1,9203,30.672713,104.124493,10370,30.703022,104.072392,True
44700,1,9203,30.659029,104.057702,9712,30.644407,104.049393,True
44739,1,9207,30.664372,104.081886,9490,30.660236,104.071162,True
44747,1,9208,30.698122,104.024388,10241,30.673051,104.075329,True
44756,1,9209,30.653409,104.116074,10064,30.665511,104.077909,True
44757,1,9209,30.617205,104.057565,9240,30.619992,104.057454,True
44766,1,9211,30.613724,104.093954,9614,30.624173,104.071942,True
44781,1,9212,30.630999,104.002353,9599,30.644846,104.020879,True
44784,1,9213,30.65512,104.054062,10266,30.648346,103.992744,True
44788,1,9213,30.625861,104.085564,10230,30.642833,104.071957,True
44796,1,9215,30.67398,104.021667,10162,30.616874,104.040758,True
44797,1,9215,30.6321,104.147076,9895,30.655379,104.148048,True
44799,1,9215,30.636426,104.056642,9685,30.657674,104.067545,True
44801,1,9215,30.694628,104.071249,9781,30.689832,104.093139,True
44802,1,9216,30.65045,104.060164,9478,30.662583,104.056958,True
44805,1,9216,30.647377,104.112216,9914,30.610944,104.1,True
44811,1,9217,30.629511,104.059101,10159,30.657796,104.07992,True
44815,1,9217,30.717444,103.981983,10519,30.707489,104.09964,True
44817,1,9217,30.651745,104.04127,9576,30.682495,104.039797,True
44818,1,9218,30.621672,104.077076,9770,30.648333,104.086784,True
44821,1,9218,30.643676,104.060972,10215,30.694393,104.073691,True
44824,1,9219,30.615864,104.098791,9665,30.602632,104.106645,True
44832,1,9220,30.685798,104.110344,9511,30.669733,104.11116,True
44846,1,9222,30.633273,104.056557,9484,30.644215,104.049641,True
44848,1,9223,30.647277,104.107494,10072,30.68291,104.082182,True
44852,1,9224,30.611748,104.06563,10167,30.664978,104.088715,True
44854,1,9224,30.64492,104.020174,9734,30.674199,104.021342,True
44858,1,9225,30.614617,104.137244,10497,30.622898,104.062483,True
44863,1,9225,30.631047,104.039624,9395,30.634816,104.041602,True
44864,1,9226,30.644003,104.095962,9863,30.63645,104.061408,True
44873,1,9227,30.675628,104.050399,9991,30.683354,104.080271,True
44874,1,9227,30.658963,104.015931,10338,30.636164,104.08166,True
44880,1,9228,30.705637,104.103616,10229,30.64445,104.074745,True
44883,1,9228,30.649187,104.065952,9972,30.63969,104.030466,True
44890,1,9228,30.687416,104.022948,9682,30.693676,104.045894,True
44902,1,9230,30.680013,104.095979,9911,30.643287,104.091821,True
44904,1,9230,30.670365,104.076947,9519,30.65599,104.080917,True
44909,1,9231,30.639946,104.082809,10905,30.717972,104.032086,True
44915,1,9232,30.707514,104.01017,9649,30.712678,103.987894,True
44922,1,9233,30.673197,104.033139,9782,30.662182,104.022453,True
44923,1,9233,30.668587,104.060443,9766,30.640391,104.038423,True
44928,1,9234,30.669348,104.064865,9663,30.678727,104.072055,True
44932,1,9234,30.678468,104.001094,10171,30.656371,104.06503,True
44933,1,9235,30.638819,104.102251,9890,30.659482,104.086795,True
44940,1,9236,30.655896,104.091057,9845,30.629663,104.105905,True
44941,1,9236,30.667794,104.021385,10646,30.639955,104.05576,True
44946,1,9237,30.655267,104.042349,9276,30.657428,104.040965,True
44949,1,9237,30.662218,104.019226,10092,30.619984,104.071766,True
44952,1,9237,30.652052,104.015221,10834,30.637382,104.122239,True
44956,1,9238,30.608826,104.080799,9607,30.614675,104.067357,True
44958,1,9238,30.662025,104.056854,10246,30.664959,104.007952,True
44959,1,9238,30.661929,104.105596,9951,30.672412,104.076415,True
44960,1,9238,30.686465,104.032853,9703,30.663038,104.040627,True
44963,1,9238,30.620392,104.045411,9804,30.604622,104.06364,True
44972,1,9239,30.634201,104.014139,10013,30.602947,104.007613,True
44974,1,9240,30.657099,104.022114,9636,30.669622,104.032382,True
44980,1,9240,30.682787,104.010422,9781,30.707503,104.001332,True
44991,1,9241,30.695799,104.166695,10005,30.674987,104.134186,True
44992,1,9242,30.623626,104.062438,9653,30.637726,104.058687,True
44995,1,9242,30.65232,104.097402,9612,30.639187,104.079527,True
45007,1,9243,30.626071,104.058144,9631,30.626737,104.043431,True
45008,1,9243,30.639595,104.01655,9950,30.637652,104.058591,True
45011,1,9244,30.677754,104.037552,9733,30.656947,104.060879,True
45019,1,9245,30.609269,104.077395,9715,30.624008,104.072298,True
45022,1,9245,30.663247,104.007957,10292,30.704805,104.014575,True
45032,1,9245,30.601646,104.034185,9959,30.603528,104.139009,True
45063,1,9250,30.678574,104.035873,9770,30.663296,104.069606,True
45070,1,9251,30.620337,104.045392,9445,30.612222,104.041254,True
45071,1,9251,30.650435,104.085836,9653,30.655641,104.072056,True
45073,1,9251,30.616556,104.078365,9549,30.616226,104.067352,True
45082,1,9253,30.708708,104.080737,10104,30.692526,104.088989,True
45090,1,9254,30.700576,104.041365,10035,30.67013,104.063481,True
45094,1,9255,30.693866,104.018317,9627,30.69752,104.02766,True
45103,1,9256,30.616389,104.066736,9698,30.639804,104.066524,True
45108,1,9257,30.633901,104.058571,9699,30.644313,104.04931,True
45111,1,9257,30.667915,104.137207,9528,30.666636,104.125009,True
45118,1,9258,30.684122,104.104409,9809,30.677343,104.08385,True
45120,1,9258,30.646112,104.054051,9504,30.642286,104.042094,True
45124,1,9258,30.672401,104.111784,10575,30.63999,104.055711,True
45127,1,9259,30.632418,104.066799,9890,30.641352,104.041703,True
45128,1,9259,30.667763,104.040724,9995,30.686019,104.089322,True
45140,1,9260,30.623009,104.09672,9615,30.629531,104.076477,True
45156,1,9262,30.636505,104.127711,10598,30.678847,104.069649,True
45160,1,9263,30.675858,104.08631,9777,30.662131,104.062549,True
45161,1,9263,30.655843,104.00115,9992,30.633151,104.027004,True
45165,1,9263,30.695303,104.037051,10850,30.629662,104.141536,True
45167,1,9264,30.627199,104.089814,10023,30.666189,104.121155,True
45169,1,9264,30.69533,104.069737,10588,30.633727,104.070934,True
45174,1,9264,30.706172,104.01215,10992,30.695772,104.073002,True
45182,1,9266,30.689002,104.104749,10185,30.688918,104.168577,True
45186,1,9266,30.655511,104.070979,9936,30.68308,104.048224,True
45190,1,9266,30.601904,104.034107,9453,30.609656,104.033907,True
45208,1,9268,30.672895,104.123578,10410,30.668629,104.065542,True
45216,1,9269,30.663628,104.072461,9461,30.658023,104.077059,True
45218,1,9270,30.621006,104.05521,9280,30.621473,104.054177,True
45219,1,9270,30.667552,104.114068,9463,30.667815,104.107271,True
45222,1,9270,30.683003,104.040204,10097,30.651065,104.089107,True
45238,1,9273,30.638011,104.045583,9804,30.631808,104.030641,True
45243,1,9274,30.663057,104.04054,10671,30.625126,104.069516,True
45248,1,9274,30.676017,104.041455,10157,30.706844,104.06507,True
45249,1,9274,30.609098,104.040255,11074,30.718155,104.031885,True
45254,1,9275,30.703899,104.01171,10147,30.685933,104.04595,True
45260,1,9276,30.679654,104.043339,10447,30.705196,104.103549,True
45263,1,9277,30.650806,103.987146,10971,30.61964,104.097125,True
45264,1,9277,30.668254,104.100491,10358,30.641512,104.056559,True
45273,1,9277,30.626489,104.076591,10883,30.684334,104.027349,True
45285,1,9279,30.65348,104.115054,9697,30.681179,104.115929,True
45288,1,9279,30.640858,104.080121,9571,30.633705,104.067429,True
45290,1,9279,30.659029,104.080658,10263,30.630114,104.141324,True
45293,1,9280,30.634974,104.032769,9981,30.625048,103.986721,True
45294,1,9280,30.662384,104.023971,9618,30.666916,104.039482,True
45299,1,9281,30.654861,104.040922,9712,30.647759,104.033863,True
45309,1,9282,30.6489,104.098379,9823,30.626838,104.076423,True
45310,1,9282,30.710812,103.983764,9782,30.704159,104.006787,True
45311,1,9282,30.678432,104.074433,10061,30.691408,104.089822,True
45313,1,9283,30.686589,104.039436,10147,30.654684,104.074356,True
45315,1,9283,30.663439,104.071997,10394,30.629578,104.142092,True
45323,1,9284,30.635445,104.083996,10246,30.626348,104.143731,True
45325,1,9284,30.648433,104.059522,9864,30.623853,104.066639,True
45331,1,9285,30.685741,104.041857,9876,30.681928,104.084387,True
45340,1,9286,30.658543,104.040928,9296,30.659564,104.040896,True
45341,1,9286,30.667041,104.045972,9770,30.65379,104.040955,True
45342,1,9287,30.624011,104.096663,10160,30.638732,104.151494,True
45352,1,9288,30.717505,104.069009,9703,30.717566,104.044285,True
45359,1,9289,30.633471,104.062149,9718,30.62975,104.076261,True
45367,1,9289,30.670178,104.061691,10162,30.70462,104.014412,True
45368,1,9290,30.642266,104.07599,9532,30.635715,104.079953,True
45372,1,9290,30.690657,104.057148,9706,30.676718,104.052092,True
45381,1,9292,30.712489,104.094594,10405,30.702093,104.051488,True
45383,1,9292,30.644038,104.046907,10612,30.702459,104.072551,True
45390,1,9293,30.682215,104.000424,9773,30.679536,103.985338,True
45392,1,9293,30.609256,104.072081,9863,30.635451,104.091715,True
45396,1,9293,30.709027,104.019322,9437,30.705158,104.016225,True
45400,1,9294,30.647576,104.05648,9481,30.662586,104.060621,True
45406,1,9294,30.67836,104.115857,10316,30.671533,104.137155,True
45407,1,9294,30.626014,104.076684,10052,30.674675,104.097337,True
45408,1,9295,30.636756,104.047833,9978,30.637924,104.085295,True
45411,1,9295,30.650874,104.036911,10112,30.663556,104.070998,True
45419,1,9295,30.618791,104.126837,10210,30.633412,104.076004,True
45428,1,9296,30.63047,104.036936,9711,30.627151,104.02344,True
45436,1,9297,30.702967,104.094691,9531,30.71227,104.102744,True
45445,1,9298,30.711146,104.035575,9861,30.70863,104.06371,True
45448,1,9298,30.643825,104.076815,10374,30.69485,104.073247,True
45457,1,9300,30.682137,104.085157,10511,30.698674,104.028986,True
45459,1,9301,30.612625,104.133587,10577,30.663066,104.125033,True
45460,1,9301,30.602234,104.123527,10026,30.643306,104.102809,True
45466,1,9301,30.63869,104.106778,9902,30.662946,104.134909,True
45472,1,9302,30.647803,104.033134,9768,30.651926,104.019865,True
45477,1,9303,30.637609,104.09434,9603,30.635663,104.080461,True
45478,1,9303,30.675765,104.060205,9959,30.694778,104.072769,True
45484,1,9303,30.678758,104.119717,9991,30.674515,104.085349,True
45491,1,9304,30.649833,103.997664,10505,30.654521,104.061882,True
45495,1,9305,30.637295,104.046526,10655,30.608014,103.989963,True
45505,1,9306,30.686035,104.092588,10064,30.659807,104.099096,True
45508,1,9306,30.66036,104.040874,9388,30.664898,104.04279,True
45512,1,9307,30.639462,104.094203,9640,30.626186,104.094109,True
45513,1,9307,30.647712,104.032065,10809,30.635351,104.050789,True
45520,1,9307,30.651675,104.023229,9578,30.677464,104.025927,True
45522,1,9308,30.653252,104.0144,10869,30.630674,104.141834,True
45523,1,9308,30.649901,104.067323,9637,30.655992,104.081103,True
45529,1,9308,30.695682,104.072851,10653,30.704732,104.014575,True
45531,1,9309,30.624971,104.062519,10712,30.690791,104.039151,True
45538,1,9309,30.650842,104.03545,9842,30.637739,104.058659,True
45541,1,9309,30.675755,104.060297,9759,30.671827,104.075661,True
45545,1,9310,30.611394,104.094761,10357,30.65881,104.055758,True
45546,1,9311,30.651519,104.055,9759,30.64447,104.074642,True
45549,1,9311,30.644885,104.017107,9981,30.629597,104.053171,True
45564,1,9312,30.633399,104.068518,9476,30.628688,104.076359,True
45565,1,9313,30.625126,104.021686,10292,30.662419,104.01631,True
45570,1,9313,30.644374,104.049242,10591,30.628152,103.98454,True
45571,1,9313,30.656106,104.065995,9769,30.659385,104.079712,True
45579,1,9314,30.652814,104.001186,10024,30.674284,104.020128,True
45585,1,9315,30.670569,104.041876,10123,30.68698,104.013093,True
45586,1,9315,30.7133,104.030862,9389,30.709453,104.024928,True
45587,1,9315,30.67333,104.037643,10452,30.661603,104.091965,True
45597,1,9316,30.661883,104.103253,9704,30.673055,104.125315,True
45606,1,9318,30.673593,104.055792,10171,30.654611,104.089537,True
45619,1,9319,30.603102,104.031143,10571,30.639238,104.066277,True
45620,1,9320,30.627031,104.119742,10730,30.682185,104.085175,True
45637,1,9322,30.66125,104.016338,10844,30.620839,104.098779,True
45644,1,9323,30.619624,104.116809,9899,30.650926,104.122795,True
45645,1,9323,30.683975,104.031503,9677,30.692412,104.014548,True
45660,1,9326,30.689492,104.030265,9775,30.705821,104.025893,True
45664,1,9326,30.627718,104.049729,10145,30.63603,104.127699,True
45665,1,9326,30.638982,103.987124,10092,30.601821,103.998049,True
45666,1,9326,30.625983,104.10064,10025,30.649782,104.061726,True
45669,1,9326,30.675159,104.059719,9740,30.666086,104.077688,True
45672,1,9327,30.621703,104.080094,9791,30.632658,104.066859,True
45673,1,9327,30.630984,104.050234,9785,30.654097,104.071305,True
45683,1,9328,30.66831,104.040534,9979,30.643964,104.023778,True
45687,1,9328,30.652077,104.009139,9948,30.667852,104.035675,True
45689,1,9329,30.66464,104.163468,9398,30.670745,104.164459,True
45694,1,9329,30.624716,103.990052,9718,30.608444,103.9962,True
45700,1,9330,30.690161,104.073372,10026,30.684202,104.03905,True
45704,1,9331,30.683232,104.046825,10008,30.712736,104.038693,True
45707,1,9331,30.629844,104.058521,9756,30.6384,104.066299,True
45710,1,9331,30.628427,104.059062,10438,30.657758,104.089057,True
45721,1,9333,30.630423,104.152147,9956,30.645438,104.106411,True
45722,1,9333,30.652782,104.008331,9998,30.619635,104.016345,True
45735,1,9335,30.648122,104.108021,11785,30.695424,104.073782,True
45749,1,9337,30.662045,104.081493,10262,30.68687,104.045484,True
45767,1,9339,30.668609,104.084816,9752,30.666872,104.080113,True
45770,1,9340,30.671799,104.032368,10318,30.695962,104.072902,True
45778,1,9340,30.671701,104.110327,10178,30.682346,104.159573,True
45784,1,9341,30.632162,104.137712,10162,30.629871,104.141915,True
45792,1,9341,30.705487,104.036763,10549,30.695935,104.073015,True
45794,1,9342,30.667653,104.00325,11235,30.659425,104.129802,True
45801,1,9342,30.662727,104.047573,10169,30.660278,104.07567,True
45802,1,9342,30.64495,104.016942,9573,30.640282,104.028073,True
45812,1,9344,30.683676,104.087745,10262,30.716394,104.076765,True
45822,1,9345,30.632765,104.103257,10202,30.703803,104.108408,True
45825,1,9346,30.650934,104.121322,10154,30.625824,104.094215,True
45841,1,9348,30.660202,104.070535,9616,30.64899,104.067261,True
45848,1,9348,30.66079,104.040912,9835,30.677797,104.075801,True
45850,1,9349,30.657749,104.076896,10231,30.640149,104.061293,True
45860,1,9350,30.709078,104.063585,10942,30.634759,104.052455,True
45868,1,9351,30.602996,104.098826,10306,30.645237,104.093392,True
45870,1,9351,30.6444,104.00585,9780,30.628392,103.995662,True
45874,1,9352,30.694817,104.007328,9727,30.704512,104.013942,True
45880,1,9353,30.694752,104.054379,10119,30.704642,104.003432,True
45884,1,9353,30.66258,104.040672,10047,30.63952,104.066265,True
45893,1,9353,30.654201,104.098622,10263,30.705253,104.103652,True
45896,1,9354,30.656739,104.037633,9932,30.662943,104.015132,True
45900,1,9354,30.709979,104.093405,10466,30.702611,104.072556,True
45906,1,9355,30.639206,104.046546,9818,30.643523,104.062368,True
45910,1,9355,30.672859,104.084289,9607,30.670348,104.072325,True
45916,1,9356,30.648476,104.087183,10159,30.654692,104.069371,True
45932,1,9358,30.648168,104.087345,10556,30.70368,104.092847,True
45939,1,9359,30.636079,104.104825,11857,30.62406,104.102194,True
45949,1,9360,30.668427,104.111475,9708,30.662537,104.096561,True
45962,1,9362,30.645861,104.059687,9700,30.6394,104.066259,True
45963,1,9362,30.677727,104.049051,9954,30.706197,104.037159,True
45968,1,9362,30.645858,104.0319,10036,30.665362,104.065022,True
45973,1,9363,30.650765,104.041228,11099,30.6296,104.142154,True
45974,1,9363,30.715947,104.106817,10055,30.69799,104.153928,True
45993,1,9365,30.638519,104.09499,9798,30.633682,104.067648,True
45994,1,9365,30.705962,104.096677,9850,30.700728,104.110096,True
46023,1,9369,30.638891,104.026185,9925,30.626771,104.008748,True
46038,1,9370,30.625969,104.134387,9669,30.625748,104.144691,True
46039,1,9370,30.664197,103.991894,13236,30.673021,104.065387,True
46043,1,9370,30.629051,104.144031,9628,30.636962,104.141164,True
46045,1,9370,30.693727,104.043992,9896,30.68064,104.059437,True
46057,1,9371,30.618177,104.041824,10282,30.653576,104.079298,True
46058,1,9371,30.651703,104.070113,9932,30.68449,104.066307,True
46060,1,9372,30.637834,104.097117,10345,30.666376,104.1373,True
46068,1,9372,30.61177,104.066101,9849,30.602972,104.099875,True
46070,1,9373,30.667286,104.040724,9604,30.687583,104.051641,True
46072,1,9373,30.618822,104.066976,10393,30.694903,104.05452,True
46074,1,9374,30.631581,104.05049,9881,30.655629,104.071967,True
46078,1,9374,30.657973,104.07853,10070,30.624262,104.093469,True
46085,1,9374,30.681028,103.989985,10587,30.618914,104.042024,True
46088,1,9375,30.707232,104.100265,9394,30.708622,104.100592,True
46103,1,9376,30.674747,104.018308,10034,30.679952,104.057955,True
46104,1,9376,30.685217,104.033876,10351,30.638853,104.075777,True
46106,1,9376,30.635796,104.046825,10003,30.642948,104.06208,True
46113,1,9377,30.668191,104.137079,10694,30.694972,104.07377,True
46116,1,9378,30.628638,104.145186,10593,30.695074,104.073797,True
46130,1,9380,30.650856,104.105082,10064,30.633053,104.076014,True
46136,1,9381,30.610834,104.0553,10019,30.643552,104.061217,True
46139,1,9381,30.668586,104.101577,9712,30.662895,104.089468,True
46140,1,9381,30.685301,104.112654,10137,30.684148,104.167485,True
46143,1,9381,30.695529,104.011226,10597,30.622154,103.990461,True
46144,1,9381,30.669456,104.008893,10612,30.69016,104.074176,True
46148,1,9382,30.629792,104.153435,10001,30.649603,104.114244,True
46150,1,9382,30.661441,104.075478,9489,30.663731,104.07097,True
46151,1,9382,30.675475,104.096515,9722,30.683211,104.112277,True
46157,1,9383,30.649757,104.08411,9947,30.638844,104.075748,True
46163,1,9383,30.647799,104.028802,9893,30.651067,104.001527,True
46168,1,9384,30.668126,104.040702,10045,30.692442,104.014606,True
46169,1,9384,30.674257,104.020595,9587,30.655097,104.022013,True
46171,1,9384,30.627068,104.140992,10772,30.629403,104.054474,True
46177,1,9385,30.661301,103.993783,10727,30.674357,104.049013,True
46187,1,9387,30.603083,104.061892,9857,30.614322,104.024677,True
46189,1,9387,30.654482,104.062657,9890,30.662169,104.081056,True
46194,1,9387,30.649066,104.126358,9893,30.658001,104.099703,True
46196,1,9388,30.694442,104.033714,10103,30.665399,104.047124,True
46200,1,9388,30.703257,104.108433,12527,30.714703,104.046803,True
46210,1,9390,30.642754,104.095924,10434,30.61607,104.059012,True
46220,1,9391,30.694859,104.075242,10017,30.670009,104.040433,True
46221,1,9391,30.682136,104.084888,10843,30.635332,104.050624,True
46223,1,9392,30.646022,103.983242,10907,30.665652,104.073741,True
46230,1,9393,30.687921,104.05038,9824,30.689923,104.052404,True
46234,1,9394,30.675919,104.060273,9533,30.67012,104.063335,True
46235,1,9394,30.712047,104.078031,10456,30.65301,104.097879,True
46238,1,9394,30.671884,104.032855,10150,30.688086,104.0785,True
46258,1,9397,30.688203,104.051333,10212,30.67113,104.089503,True
46264,1,9398,30.629435,104.054736,9632,30.624954,104.066033,True
46280,1,9401,30.69417,104.108146,9437,30.690892,104.112787,True
46281,1,9401,30.608471,104.073617,10045,30.652094,104.078858,True
46289,1,9402,30.645064,104.012358,10032,30.636334,104.048056,True
46291,1,9402,30.636407,104.0168,9821,30.622047,103.989958,True
46294,1,9402,30.623197,103.990263,10309,30.621455,104.077119,True
46303,1,9403,30.650213,104.060625,9662,30.642392,104.057118,True
46305,1,9403,30.640257,104.061263,11368,30.663103,104.134744,True
46306,1,9403,30.66159,104.056927,10235,30.694679,104.072878,True
46316,1,9404,30.6876,104.086684,10517,30.644588,104.058795,True
46325,1,9406,30.643633,104.037512,9994,30.631937,104.066477,True
46329,1,9406,30.624909,104.121865,9892,30.644245,104.105484,True
46334,1,9407,30.6691,104.103474,10515,30.702803,104.070048,True
46341,1,9408,30.633094,104.001629,9971,30.647417,104.022652,True
46351,1,9409,30.647246,104.083412,9500,30.648308,104.086769,True
46355,1,9409,30.639801,104.064101,10986,30.691442,104.007442,True
46358,1,9409,30.674472,104.063996,10650,30.671975,104.136592,True
46364,1,9411,30.638661,104.066295,10174,30.63613,104.127554,True
46367,1,9411,30.625743,104.092419,9790,30.652857,104.098042,True
46377,1,9412,30.658122,104.089291,10730,30.63018,104.051914,True
46383,1,9412,30.673812,104.084316,10717,30.619586,104.114853,True
46397,1,9414,30.627719,104.066912,9639,30.633543,104.074857,True
46398,1,9414,30.654245,104.072594,11167,30.620424,104.115524,True
46412,1,9416,30.663598,104.047242,10010,30.654225,104.058067,True
46434,1,9420,30.664224,104.085767,9647,30.652828,104.07564,True
46436,1,9420,30.67087,103.990696,9993,30.692973,104.013579,True
46438,1,9420,30.688246,104.108401,11005,30.603184,104.061621,True
46441,1,9421,30.705558,104.103539,9847,30.677224,104.107251,True
46472,1,9424,30.643776,104.060773,10083,30.633141,104.059803,True
46477,1,9424,30.662247,104.086301,9704,30.669157,104.079733,True
46508,1,9430,30.622612,104.057676,10220,30.664432,104.046533,True
46509,1,9430,30.703031,104.023019,10323,30.689234,104.074116,True
46514,1,9431,30.669504,104.026374,9791,30.66325,104.040582,True
46523,1,9432,30.686831,104.105387,10032,30.668651,104.080423,True
46528,1,9433,30.664997,104.08876,10360,30.641348,104.039779,True
46532,1,9433,30.644945,104.019981,9841,30.641714,104.001099,True
46534,1,9433,30.665628,104.060375,9763,30.65857,104.066709,True
46536,1,9433,30.714138,104.04739,10672,30.65075,104.01262,True
46540,1,9434,30.612287,104.089821,10292,30.652806,104.077623,True
46543,1,9434,30.711416,103.994657,10347,30.663557,104.040626,True
46544,1,9434,30.672162,104.032932,10967,30.628804,104.071624,True
46552,1,9436,30.649237,104.117148,9879,30.668223,104.111749,True
46579,1,9441,30.705181,104.049811,10150,30.704785,104.014517,True
46583,1,9442,30.62837,104.096843,10419,30.659148,104.080309,True
46584,1,9442,30.686639,104.036195,10005,30.71952,104.030759,True
46588,1,9442,30.659873,104.016038,9819,30.671777,104.004103,True
46589,1,9442,30.601854,104.124081,10537,30.650724,104.09474,True
46598,1,9443,30.678194,104.008393,9963,30.704465,104.011935,True
46605,1,9444,30.684533,104.017675,10659,30.649799,104.061349,True
46629,1,9447,30.658383,104.070394,9971,30.644504,104.04962,True
46632,1,9447,30.642854,104.05772,10677,30.681334,104.113676,True
46655,1,9450,30.664631,104.105311,9637,30.667765,104.100161,True
46690,1,9454,30.663039,104.087862,10035,30.669735,104.11112,True
46699,1,9455,30.620609,104.080068,10253,30.652343,104.06655,True
46701,1,9456,30.628312,104.164597,10352,30.642188,104.100396,True
46711,1,9456,30.651862,104.066215,9887,30.664203,104.077185,True
46714,1,9457,30.665406,104.066756,10086,30.640323,104.081449,True
46716,1,9457,30.631784,104.032042,10481,30.674126,103.999213,True
46727,1,9458,30.654668,104.068867,10544,30.636037,104.126956,True
46732,1,9459,30.63358,104.071666,9838,30.612024,104.07077,True
46734,1,9459,30.694456,104.069891,10731,30.685287,104.072938,True
46748,1,9461,30.678317,103.9981,9633,30.680465,104.008403,True
46749,1,9461,30.64133,104.092386,10559,30.651922,104.019851,True
46751,1,9462,30.602479,104.060467,9805,30.619327,104.057472,True
46771,1,9464,30.66822,104.003659,9919,30.651044,103.995947,True
46773,1,9465,30.68974,104.029949,10479,30.69064,103.980083,True
46776,1,9465,30.642647,104.074838,9709,30.648635,104.085254,True
46786,1,9466,30.638761,103.986677,10199,30.637901,104.032227,True
46801,1,9468,30.643244,104.139849,10409,30.658248,104.078573,True
46803,1,9468,30.637296,104.054567,11397,30.684682,104.052778,True
46819,1,9471,30.650955,104.121319,10589,30.674556,104.077985,True
46825,1,9471,30.678983,104.096707,9980,30.655958,104.091235,True
46829,1,9472,30.70835,104.011991,10467,30.667316,104.052168,True
46839,1,9473,30.669208,104.06516,11025,30.667062,104.064153,True
46849,1,9474,30.625125,104.050802,9643,30.622058,104.057594,True
46852,1,9474,30.611681,104.094799,10817,30.67565,104.069983,True
46861,1,9476,30.631145,104.150755,10786,30.616085,104.077029,True
46863,1,9477,30.658177,104.087238,10219,30.633183,104.066416,True
46872,1,9478,30.624507,104.157512,11295,30.6955,104.069832,True
46884,1,9479,30.653148,104.110541,10298,30.65511,104.080376,True
46902,1,9481,30.658317,104.028351,9725,30.662587,104.034142,True
46905,1,9481,30.697559,104.047741,9894,30.713724,104.040339,True
46914,1,9482,30.64225,104.076459,10308,30.667148,104.052269,True
46923,1,9484,30.664269,104.060517,10079,30.664623,104.036924,True
46926,1,9485,30.662148,104.097571,11300,30.651783,104.043626,True
46934,1,9485,30.658338,104.110841,9816,30.675649,104.10991,True
46941,1,9486,30.647797,104.027344,9941,30.66233,104.026954,True
46948,1,9487,30.714017,104.100942,10955,30.657536,104.076084,True
46954,1,9488,30.646027,104.0927,10033,30.625137,104.069405,True
46970,1,9489,30.648279,104.120868,10523,30.625122,104.071002,True
46987,1,9491,30.664049,104.051383,9979,30.670755,104.021801,True
46988,1,9491,30.652932,104.097869,10711,30.695092,104.073699,True
46989,1,9491,30.653287,104.115141,10091,30.683972,104.095608,True
46991,1,9491,30.645361,104.079259,10448,30.633705,104.001222,True
47000,1,9492,30.62526,104.05438,10664,30.694408,104.066556,True
47005,1,9493,30.668047,104.060449,9963,30.694431,104.066498,True
47006,1,9493,30.690679,104.046564,10632,30.711612,103.98532,True
47023,1,9496,30.639687,104.088462,10854,30.687442,104.048313,True
47050,1,9499,30.609073,104.03752,10184,30.614003,104.057684,True
47062,1,9501,30.702894,104.077449,11469,30.644412,104.049625,True
47065,1,9502,30.654481,104.053533,9886,30.643283,104.041128,True
47080,1,9504,30.644431,104.049772,24905,30.65048,104.14324,True
47084,1,9505,30.640776,104.041692,9695,30.63347,104.038476,True
47096,1,9506,30.621364,104.054929,9680,30.624967,104.065611,True
47104,1,9507,30.678162,104.042474,11733,30.624534,104.102105,True
47108,1,9507,30.646154,104.13954,9805,30.638429,104.129184,True
47114,1,9508,30.702583,104.05677,10419,30.676926,104.02193,True
47125,1,9509,30.68458,104.017725,10817,30.634329,104.009172,True
47130,1,9510,30.676259,104.111427,10064,30.648934,104.109196,True
47134,1,9511,30.664474,104.112996,10010,30.674534,104.09748,True
47144,1,9512,30.645963,104.059802,9726,30.63958,104.066241,True
47146,1,9513,30.682159,104.0848,11488,30.70476,104.014565,True
47158,1,9514,30.689312,104.056956,9702,30.691224,104.049021,True
47165,1,9515,30.647741,104.094707,9966,30.664195,104.077213,True
47173,1,9516,30.644224,104.047812,10017,30.662044,104.03631,True
47176,1,9516,30.625096,104.070176,10263,30.609578,104.033807,True
47179,1,9517,30.660861,104.081914,9965,30.646886,104.09021,True
47198,1,9520,30.652427,104.078385,11491,30.662266,104.095893,True
47209,1,9521,30.689551,104.057081,9758,30.685693,104.073449,True
47223,1,9523,30.667637,104.05073,9543,30.66708,104.052111,True
47238,1,9525,30.675735,104.014003,10511,30.658415,104.077469,True
47239,1,9525,30.614041,104.062721,10320,30.667365,104.065697,True
47241,1,9525,30.63388,104.076262,9644,30.633694,104.067797,True
47249,1,9526,30.661931,104.106176,9797,30.646858,104.094335,True
47251,1,9526,30.717005,104.059404,9835,30.718966,104.038008,True
47255,1,9526,30.675652,104.111227,9827,30.674633,104.097446,True
47258,1,9527,30.658897,104.034099,10655,30.679759,104.105603,True
47259,1,9527,30.673767,104.036213,10836,30.618416,104.076806,True
47266,1,9528,30.673312,104.046908,10386,30.695211,104.073754,True
47273,1,9529,30.65304,104.115761,10658,30.603026,104.130008,True
47289,1,9531,30.666791,104.060218,10447,30.662379,104.02268,True
47290,1,9532,30.71108,104.072234,9672,30.711104,104.072261,True
47296,1,9532,30.66543,104.067664,10364,30.662553,104.034481,True
47300,1,9533,30.713495,103.987446,13072,30.643009,104.139566,True
47309,1,9534,30.695361,104.069788,9899,30.68519,104.0753,True
47312,1,9534,30.676829,104.094519,10066,30.658598,104.067624,True
47317,1,9534,30.683879,104.091662,10172,30.670764,104.066279,True
47322,1,9535,30.679396,104.081192,10520,30.683071,104.031285,True
47339,1,9537,30.647878,104.023372,10108,30.658398,104.001125,True
47341,1,9537,30.617534,104.121354,11442,30.702678,104.0729,True
47353,1,9540,30.67569,104.086247,10034,30.705222,104.103546,True
47362,1,9541,30.666729,104.052057,10409,30.681887,104.084288,True
47365,1,9542,30.676206,104.079744,11084,30.631898,104.03067,True
47370,1,9542,30.635743,104.05295,9824,30.633007,104.066425,True
47371,1,9542,30.650011,104.078341,10077,30.686493,104.105835,True
47397,1,9545,30.650932,104.119243,10965,30.666267,104.081599,True
47408,1,9547,30.639462,104.019923,10937,30.639153,104.082347,True
47419,1,9548,30.648915,104.098264,10321,30.669649,104.12507,True
47424,1,9549,30.655451,104.088991,9733,30.662289,104.09257,True
47428,1,9549,30.663051,104.060569,10331,30.650745,104.070117,True
47430,1,9549,30.680006,104.053736,10415,30.632644,104.066439,True
47435,1,9550,30.601576,104.124694,10361,30.636392,104.128112,True
47438,1,9550,30.708312,104.05121,33906,30.694243,104.085101,True
47444,1,9550,30.694482,104.077718,10280,30.670432,104.123289,True
47446,1,9551,30.654949,104.080365,10217,30.637496,104.067602,True
47453,1,9552,30.64613,104.039755,10379,30.663287,104.014661,True
47466,1,9553,30.675462,104.052455,10665,30.658421,104.077045,True
47468,1,9553,30.652923,104.051916,10353,30.688101,104.075718,True
47477,1,9554,30.635056,104.056135,9718,30.635797,104.049997,True
47483,1,9554,30.703373,104.049608,10360,30.670451,104.062814,True
47484,1,9554,30.696217,104.014016,10205,30.717577,103.998326,True
47488,1,9555,30.702046,104.051334,9585,30.703676,104.054265,True
47493,1,9555,30.649331,104.069318,9925,30.665867,104.068726,True
47497,1,9556,30.694169,104.018752,10348,30.664952,104.008505,True
47500,1,9557,30.667101,104.104578,10719,30.634818,104.052649,True
47501,1,9557,30.662429,104.047943,10148,30.658938,104.073634,True
47507,1,9557,30.634525,104.060778,10946,30.650971,104.036799,True
47523,1,9558,30.641325,104.041579,10603,30.616513,104.07877,True
47537,1,9560,30.666046,104.056003,9989,30.644443,104.049386,True
47540,1,9560,30.633457,104.098932,10584,30.664589,104.163399,True
47541,1,9560,30.71146,104.094381,10098,30.678808,104.096697,True
47555,1,9563,30.666966,103.989454,10023,30.704701,104.005513,True
47558,1,9564,30.632865,104.034632,10251,30.633357,103.992183,True
47563,1,9565,30.667321,104.058932,9982,30.66305,104.074131,True
47575,1,9566,30.70169,104.066529,11066,30.662625,104.029201,True
47593,1,9569,30.646083,104.115913,10714,30.645359,104.058403,True
47596,1,9569,30.66617,104.124341,10277,30.688223,104.158429,True
47604,1,9569,30.633624,104.070045,10026,30.63564,104.053162,True
47605,1,9570,30.677511,104.027221,10076,30.675046,103.995058,True
47608,1,9570,30.621916,104.053878,9742,30.630845,104.050456,True
47609,1,9570,30.662385,104.048275,10516,30.662631,104.01642,True
47613,1,9570,30.629486,104.059224,9689,30.633298,104.061652,True
47623,1,9572,30.682717,104.045643,9946,30.694547,104.047376,True
47629,1,9573,30.695897,104.030653,10412,30.694322,104.074684,True
47632,1,9573,30.701327,104.103378,10472,30.674794,104.059363,True
47636,1,9574,30.608467,104.080062,10188,30.616194,104.030091,True
47650,1,9576,30.650384,104.076864,9911,30.637021,104.082798,True
47655,1,9576,30.646876,104.091093,10300,30.671702,104.082755,True
47657,1,9576,30.705296,104.011015,10025,30.718117,104.03196,True
47660,1,9577,30.663651,104.07699,10261,30.670641,104.108844,True
47666,1,9577,30.684892,104.115378,10593,30.644408,104.075023,True
47673,1,9578,30.662146,104.086829,11901,30.709546,104.113982,True
47674,1,9578,30.639306,104.088787,10213,30.645333,104.076469,True
47676,1,9578,30.652024,104.013229,10548,30.64446,104.074666,True
47677,1,9579,30.674294,104.060236,10149,30.655132,104.065782,True
47678,1,9579,30.658812,104.07466,9876,30.652817,104.06877,True
47685,1,9580,30.609162,104.067413,10302,30.637013,104.095558,True
47692,1,9581,30.63031,104.028727,10069,30.612561,104.006223,True
47696,1,9582,30.645685,104.024953,10511,30.658301,104.075251,True
47698,1,9582,30.674136,104.011633,10400,30.672998,104.058178,True
47700,1,9583,30.667422,104.051117,9923,30.675533,104.059867,True
47705,1,9583,30.670001,104.066091,9738,30.667079,104.064693,True
47707,1,9583,30.676856,103.990993,10260,30.662388,104.016393,True
47710,1,9584,30.628214,104.066795,9941,30.642772,104.075336,True
47726,1,9586,30.613266,104.092071,10045,30.619566,104.11511,True
47728,1,9587,30.67603,103.996633,10175,30.685008,104.028081,True
47732,1,9587,30.662182,104.112995,10110,30.668997,104.139501,True
47742,1,9588,30.637454,104.084183,11119,30.61516,104.062655,True
47747,1,9589,30.65561,104.080693,9591,30.664119,104.085935,True
47750,1,9590,30.632086,104.044724,10204,30.616651,104.081366,True
47754,1,9590,30.655716,104.121195,9602,30.673287,104.110906,True
47761,1,9592,30.693323,104.033923,44278,30.696029,104.025854,True
47766,1,9592,30.661835,104.050166,10218,30.655877,104.079951,True
47780,1,9594,30.679129,104.020409,10067,30.674985,104.002607,True
47787,1,9595,30.688471,104.011447,9998,30.696083,104.025478,True
47792,1,9596,30.649691,104.02872,10138,30.645637,104.056952,True
47797,1,9596,30.66587,104.082668,10182,30.670003,104.053076,True
47805,1,9597,30.623146,104.093119,10505,30.648651,104.055037,True
47807,1,9598,30.640066,104.066505,9875,30.642923,104.080078,True
47809,1,9598,30.623217,104.076935,10018,30.614454,104.07213,True
47818,1,9600,30.687687,104.051439,9837,30.692225,104.041858,True
47825,1,9601,30.665636,104.026789,10063,30.658087,104.059479,True
47850,1,9604,30.685532,104.052129,9672,30.689894,104.051268,True
47857,1,9606,30.681424,104.038525,10962,30.651269,104.002876,True
47861,1,9607,30.705117,104.011269,10012,30.717892,104.032209,True
47863,1,9607,30.669611,104.003975,10279,30.647546,104.021871,True
47869,1,9607,30.704287,104.103711,10471,30.694945,104.05882,True
47871,1,9607,30.657604,104.090937,9940,30.672426,104.084758,True
47872,1,9607,30.638467,104.073189,10083,30.653774,104.054857,True
47878,1,9608,30.666432,104.068885,9935,30.651451,104.070395,True
47893,1,9609,30.66762,104.05618,10035,30.666346,104.073382,True
47897,1,9610,30.608517,104.066233,9907,30.602246,104.069906,True
47917,1,9613,30.655502,104.066375,10177,30.625266,104.074256,True
47927,1,9614,30.619629,104.057462,9862,30.614536,104.066989,True
47934,1,9614,30.637356,104.070276,10118,30.662173,104.086358,True
47956,1,9617,30.700712,104.024618,10449,30.658511,104.07735,True
47959,1,9617,30.600815,104.034041,10447,30.625088,104.069792,True
47962,1,9618,30.640192,104.089228,9987,30.650149,104.083268,True
47979,1,9620,30.636953,104.147898,10614,30.657778,104.088966,True
47980,1,9620,30.636686,104.083051,10585,30.664586,104.163549,True
47981,1,9620,30.644289,104.035803,10287,30.641319,104.061934,True
47993,1,9621,30.664745,104.080039,9993,30.64424,104.074976,True
47997,1,9621,30.674164,104.069293,10196,30.688372,104.032376,True
48002,1,9622,30.623854,104.078802,9864,30.633538,104.068681,True
48009,1,9623,30.635245,104.058847,10054,30.626754,104.076434,True
48016,1,9624,30.603647,104.126873,10256,30.625698,104.101267,True
48020,1,9624,30.641455,104.062075,10299,30.640402,104.083179,True
48036,1,9626,30.695664,104.072705,10867,30.70451,104.048683,True
48037,1,9627,30.620665,104.054207,10594,30.663286,104.076582,True
48039,1,9627,30.662501,104.028507,10300,30.645019,104.074984,True
48047,1,9627,30.683877,104.043141,10352,30.63818,104.044082,True
48050,1,9627,30.643577,104.060992,10290,30.644433,104.035385,True
48070,1,9631,30.698441,104.04713,9732,30.701631,104.044818,True
48071,1,9631,30.653891,104.060354,10244,30.67093,104.068827,True
48073,1,9631,30.670012,104.000281,10001,30.661467,104.014504,True
48075,1,9631,30.657234,104.110467,10389,30.684507,104.121762,True
48079,1,9632,30.667865,104.056216,10379,30.664579,104.03689,True
48103,1,9635,30.700602,104.091271,10535,30.692225,104.057231,True
48112,1,9636,30.711202,104.035781,9803,30.717854,104.032208,True
48113,1,9636,30.636445,104.093461,9810,30.639744,104.087229,True
48118,1,9637,30.624951,104.070366,10176,30.638512,104.095098,True
48121,1,9637,30.695541,104.072696,10778,30.681098,104.093863,True
48123,1,9637,30.66196,103.992918,10059,30.681066,103.990088,True
48135,1,9638,30.689401,104.144553,9690,30.685548,104.149652,True
48139,1,9639,30.657361,104.103069,10606,30.640513,104.058148,True
48142,1,9640,30.660636,104.07949,9907,30.654983,104.070584,True
48145,1,9640,30.629784,104.153589,10000,30.627483,104.141669,True
48148,1,9640,30.68032,104.121522,10628,30.644706,104.083678,True
48153,1,9641,30.687097,104.090513,10382,30.667917,104.120059,True
48156,1,9641,30.64873,104.098501,10202,30.655814,104.072269,True
48162,1,9642,30.623778,104.076401,11166,30.6959,104.072954,True
48178,1,9644,30.64606,104.118791,10800,30.665608,104.078022,True
48182,1,9644,30.638514,104.094956,10254,30.639411,104.053444,True
48184,1,9644,30.686475,104.105809,10668,30.61954,104.076501,True
48185,1,9644,30.633564,104.148021,9907,30.628508,104.163981,True
48191,1,9645,30.698668,104.011028,9983,30.694394,104.023944,True
48192,1,9645,30.637514,104.150537,10741,30.62459,104.076641,True
48197,1,9645,30.626908,104.062245,9956,30.616203,104.067994,True
48202,1,9646,30.641674,104.078003,10398,30.632623,104.117449,True
48204,1,9646,30.678417,104.048044,10021,30.670523,104.036198,True
48205,1,9646,30.649644,104.090518,10390,30.631277,104.117799,True
48217,1,9647,30.683273,104.104528,10427,30.652136,104.086679,True
48222,1,9647,30.703445,104.091913,10987,30.654748,104.068292,True
48223,1,9647,30.71189,104.067132,10766,30.682896,104.083622,True
48224,1,9648,30.711817,104.036808,9654,30.718301,104.031702,True
48225,1,9648,30.622048,104.077027,9785,30.633074,104.07605,True
48235,1,9649,30.660085,104.004842,9974,30.673623,104.013771,True
48240,1,9650,30.661564,104.106306,10508,30.654961,104.080242,True
48243,1,9650,30.671736,104.048183,10389,30.672139,104.083213,True
48251,1,9652,30.659977,104.08342,10637,30.622304,104.036952,True
48255,1,9653,30.650134,104.101924,9900,30.639519,104.096324,True
48257,1,9653,30.678371,104.023237,10007,30.688916,104.025046,True
48259,1,9654,30.704976,104.081745,9762,30.709209,104.080718,True
48268,1,9655,30.625438,104.066844,10180,30.640574,104.08596,True
48275,1,9655,30.697945,103.981673,9686,30.695641,103.980604,True
48280,1,9656,30.67046,104.056651,9990,30.644932,104.058764,True
48287,1,9656,30.629555,104.06118,10645,30.658693,104.074317,True
48294,1,9657,30.686493,104.04118,9863,30.682629,104.030934,True
48310,1,9659,30.661304,104.077542,10462,30.636204,104.127868,True
48313,1,9659,30.621414,103.988635,11171,30.636967,104.082971,True
48315,1,9660,30.678351,104.042786,9977,30.662714,104.033217,True
48316,1,9660,30.695572,104.071623,11053,30.704586,104.014218,True
48319,1,9661,30.653035,104.109877,10686,30.715024,104.093856,True
48332,1,9663,30.67966,104.018307,10813,30.65595,104.078605,True
48340,1,9665,30.641241,104.083776,10479,30.629666,104.142878,True
48341,1,9665,30.695558,104.072764,10961,30.713002,104.041138,True
48348,1,9665,30.689832,104.051804,10322,30.690117,104.073538,True
48358,1,9667,30.649598,104.02671,11029,30.667826,104.002622,True
48359,1,9667,30.686639,104.035382,10022,30.69115,104.049048,True
48366,1,9668,30.628429,104.048376,10494,30.61955,104.076836,True
48373,1,9670,30.6166,104.040609,10415,30.635735,104.01071,True
48376,1,9670,30.630448,104.044432,10478,30.63046,104.076664,True
48381,1,9671,30.639285,104.075755,10227,30.651716,104.070081,True
48387,1,9672,30.627157,104.143732,10985,30.661455,104.084241,True
48401,1,9673,30.644984,104.081496,10248,30.635915,104.088529,True
48404,1,9674,30.654928,104.070773,10197,30.674174,104.08546,True
48405,1,9674,30.659351,104.075687,10023,30.662025,104.054815,True
48406,1,9674,30.705905,104.010649,10003,30.709429,103.996054,True
48412,1,9675,30.662746,104.096484,10599,30.645292,104.073172,True
48413,1,9675,30.652209,104.11205,11426,30.717562,104.044208,True
48419,1,9676,30.659868,104.091296,10724,30.649558,104.143925,True
48425,1,9677,30.659565,104.057194,10387,30.644434,104.074667,True
48427,1,9677,30.656168,104.12175,10547,30.657587,104.079733,True
48430,1,9677,30.636207,104.091337,9810,30.635905,104.080868,True
48436,1,9678,30.667116,104.068665,9906,30.662466,104.080368,True
48449,1,9679,30.695672,104.072807,10464,30.68606,104.060838,True
48454,1,9679,30.630098,104.153109,10973,30.664256,104.077141,True
48494,1,9684,30.65211,104.012934,10595,30.663348,104.040807,True
48516,1,9686,30.647611,104.065953,10056,30.644449,104.049547,True
48520,1,9686,30.670865,104.109033,10570,30.607774,104.098647,True
48525,1,9687,30.712331,104.042623,10104,30.704589,104.014161,True
48529,1,9687,30.66838,104.060299,10962,30.719877,104.015474,True
48531,1,9687,30.609908,104.081199,10705,30.641075,104.051126,True
48538,1,9688,30.602645,104.04959,10294,30.631247,104.045482,True
48550,1,9691,30.674719,104.01858,10260,30.684935,104.041835,True
48552,1,9691,30.681092,104.11392,10494,30.650522,104.076593,True
48553,1,9691,30.673047,104.125249,11007,30.690414,104.073539,True
48555,1,9692,30.664947,104.105287,10080,30.673402,104.126552,True
48558,1,9692,30.607298,104.117231,10690,30.629248,104.076552,True
48560,1,9692,30.690923,104.073274,10400,30.671683,104.069908,True
48564,1,9693,30.656927,104.100233,11877,30.704717,104.014094,True
48565,1,9693,30.715004,104.04673,10933,30.671295,104.017347,True
48566,1,9693,30.677502,104.08355,9789,30.677499,104.083622,True
48568,1,9693,30.655561,104.071867,10038,30.669616,104.069284,True
48572,1,9694,30.604601,104.077613,11143,30.695299,104.066411,True
48585,1,9696,30.626237,104.076679,10968,30.668979,104.048562,True
48592,1,9697,30.619061,104.053121,10142,30.639731,104.066585,True
48595,1,9697,30.716723,104.032854,10588,30.704056,104.082419,True
48597,1,9697,30.659708,104.056088,9968,30.670947,104.056763,True
48599,1,9697,30.627726,104.026826,9704,30.626852,104.026647,True
48600,1,9697,30.648492,104.109974,10576,30.701688,104.095489,True
48605,1,9698,30.683229,104.004912,9945,30.680312,104.01593,True
48609,1,9698,30.635841,104.083741,10541,30.632655,104.034339,True
48613,1,9699,30.665324,104.007977,10224,30.676682,103.986133,True
48614,1,9699,30.679765,104.072081,10428,30.650676,104.063131,True
48621,1,9700,30.633784,104.015782,11342,30.646144,104.103732,True
48627,1,9700,30.671792,104.067527,10237,30.69489,104.073433,True
48629,1,9701,30.618859,104.057524,10019,30.622198,104.067193,True
48639,1,9703,30.658994,104.060633,9908,30.656462,104.073945,True
48647,1,9704,30.672327,104.058956,10026,30.677524,104.059999,True
48650,1,9704,30.695245,104.069702,10388,30.682117,104.084777,True
48656,1,9705,30.658612,104.093108,9962,30.665966,104.100614,True
48664,1,9706,30.671406,104.075242,10155,30.65528,104.072659,True
48670,1,9707,30.661936,104.081255,9841,30.659907,104.07865,True
48682,1,9708,30.66525,104.106234,10232,30.663398,104.08803,True
48683,1,9708,30.688202,104.020642,10966,30.677798,104.076236,True
48685,1,9709,30.694399,104.074656,10477,30.6819,104.084353,True
48686,1,9709,30.608572,104.062749,10638,30.637691,104.021269,True
48690,1,9710,30.711578,104.000594,11262,30.680926,104.085831,True
48694,1,9710,30.677187,104.072729,10249,30.656392,104.067982,True
48701,1,9711,30.671179,104.051868,10389,30.670945,104.01784,True
48703,1,9711,30.657323,104.124398,10093,30.669839,104.111213,True
48706,1,9712,30.650558,104.109395,9751,30.651839,104.110288,True
48713,1,9712,30.642687,104.043217,10746,30.675309,104.07073,True
48718,1,9713,30.680558,104.095018,10205,30.686492,104.073421,True
48726,1,9714,30.650911,104.036069,10620,30.669747,104.081017,True
48727,1,9715,30.656519,104.037738,10035,30.663305,104.040608,True
48729,1,9715,30.667932,104.099574,10695,30.695964,104.07302,True
48742,1,9717,30.620045,104.114078,10270,30.636172,104.127256,True
48743,1,9717,30.668226,104.073168,10036,30.662513,104.087381,True
48750,1,9718,30.637873,104.026904,9930,30.633628,104.028096,True
48751,1,9718,30.651339,104.055028,11039,30.696077,104.072977,True
48753,1,9718,30.708667,104.019511,10434,30.664879,104.007917,True
48755,1,9719,30.666964,104.039446,10232,30.667248,103.997861,True
48757,1,9719,30.617683,104.045988,12737,30.695772,104.072985,True
48760,1,9720,30.637211,104.009007,10797,30.658651,104.055761,True
48766,1,9720,30.630357,104.144248,10459,30.622592,104.106999,True
48770,1,9721,30.6628,104.015249,10097,30.646284,104.021953,True
48771,1,9721,30.676574,104.086804,10582,30.636043,104.127738,True
48772,1,9721,30.649598,104.037255,10677,30.679042,104.069347,True
48773,1,9721,30.644558,104.139741,10526,30.65898,104.08292,True
48780,1,9722,30.646382,104.059855,9928,30.642793,104.073035,True
48782,1,9722,30.646868,104.094087,10598,30.705236,104.103559,True
48791,1,9724,30.608768,104.066641,9845,30.673585,103.989631,True
48801,1,9725,30.674986,104.122842,10054,30.686516,104.119145,True
48807,1,9725,30.616768,104.082833,10826,30.653213,104.069633,True
48816,1,9727,30.695559,104.07275,11375,30.672562,104.138142,True
48824,1,9728,30.672236,104.052399,9959,30.665846,104.063883,True
48828,1,9728,30.695343,104.030825,10441,30.657389,104.067592,True
48845,1,9730,30.623855,104.093326,10186,30.602866,104.098886,True
48864,1,9733,30.660725,104.091889,10338,30.680479,104.114407,True
48870,1,9734,30.611708,104.062199,10520,30.658469,104.077046,True
48873,1,9734,30.647716,104.033273,10390,30.694992,104.026908,True
48889,1,9736,30.637219,104.041089,10471,30.642364,104.075551,True
48890,1,9736,30.66886,104.055466,10242,30.67389,104.029698,True
48891,1,9736,30.644385,103.983425,11247,30.669975,104.053383,True
48892,1,9736,30.636953,104.093988,11153,30.637338,104.027401,True
48910,1,9737,30.695536,104.072684,10735,30.677521,104.083664,True
48915,1,9738,30.62534,104.07657,10939,30.677651,104.070927,True
48923,1,9739,30.660574,104.110755,11439,30.644609,104.063644,True
48925,1,9739,30.675756,104.050801,10156,30.683186,104.063025,True
48927,1,9740,30.660536,104.102337,10573,30.626777,104.14317,True
48928,1,9740,30.666917,104.062264,15859,30.695905,104.07297,True
48939,1,9741,30.631841,104.03048,10541,30.630633,103.993991,True
48942,1,9742,30.627978,104.097556,10028,30.639583,104.098149,True
48949,1,9742,30.663257,104.088165,10674,30.639475,104.055006,True
48953,1,9743,30.694305,104.066167,11796,30.628569,104.139173,True
48958,1,9743,30.632053,104.030843,10424,30.649291,104.059219,True
48966,1,9744,30.624869,104.059084,10874,30.693925,104.054924,True
48967,1,9744,30.646034,104.077707,10191,30.656976,104.071258,True
48995,1,9748,30.634259,104.037742,9936,30.649918,104.032473,True
48996,1,9748,30.685161,104.023764,10712,30.645038,104.062858,True
49001,1,9748,30.662323,104.134044,9953,30.66167,104.126305,True
49003,1,9749,30.639036,104.089457,10299,30.65906,104.076687,True
49015,1,9750,30.639052,104.064576,10083,30.642754,104.073153,True
49026,1,9751,30.639785,104.004827,13557,30.646202,104.106897,True
49038,1,9753,30.62454,104.07665,11205,30.69592,104.072929,True
49049,1,9754,30.60029,103.98261,11026,30.64681,104.022599,True
49050,1,9755,30.663622,103.991394,10642,30.666941,104.040731,True
49061,1,9756,30.619989,104.016866,11680,30.702709,104.0727,True
49062,1,9756,30.671714,104.069955,10338,30.644358,104.074992,True
49064,1,9757,30.672913,104.110447,10532,30.690057,104.073319,True
49066,1,9757,30.686132,104.089399,10173,30.66918,104.080637,True
49069,1,9757,30.640453,104.019986,10355,30.626534,104.047351,True
49073,1,9758,30.624388,104.050255,10125,30.635537,104.039334,True
49076,1,9759,30.667954,104.099804,10296,30.684818,104.10838,True
49114,1,9763,30.665759,104.100254,10782,30.665754,104.04171,True
49117,1,9763,30.66974,104.057608,10558,30.705956,104.045578,True
49120,1,9763,30.645199,104.018522,10192,30.650501,103.999355,True
49122,1,9764,30.631425,104.146675,9989,30.639041,104.143764,True
49131,1,9765,30.683571,104.087629,10230,30.672347,104.076622,True
49139,1,9765,30.636727,104.053633,10835,30.695244,104.066444,True
49141,1,9766,30.626581,104.051365,10070,30.622088,104.053825,True
49145,1,9766,30.648187,104.075701,10196,30.658644,104.069008,True
49149,1,9767,30.608171,104.081092,10135,30.631207,104.091762,True
49158,1,9768,30.643254,104.049025,10961,30.682149,104.085084,True
49161,1,9769,30.625683,104.100804,10897,30.626453,104.144146,True
49173,1,9770,30.703204,104.043362,10453,30.680725,104.032557,True
49177,1,9770,30.64738,104.041299,10028,30.665545,104.041443,True
49179,1,9771,30.631614,104.076221,9975,30.610218,104.077185,True
49185,1,9772,30.680138,104.095254,11259,30.633854,104.033163,True
49194,1,9773,30.650882,104.124832,29225,30.651014,104.122044,True
49201,1,9774,30.699253,104.112185,10385,30.670189,104.098907,True
49204,1,9775,30.616443,104.040557,10176,30.623979,104.032189,True
49206,1,9775,30.700585,104.090106,10516,30.674194,104.111928,True
49211,1,9776,30.678981,104.069405,10225,30.67168,104.075533,True
49232,1,9779,30.710316,104.048107,10472,30.703904,104.082464,True
49236,1,9780,30.695443,104.069868,9794,30.695432,104.069836,True
49239,1,9780,30.666262,104.081655,9874,30.660614,104.081351,True
49241,1,9780,30.673041,104.066745,9826,30.673043,104.066745,True
49246,1,9782,30.646773,104.118812,10582,30.635552,104.090657,True
49250,1,9782,30.680702,104.121884,10278,30.67071,104.090507,True
49251,1,9783,30.63976,104.118008,10516,30.622271,104.096097,True
49252,1,9783,30.662248,104.034995,10592,30.638651,104.056301,True
49265,1,9785,30.642114,104.091158,10346,30.619651,104.076633,True
49266,1,9786,30.617201,104.057579,10492,30.609569,104.044892,True
49271,1,9786,30.672753,104.076101,10524,30.680225,104.033348,True
49272,1,9787,30.665902,104.108634,10296,30.64207,104.104076,True
49275,1,9787,30.7162,104.045701,10448,30.704416,104.013662,True
49283,1,9788,30.661298,104.002081,10833,30.67505,104.059577,True
49297,1,9789,30.707862,104.098669,10354,30.702838,104.072461,True
49300,1,9790,30.691238,104.016124,11885,30.694511,104.062638,True
49306,1,9790,30.653786,104.054651,10591,30.685423,104.069721,True
49307,1,9790,30.624752,104.095827,10219,30.634053,104.076926,True
49309,1,9791,30.629444,104.055614,10549,30.652093,104.015966,True
49312,1,9791,30.664856,104.136452,10520,30.69941,104.097929,True
49313,1,9791,30.707282,104.091785,13775,30.705024,104.091379,True
49319,1,9791,30.7179,103.982799,12351,30.6444,104.074977,True
49320,1,9791,30.702695,104.05671,11410,30.624227,104.076694,True
49322,1,9792,30.695243,104.069724,10751,30.717815,104.032193,True
49329,1,9792,30.672737,104.124847,11160,30.677848,104.057446,True
49333,1,9793,30.673659,104.050512,10295,30.659949,104.083575,True
49337,1,9794,30.665586,104.090934,10429,30.684347,104.079195,True
49345,1,9795,30.672032,104.135983,11508,30.674366,104.033351,True
49354,1,9795,30.66131,104.091972,10505,30.644204,104.058358,True
49360,1,9796,30.608169,104.081946,10670,30.626592,104.042758,True
49372,1,9798,30.701946,104.091962,11015,30.649976,104.083525,True
49373,1,9798,30.6338,104.038142,10201,30.637272,104.014785,True
49374,1,9798,30.605874,104.038391,10169,30.61266,104.01305,True
49377,1,9798,30.674304,104.054787,11006,30.60285,104.062655,True
49385,1,9800,30.650934,104.119931,10911,30.659148,104.076328,True
49388,1,9800,30.611064,104.143805,10436,30.636556,104.127915,True
49396,1,9801,30.674688,104.033526,10403,30.674681,104.059348,True
49402,1,9802,30.715419,104.111402,10915,30.685094,104.092422,True
49404,1,9802,30.696896,104.028462,10289,30.670208,104.038371,True
49407,1,9803,30.715121,104.098871,10780,30.694687,104.076005,True
49408,1,9803,30.709585,103.99228,11172,30.647769,104.056129,True
49412,1,9803,30.693311,104.037593,10166,30.701896,104.044606,True
49420,1,9804,30.706025,104.080241,11405,30.690328,104.039908,True
49429,1,9805,30.704613,104.103734,10160,30.683077,104.104413,True
49431,1,9805,30.669176,104.065722,10824,30.704663,104.014314,True
49434,1,9806,30.695497,104.072751,10760,30.679498,104.046787,True
49436,1,9806,30.675732,104.000678,11272,30.682815,104.083665,True
49439,1,9806,30.648818,104.156197,9901,30.649919,104.147191,True
49440,1,9806,30.67478,104.061263,10704,30.662371,104.021113,True
49447,1,9808,30.637323,104.057094,10283,30.633552,104.039339,True
49452,1,9808,30.691231,104.090678,13254,30.69595,104.072971,True
49455,1,9808,30.62964,104.062094,10587,30.634291,104.098675,True
49458,1,9809,30.708717,103.994655,10091,30.694176,104.012245,True
49461,1,9809,30.622925,104.006696,10595,30.616208,104.067869,True
49487,1,9813,30.678394,104.07192,10839,30.644416,104.049353,True
49496,1,9813,30.621693,104.04415,10416,30.639031,104.089222,True
49497,1,9813,30.662275,104.040688,10421,30.640434,104.028267,True
49501,1,9814,30.705733,104.098433,11469,30.653473,104.079353,True
49504,1,9814,30.670882,104.101488,10700,30.65533,104.080583,True
49510,1,9815,30.633855,104.099752,10882,30.624164,104.033114,True
49516,1,9815,30.681902,104.07488,10008,30.684605,104.076885,True
49533,1,9817,30.683285,104.091225,10113,30.679042,104.09864,True
49536,1,9817,30.670689,104.114166,10492,30.712264,104.10272,True
49538,1,9817,30.625203,104.074078,10505,30.637968,104.044099,True
49549,1,9818,30.682644,104.010277,10053,30.688757,104.019767,True
49555,1,9819,30.679095,104.120854,10883,30.69462,104.076639,True
49559,1,9819,30.672323,104.123903,10237,30.653267,104.110724,True
49564,1,9820,30.649812,104.076416,10355,30.654929,104.104807,True
49567,1,9821,30.63195,104.14786,11200,30.629593,104.075027,True
49569,1,9821,30.677205,104.072713,10849,30.718142,104.031949,True
49577,1,9822,30.692693,104.087514,10403,30.661944,104.105178,True
49602,1,9826,30.636985,104.072651,10004,30.636016,104.080599,True
49605,1,9826,30.649881,104.062447,10745,30.690225,104.014814,True
49613,1,9826,30.681988,104.044854,9926,30.676513,104.041223,True
49614,1,9827,30.644103,104.083367,10065,30.636834,104.082476,True
49634,1,9830,30.669789,104.068276,10919,30.704649,104.014386,True
49638,1,9831,30.615122,104.092911,11428,30.694554,104.135114,True
49658,1,9833,30.610698,104.069927,10788,30.653259,104.036146,True
49664,1,9834,30.655566,104.07201,10050,30.663664,104.07143,True
49667,1,9834,30.695522,104.072702,11291,30.701796,104.057406,True
49672,1,9835,30.632395,104.054643,10176,30.625527,104.060764,True
49678,1,9836,30.625004,104.080756,10112,30.608731,104.080591,True
49696,1,9838,30.628241,104.048201,10077,30.620532,104.055808,True
49697,1,9838,30.702755,104.0737,11426,30.668127,104.07743,True
49699,1,9838,30.669639,104.103292,10101,30.678817,104.110562,True
49702,1,9838,30.66178,104.040733,10348,30.672908,104.026339,True
49705,1,9839,30.708305,104.036665,11282,30.66688,104.033816,True
49709,1,9840,30.681479,104.038707,10827,30.65563,104.084126,True
49715,1,9841,30.663361,104.097025,10561,30.662282,104.092461,True
49718,1,9841,30.658549,104.069254,10284,30.663018,104.056136,True
49721,1,9841,30.663725,104.105836,10165,30.67218,104.123993,True
49724,1,9842,30.684962,104.094239,10932,30.69372,104.069724,True
49725,1,9842,30.663437,104.08771,10427,30.643014,104.104776,True
49727,1,9842,30.653083,104.060032,11079,30.63019,104.142179,True
49734,1,9842,30.644589,104.139703,10314,30.624884,104.157657,True
49738,1,9843,30.62578,104.058152,10727,30.66011,104.073659,True
49746,1,9844,30.652231,104.040989,10849,30.623709,104.093284,True
49753,1,9845,30.668926,104.102675,10402,30.64791,104.088613,True
49761,1,9846,30.649092,104.059803,10063,30.646125,104.053245,True
49763,1,9846,30.700201,104.04188,11144,30.695908,104.072946,True
49768,1,9846,30.671091,104.061505,10068,30.656883,104.060847,True
49779,1,9848,30.651987,104.112487,10490,30.636666,104.086451,True
49781,1,9849,30.643357,104.026997,10977,30.656376,104.066942,True
49797,1,9851,30.67442,104.083246,10664,30.671049,104.114731,True
49798,1,9852,30.664234,104.060587,10400,30.682958,104.031896,True
49799,1,9852,30.664181,104.090123,10380,30.681124,104.077001,True
49801,1,9852,30.690461,104.017482,10590,30.717182,103.980741,True
49808,1,9853,30.662693,104.089321,10638,30.666881,104.039576,True
49813,1,9853,30.685531,104.056997,10634,30.70477,104.014736,True
49821,1,9853,30.667935,103.990264,11353,30.660129,104.071371,True
49826,1,9854,30.651025,104.115536,10309,30.673498,104.110691,True
49827,1,9854,30.653234,104.055625,10092,30.655716,104.065726,True
49830,1,9854,30.678226,104.070008,9922,30.675687,104.070175,True
49840,1,9856,30.657627,104.092399,10061,30.648569,104.087118,True
49844,1,9856,30.667333,104.045421,10273,30.678551,104.047696,True
49845,1,9856,30.679648,104.018374,10001,30.679927,104.025562,True
49854,1,9858,30.638658,104.086742,10390,30.621315,104.098091,True
49860,1,9858,30.657634,104.079776,10766,30.658377,104.029237,True
49865,1,9859,30.633536,104.015288,10337,30.63329,103.987363,True
49870,1,9860,30.692543,104.025066,11175,30.688217,104.069675,True
49884,1,9863,30.664822,104.012137,10920,30.710784,103.98344,True
49890,1,9863,30.611589,104.09466,10752,30.62871,104.138327,True
49892,1,9864,30.615648,104.04517,11194,30.628596,104.139453,True
49895,1,9864,30.674117,104.069214,11244,30.667741,104.120365,True
49904,1,9865,30.678531,104.096323,10308,30.661046,104.086536,True
49908,1,9866,30.636678,104.030046,10862,30.673793,104.058816,True
49910,1,9866,30.6252,104.054146,10212,30.6252,104.070812,True
49911,1,9866,30.661737,104.084613,10729,30.669723,104.059674,True
49927,1,9869,30.646806,104.094217,10415,30.671914,104.096847,True
49929,1,9870,30.654726,104.073895,10245,30.657236,104.07998,True
49931,1,9870,30.632179,104.06647,10544,30.65007,104.041026,True
49935,1,9871,30.608751,104.063984,10027,30.60037,104.058528,True
49939,1,9871,30.638985,104.139621,11222,30.619115,104.042999,True
49940,1,9871,30.682272,104.091517,10698,30.653223,104.066618,True
49946,1,9872,30.639001,104.066253,10310,30.633142,104.05479,True
49948,1,9872,30.689269,104.107496,10717,30.702777,104.073107,True
49951,1,9872,30.667907,103.99288,10880,30.681553,104.029868,True
49954,1,9872,30.642656,104.08532,10370,30.658761,104.055752,True
49955,1,9872,30.646704,104.094174,10228,30.658668,104.077591,True
49958,1,9873,30.644476,104.015847,11376,30.679187,104.072921,True
49964,1,9873,30.648131,104.116657,10503,30.629338,104.153649,True
49969,1,9874,30.675634,104.070318,10228,30.676403,104.086843,True
49971,1,9874,30.658214,104.119101,10677,30.705205,104.103521,True
49978,1,9874,30.654038,104.115281,11090,30.61024,104.067309,True
49989,1,9875,30.682094,104.085181,11434,30.651618,104.041489,True
49997,1,9876,30.636673,104.138017,10361,30.614289,104.130316,True
49998,1,9876,30.651847,104.041056,10502,30.658485,104.065389,True
50002,1,9876,30.655231,104.060794,9984,30.658391,104.060334,True
50008,1,9877,30.658412,104.115036,10478,30.658612,104.080518,True
50013,1,9878,30.69691,104.028472,10912,30.689706,104.088016,True
50019,1,9879,30.680286,104.087972,9889,30.680517,104.087579,True
50025,1,9879,30.618945,104.140837,10675,30.619481,104.119685,True
50026,1,9879,30.690911,104.085484,10794,30.719784,104.080116,True
50034,1,9880,30.691024,104.090992,10277,30.694726,104.078574,True
50036,1,9880,30.654031,104.07811,11145,30.646199,104.041025,True
50057,1,9881,30.652458,104.018193,11253,30.695651,104.07336,True
50065,1,9882,30.662424,104.026615,10518,30.670708,103.991265,True
50069,1,9883,30.681306,104.023107,10854,30.671049,104.056871,True
50074,1,9883,30.608484,104.072329,10608,30.636121,104.127596,True
50076,1,9883,30.65547,104.080532,10638,30.636196,104.048938,True
50089,1,9885,30.696592,104.016513,11529,30.650277,104.109345,True
50103,1,9888,30.705705,104.103845,10861,30.644503,104.074572,True
50121,1,9890,30.643447,104.062321,11557,30.654293,104.114657,True
50123,1,9890,30.683899,104.049677,11782,30.609091,104.026276,True
50126,1,9891,30.690232,104.05403,11150,30.654666,104.080184,True
50130,1,9891,30.623751,104.10405,10757,30.641212,104.061975,True
50131,1,9891,30.695605,104.072834,11072,30.702683,104.072406,True
50136,1,9891,30.68321,104.117421,10356,30.677771,104.095589,True
50137,1,9892,30.656323,104.103072,10488,30.634192,104.076309,True
50142,1,9892,30.655001,104.04338,11220,30.683671,104.027098,True
50156,1,9893,30.672996,104.076697,10193,30.688953,104.080833,True
50157,1,9893,30.646082,104.059905,10376,30.640772,104.092835,True
50186,1,9897,30.662627,104.03433,10442,30.681362,104.029927,True
50190,1,9898,30.674527,104.123075,10320,30.701042,104.105437,True
50204,1,9900,30.641844,104.037096,10812,30.661547,104.071037,True
50208,1,9900,30.665584,104.001747,10426,30.662529,104.029892,True
50210,1,9900,30.688245,104.020835,10802,30.633823,104.028266,True
50227,1,9903,30.652187,104.110516,11152,30.693989,104.073309,True
50228,1,9903,30.653475,104.088597,10452,30.654447,104.066172,True
50239,1,9904,30.645781,104.099256,10469,30.667722,104.120381,True
50240,1,9904,30.674927,104.053388,10224,30.667218,104.040736,True
50241,1,9904,30.636897,104.056898,10165,30.643584,104.062406,True
50242,1,9904,30.666474,104.051958,10901,30.678596,104.088254,True
50250,1,9905,30.675815,104.080442,10350,30.672091,104.060102,True
50257,1,9907,30.707715,103.994466,11445,30.653743,104.072198,True
50258,1,9907,30.69556,104.072766,11591,30.663126,104.084353,True
50259,1,9907,30.704723,104.023463,10574,30.716983,103.990231,True
50271,1,9908,30.690025,104.044891,10494,30.667031,104.064976,True
50272,1,9909,30.682433,104.083285,10315,30.687989,104.096767,True
50273,1,9909,30.662434,104.028874,10139,30.653171,104.04092,True
50276,1,9909,30.63885,104.035632,10821,30.657916,104.001113,True
50277,1,9910,30.617653,104.092811,10478,30.626862,104.067038,True
50281,1,9910,30.713426,103.991585,10546,30.69883,104.025896,True
50282,1,9910,30.625296,104.054113,10541,30.639523,104.066344,True
50283,1,9911,30.715319,104.145745,10995,30.627271,104.142823,True
50289,1,9911,30.637882,104.02226,10471,30.612471,104.009626,True
50291,1,9912,30.645809,104.078609,10458,30.624941,104.070065,True
50295,1,9912,30.662822,104.040642,10293,30.650919,104.034855,True
50306,1,9913,30.650314,104.088985,10421,30.649274,104.108468,True
50311,1,9914,30.638328,104.086038,10383,30.646588,104.102907,True
50325,1,9915,30.622577,104.066713,10801,30.670367,104.063597,True
50327,1,9916,30.612148,104.075479,10613,30.653366,104.109292,True
50336,1,9917,30.69449,104.033745,10246,30.697714,104.024249,True
50340,1,9917,30.693561,104.086172,10455,30.666191,104.121064,True
50342,1,9918,30.674961,104.033618,10704,30.644259,104.075105,True
50343,1,9918,30.649461,104.041049,11074,30.680583,104.014693,True
50346,1,9918,30.661298,103.994528,10379,30.679048,104.008137,True
50347,1,9918,30.643935,104.02308,10546,30.616318,104.070857,True
50353,1,9919,30.675804,104.080522,10294,30.665435,104.077995,True
50362,1,9920,30.617981,104.057542,10528,30.646185,104.041444,True
50372,1,9921,30.669382,104.078521,10684,30.696062,104.072868,True
50374,1,9922,30.669422,104.104671,10602,30.681954,104.158024,True
50378,1,9922,30.641471,104.083263,10580,30.644433,104.049661,True
50379,1,9922,30.622589,104.061134,11652,30.700271,104.070846,True
50384,1,9923,30.617651,104.099692,10833,30.648913,104.061501,True
50395,1,9925,30.653914,104.075438,10956,30.687808,104.034624,True
50396,1,9925,30.639532,104.078691,10941,30.642859,104.066145,True
50411,1,9926,30.662736,104.085342,10702,30.68804,104.07624,True
50415,1,9927,30.660351,104.131794,10568,30.640681,104.097545,True
50422,1,9928,30.674473,104.060368,10995,30.651903,104.021102,True
50427,1,9928,30.658292,104.07728,10949,30.696128,104.072879,True
50431,1,9929,30.609469,104.081051,10122,30.617632,104.077326,True
50439,1,9930,30.622833,104.105452,10373,30.646462,104.074093,True
50441,1,9930,30.675167,104.03242,10745,30.681855,104.084332,True
50449,1,9931,30.629974,104.02606,10593,30.621607,103.988867,True
50452,1,9931,30.668509,104.111071,10992,30.686738,104.058657,True
50453,1,9931,30.665411,104.065991,10498,30.679364,104.034661,True
50455,1,9932,30.677906,103.985892,12778,30.629719,104.141653,True
50458,1,9932,30.67725,104.029883,10670,30.673639,104.060302,True
50463,1,9933,30.658352,104.093063,10687,30.638477,104.054661,True
50467,1,9933,30.640035,104.103034,10547,30.650946,104.121421,True
50473,1,9934,30.652553,104.07825,10208,30.663397,104.070496,True
50480,1,9935,30.652583,104.090628,10533,30.635622,104.091488,True
50483,1,9936,30.649904,104.076774,10105,30.654919,104.08512,True
50496,1,9937,30.638886,104.107456,10962,30.600142,104.101517,True
50505,1,9939,30.658736,104.120043,10915,30.644527,104.074416,True
50523,1,9942,30.680505,104.087533,9961,30.680601,104.087297,True
50533,1,9943,30.651671,104.039861,10776,30.636257,104.081646,True
50541,1,9944,30.61471,104.077294,10055,30.623844,104.077682,True
50543,1,9945,30.648463,104.041018,10535,30.633096,104.066411,True
50547,1,9945,30.61755,104.047882,10579,30.642727,104.073037,True
50552,1,9946,30.65387,104.075178,10229,30.649412,104.060192,True
50559,1,9947,30.685837,104.034448,10534,30.704705,104.014778,True
50564,1,9948,30.631739,103.993192,10789,30.632583,104.034302,True
50566,1,9948,30.700237,104.04267,10316,30.700937,104.026431,True
50576,1,9949,30.676743,104.141132,11394,30.660884,104.053848,True
50594,1,9951,30.626727,104.094241,10519,30.645161,104.075183,True
50597,1,9951,30.665951,104.029116,10730,30.644104,104.075134,True
50607,1,9953,30.641722,104.036032,10217,30.647882,104.021727,True
50611,1,9953,30.625451,104.058158,10692,30.60197,104.074334,True
50624,1,9955,30.678165,104.117704,11121,30.680464,104.053487,True
50626,1,9955,30.632322,104.054522,10401,30.644395,104.074898,True
50635,1,9956,30.652985,104.040947,10537,30.633799,104.028109,True
50637,1,9956,30.63048,104.076384,11254,30.630075,104.142354,True
50639,1,9956,30.649005,104.117018,10728,30.686838,104.099243,True
50643,1,9957,30.650156,104.089078,10946,30.643499,104.06609,True
50650,1,9957,30.650883,104.121427,11529,30.66333,104.040686,True
50651,1,9958,30.63902,104.066296,10495,30.642395,104.048138,True
50654,1,9958,30.658357,104.06791,10541,30.646149,104.06025,True
50660,1,9959,30.67558,103.997276,10221,30.665415,104.000178,True
50662,1,9959,30.624989,104.095405,10860,30.639449,104.066236,True
50669,1,9960,30.603756,103.992999,10256,30.605724,103.986477,True
50670,1,9960,30.642732,104.001433,10302,30.647312,103.983897,True
50673,1,9961,30.619131,104.016083,10616,30.621386,104.04963,True
50681,1,9962,30.672512,104.05815,10423,30.648183,104.065892,True
50702,1,9964,30.67239,104.076646,10283,30.675154,104.059742,True
50712,1,9965,30.600911,104.077513,10625,30.635495,104.091514,True
50715,1,9965,30.667227,104.051617,9975,30.667617,104.050689,True
50719,1,9965,30.670457,104.112193,9967,30.666062,104.109061,True
50720,1,9965,30.697622,104.057528,10454,30.681561,104.030812,True
50728,1,9966,30.66404,104.078269,10997,30.622749,104.097896,True
50732,1,9967,30.652656,104.090112,10621,30.629651,104.142365,True
50733,1,9967,30.65877,104.097983,11532,30.717983,104.032074,True
50741,1,9968,30.619338,104.045587,10979,30.670385,104.091053,True
50749,1,9969,30.628823,104.048556,10415,30.62965,104.066355,True
50760,1,9971,30.680451,104.01582,10167,30.688128,104.020056,True
50765,1,9971,30.630707,104.050829,10610,30.66487,104.068584,True
50770,1,9972,30.63014,104.160722,10106,30.629129,104.155232,True
50783,1,9974,30.670649,104.12409,11077,30.656262,104.081219,True
50788,1,9974,30.623652,104.071745,10185,30.624995,104.06479,True
50790,1,9974,30.679302,104.056241,11044,30.667378,104.003472,True
50800,1,9976,30.689467,104.046031,11136,30.633022,104.066416,True
50804,1,9976,30.643371,104.044894,10152,30.639662,104.054275,True
50805,1,9976,30.657003,104.100284,10565,30.655584,104.072004,True
50817,1,9977,30.619165,104.127165,10514,30.642999,104.12384,True
50825,1,9978,30.624047,104.071708,10570,30.640292,104.061306,True
50829,1,9978,30.686177,104.046292,10399,30.665282,104.048465,True
50843,1,9980,30.679027,104.020607,11001,30.614891,104.050925,True
50847,1,9980,30.641516,104.037528,10733,30.615076,104.073749,True
50855,1,9981,30.694401,104.07142,11443,30.671227,104.148306,True
50859,1,9981,30.639408,104.118792,10613,30.658711,104.093245,True
50864,1,9983,30.692712,104.107893,11939,30.668859,104.056042,True
50879,1,9984,30.625111,104.073382,10182,30.614244,104.072332,True
50882,1,9985,30.650516,103.995996,11380,30.629587,104.061301,True
50884,1,9985,30.629979,104.106036,10956,30.616801,104.077394,True
50886,1,9985,30.644648,104.041181,10510,30.632625,104.015139,True
50899,1,9987,30.70195,104.051179,11005,30.695885,104.072983,True
50900,1,9987,30.687865,103.987432,11123,30.659181,104.060186,True
50901,1,9987,30.687695,104.047237,11198,30.650861,103.996011,True
50915,1,9988,30.626425,104.143908,10492,30.636628,104.127766,True
50918,1,9988,30.639817,104.006854,10262,30.644859,104.021034,True
50927,1,9989,30.640657,104.073237,10767,30.685788,104.093014,True
50930,1,9990,30.638731,104.156885,11675,30.670801,104.065989,True
50934,1,9990,30.639529,104.036605,10453,30.620815,104.044712,True
50943,1,9992,30.6947,104.037645,10374,30.673759,104.045926,True
50955,1,9993,30.655887,104.12913,11880,30.617314,104.041011,True
50963,1,9994,30.646109,104.039144,10488,30.643714,104.066168,True
50964,1,9994,30.629548,104.038621,10111,30.633929,104.033779,True
50965,1,9994,30.66755,104.040727,10155,30.683538,104.048354,True
50972,1,9995,30.662464,104.093841,12782,30.674717,104.082314,True
50973,1,9995,30.660899,104.0932,10372,30.670309,104.103113,True
50977,1,9996,30.66724,104.077014,10890,30.644339,104.049031,True
50980,1,9996,30.642737,104.071127,11139,30.667916,104.120309,True
50981,1,9996,30.671303,104.116124,11386,30.639655,104.066623,True
50998,1,9999,30.694331,104.083877,10390,30.701922,104.095165,True
51000,1,10000,30.620547,104.074543,10343,30.621887,104.053806,True
51005,1,10000,30.653461,104.055849,10829,30.636139,104.127516,True
51009,1,10001,30.664735,104.080742,10109,30.666007,104.077945,True
51018,1,10002,30.65167,104.040707,11378,30.605615,104.1308,True
51019,1,10002,30.629753,104.066537,11029,30.650115,104.026792,True
51020,1,10002,30.61977,104.058786,10947,30.603115,104.098256,True
51026,1,10003,30.679361,104.043414,10923,30.695924,104.072967,True
51028,1,10003,30.650945,103.995915,10525,30.632285,104.00233,True
51032,1,10004,30.670816,104.124806,10296,30.667776,104.107258,True
51033,1,10004,30.618831,104.098656,11061,30.643889,104.025806,True
51047,1,10006,30.651555,104.068274,10647,30.616292,104.065755,True
51048,1,10006,30.647784,104.022147,10331,30.637565,104.022451,True
51051,1,10006,30.653275,104.052662,10347,30.644141,104.058288,True
51061,1,10008,30.649994,104.041249,11866,30.629548,104.141703,True
51067,1,10009,30.702269,104.073726,10707,30.705195,104.103566,True
51073,1,10009,30.658031,104.060841,10422,30.649186,104.069208,True
51082,1,10010,30.6328,104.001071,11359,30.624952,104.06439,True
51084,1,10010,30.66704,104.062952,11812,30.630331,104.106097,True
51088,1,10011,30.666996,104.040789,10691,30.700855,104.049519,True
51091,1,10011,30.655446,104.090831,10433,30.672531,104.084667,True
51092,1,10011,30.663336,104.03667,11036,30.682692,104.083541,True
51098,1,10012,30.674887,104.016991,10473,30.662352,104.025519,True
51099,1,10012,30.61116,104.10183,10732,30.637553,104.090618,True
51100,1,10012,30.63141,104.044602,10554,30.652527,104.024872,True
51109,1,10014,30.674974,104.043529,10222,30.672432,104.052452,True
51119,1,10015,30.6017,104.074918,11092,30.652833,104.073403,True
51132,1,10017,30.615231,104.067292,10596,30.649809,104.061491,True
51134,1,10018,30.640656,104.038471,11517,30.702314,104.07332,True
51135,1,10018,30.670336,104.090046,10862,30.649537,104.120602,True
51139,1,10019,30.645101,104.03752,11491,30.668316,104.12013,True
51154,1,10020,30.661851,104.133569,10557,30.662407,104.113975,True
51161,1,10021,30.694275,104.077429,10684,30.655566,104.115805,True
51166,1,10021,30.667746,104.104194,10998,30.66457,104.077513,True
51168,1,10021,30.646546,104.125408,11102,30.665834,104.08297,True
51170,1,10022,30.644938,104.020362,10306,30.633971,104.029574,True
51174,1,10023,30.62692,104.099001,10543,30.636185,104.12764,True
51176,1,10023,30.641916,104.09272,10948,30.663007,104.029061,True
51186,1,10024,30.662946,104.081025,10244,30.653113,104.075574,True
51189,1,10024,30.651002,104.118187,11458,30.66066,104.084272,True
51194,1,10025,30.683304,104.039914,10977,30.666176,104.073681,True
51217,1,10028,30.617638,104.054261,10977,30.629689,104.141898,True
51218,1,10028,30.706232,103.996061,11206,30.658991,104.06059,True
51222,1,10029,30.673462,104.021527,10854,30.644467,104.049611,True
51229,1,10029,30.68147,104.142962,10534,30.694791,104.172227,True
51233,1,10030,30.63794,104.008382,10661,30.662997,103.991682,True
51235,1,10030,30.677937,104.087681,10339,30.665416,104.07803,True
51249,1,10031,30.684623,104.052922,10879,30.648695,104.059969,True
51266,1,10034,30.670266,104.070961,10271,30.662546,104.074008,True
51268,1,10034,30.672852,104.125073,11501,30.643509,104.061271,True
51269,1,10034,30.647942,104.055962,10712,30.65971,104.093859,True
51272,1,10034,30.716488,104.105479,11403,30.678706,104.07721,True
51273,1,10034,30.686472,104.041188,11204,30.608938,104.066818,True
51285,1,10036,30.709884,103.996663,10723,30.681617,104.031115,True
51294,1,10037,30.695518,104.072762,11658,30.649686,104.017432,True
51298,1,10037,30.651011,104.034255,11010,30.626641,103.998623,True
51300,1,10037,30.628177,104.071624,11065,30.677475,104.076833,True
51304,1,10037,30.700309,104.041843,12536,30.717751,104.032266,True
51306,1,10038,30.648106,104.118904,11073,30.608232,104.079913,True
51307,1,10038,30.635134,104.052638,10378,30.632556,104.066442,True
51327,1,10040,30.643658,104.092341,10317,30.64962,104.096815,True
51332,1,10041,30.622295,104.044596,10558,30.629231,104.076603,True
51338,1,10042,30.675171,104.001586,10284,30.683999,104.006914,True
51342,1,10042,30.647819,104.088544,11071,30.604565,104.07114,True
51343,1,10042,30.664276,104.086067,10600,30.652475,104.124998,True
51347,1,10043,30.662732,104.096528,10813,30.633632,104.069041,True
51348,1,10043,30.650638,104.115287,10574,30.638734,104.142394,True
51349,1,10043,30.654357,104.107392,10385,30.654771,104.090553,True
51364,1,10045,30.667274,104.079307,10980,30.70068,104.095491,True
51379,1,10047,30.653259,104.078807,10478,30.664453,104.079655,True
51385,1,10047,30.702725,104.074383,11675,30.668117,104.108165,True
51391,1,10048,30.672493,103.992648,11780,30.713249,104.107657,True
51397,1,10049,30.662519,104.060502,10536,30.649317,104.069248,True
51402,1,10049,30.651525,104.054801,10313,30.645132,104.074961,True
51406,1,10050,30.609641,104.099531,10806,30.636083,104.127554,True
51407,1,10050,30.629007,104.096524,10474,30.620603,104.077897,True
51413,1,10051,30.680788,104.028789,11013,30.626726,104.076753,True
51423,1,10053,30.70979,104.114045,11200,30.695428,104.072484,True
51426,1,10053,30.638976,104.066395,11029,30.635212,104.058974,True
51431,1,10054,30.701766,104.039807,10883,30.650337,104.041064,True
51433,1,10055,30.67001,104.073603,10875,30.64265,104.099923,True
51438,1,10055,30.621119,104.095392,11899,30.713533,104.04024,True
51446,1,10056,30.639406,104.027687,10600,30.628949,104.048464,True
51451,1,10057,30.656107,104.091331,10991,30.680157,104.121457,True
51461,1,10058,30.705617,104.103606,11122,30.644492,104.074425,True
51466,1,10059,30.677287,104.028883,48357,30.621962,103.982561,True
51474,1,10060,30.65157,104.114933,10239,30.637876,104.107402,True
51485,1,10062,30.644691,104.062989,11172,30.652068,104.001276,True
51486,1,10062,30.662165,104.075641,10091,30.663631,104.076821,True
51495,1,10063,30.602568,104.125694,11267,30.626515,104.066994,True
51505,1,10064,30.674142,104.058787,10524,30.68182,104.084354,True
51509,1,10064,30.664614,103.994467,10544,30.672143,103.9851,True
51513,1,10065,30.6701,104.122359,10799,30.630394,104.115747,True
51516,1,10065,30.637739,104.094547,11008,30.631257,104.036259,True
51518,1,10065,30.636054,104.05711,10512,30.652729,104.060065,True
51529,1,10067,30.643725,104.073752,11969,30.704707,104.014716,True
51534,1,10067,30.643695,104.060698,10268,30.648464,104.059311,True
51539,1,10068,30.644354,104.124281,11097,30.705457,104.103635,True
51541,1,10068,30.682182,104.08368,10392,30.681199,104.085882,True
51545,1,10069,30.632787,104.000996,11406,30.64357,104.061226,True
51555,1,10070,30.652245,104.01017,11150,30.654644,104.070157,True
51562,1,10070,30.65494,104.08538,11418,30.719366,104.068669,True
51565,1,10071,30.612061,104.06658,10953,30.654301,104.082491,True
51574,1,10072,30.647642,104.078706,11042,30.673304,104.102031,True
51582,1,10073,30.642043,104.049197,11388,30.696129,104.072924,True
51593,1,10075,30.667799,104.10697,10680,30.689528,104.107228,True
51596,1,10076,30.703332,104.091641,10618,30.711892,104.066908,True
51600,1,10076,30.686472,104.06618,10929,30.644668,104.07453,True
51601,1,10076,30.65217,104.081237,10936,30.670627,104.032631,True
51618,1,10078,30.661094,104.021708,10085,30.662126,104.023634,True
51623,1,10078,30.638713,104.06635,10479,30.611049,104.06743,True
51628,1,10079,30.628481,104.119337,11005,30.666792,104.163596,True
51645,1,10082,30.609486,103.995229,11802,30.650554,104.041242,True
51646,1,10082,30.673064,104.056907,10719,30.66276,104.033314,True
51658,1,10083,30.663523,103.991225,11446,30.657996,104.067465,True
51659,1,10083,30.646316,104.008972,10389,30.630168,104.014102,True
51674,1,10085,30.702856,104.071833,11925,30.650195,104.062329,True
51676,1,10085,30.666871,104.03957,10738,30.682492,103.992402,True
51677,1,10085,30.664964,104.046818,10105,30.664068,104.04607,True
51679,1,10086,30.629435,104.057694,10909,30.64444,104.074917,True
51693,1,10087,30.704258,104.01192,11648,30.636054,104.036452,True
51701,1,10088,30.652597,104.078493,10970,30.641717,104.037024,True
51704,1,10089,30.616359,104.071283,10935,30.663361,104.073083,True
51712,1,10090,30.624461,104.093717,10469,30.647167,104.088084,True
51727,1,10091,30.668711,104.076369,11463,30.633106,104.153449,True
51733,1,10092,30.636321,104.013896,10944,30.645525,104.058948,True
51746,1,10094,30.646944,104.04128,11271,30.636,104.127634,True
51751,1,10094,30.628676,104.163906,11629,30.665884,104.073881,True
51755,1,10095,30.690397,104.070233,10310,30.675706,104.07023,True
51767,1,10096,30.665885,103.99367,17908,30.6956,104.073624,True
51781,1,10098,30.630429,104.16043,11178,30.660088,104.085366,True
51801,1,10100,30.622088,104.053825,10130,30.622192,104.053761,True
51807,1,10101,30.668627,104.031619,10475,30.680581,104.014774,True
51816,1,10102,30.682783,103.991906,10445,30.684231,104.001587,True
51817,1,10102,30.642823,104.066142,11119,30.63904,104.094585,True
51822,1,10104,30.613861,104.062721,10475,30.629492,104.067057,True
51823,1,10104,30.684367,104.051474,11313,30.614333,104.011,True
51832,1,10105,30.701044,104.107429,11015,30.694666,104.075504,True
51839,1,10106,30.626791,104.028207,10634,30.6313,104.050094,True
51851,1,10107,30.694027,104.073428,10900,30.705326,104.10371,True
51852,1,10107,30.641612,103.993922,10842,30.678715,104.021756,True
51865,1,10109,30.642144,104.09313,10316,30.639324,104.087846,True
51866,1,10109,30.661885,104.106018,11375,30.643354,104.077891,True
51870,1,10110,30.651652,104.097245,10495,30.660243,104.106236,True
51873,1,10110,30.6512,104.002896,12493,30.6573,104.160337,True
51883,1,10111,30.636789,104.06088,11053,30.667751,104.072882,True
51887,1,10111,30.651772,104.057527,10510,30.656676,104.081172,True
51896,1,10113,30.631718,104.030495,10621,30.652469,104.064987,True
51899,1,10113,30.685024,104.042147,10692,30.677391,104.060945,True
51901,1,10113,30.658677,104.073834,10438,30.668538,104.070737,True
51914,1,10116,30.705622,104.103628,11500,30.632355,104.087608,True
51924,1,10117,30.691861,104.015728,10485,30.680729,104.001334,True
51946,1,10120,30.638255,104.044544,10752,30.646856,104.020307,True
51952,1,10121,30.632495,104.031195,11325,30.718077,104.03196,True
51972,1,10123,30.658603,104.071989,10134,30.658372,104.059803,True
51974,1,10123,30.611692,104.06246,10412,30.632722,104.066796,True
51980,1,10124,30.625225,104.07612,11340,30.682054,104.084522,True
51997,1,10126,30.630623,104.044391,10947,30.640104,104.066235,True
51999,1,10126,30.657207,104.111352,10596,30.655763,104.090881,True
52005,1,10126,30.636175,104.128201,11337,30.683397,104.153682,True
52006,1,10127,30.655915,104.094262,11010,30.629716,104.142283,True
52014,1,10128,30.631528,104.030042,10271,30.628932,104.027787,True
52019,1,10128,30.676774,104.084958,10512,30.657229,104.081501,True
52025,1,10130,30.650454,104.037182,10994,30.674643,104.033537,True
52033,1,10131,30.716028,104.094253,11735,30.680846,104.04403,True
52042,1,10132,30.705673,104.011143,11011,30.660132,104.03483,True
52046,1,10133,30.670866,104.060394,10720,30.674709,104.082738,True
52051,1,10133,30.650835,104.036426,10512,30.64139,104.0568,True
52053,1,10134,30.653666,104.079091,10880,30.619027,104.064165,True
52054,1,10134,30.635121,104.099883,10813,30.66616,104.101565,True
52058,1,10135,30.647189,104.083324,10565,30.645276,104.076934,True
52082,1,10138,30.674826,104.017899,11243,30.672419,104.0764,True
52087,1,10138,30.705511,104.010972,11614,30.68223,104.084842,True
52095,1,10139,30.659434,104.064232,10585,30.65189,104.069492,True
52111,1,10141,30.63268,104.045212,11021,30.637936,104.085341,True
52112,1,10142,30.623857,104.049721,10405,30.633767,104.038144,True
52129,1,10144,30.714171,104.074618,11464,30.670716,104.074723,True
52130,1,10144,30.638761,104.143836,10648,30.650238,104.117365,True
52134,1,10144,30.69629,104.008531,10607,30.674131,104.005266,True
52137,1,10145,30.637942,104.101117,24116,30.634223,104.077475,True
52140,1,10145,30.706358,104.075801,11488,30.683863,104.027264,True
52141,1,10145,30.666362,104.087391,10723,30.634054,104.07696,True
52144,1,10145,30.663678,103.989582,11321,30.636597,104.042234,True
52153,1,10146,30.667371,104.092473,10417,30.651894,104.086599,True
52161,1,10148,30.626372,104.071664,10484,30.6257,104.058142,True
52162,1,10148,30.670926,104.079632,11283,30.620932,104.090123,True
52170,1,10148,30.701964,104.094029,11331,30.683493,104.044354,True
52179,1,10150,30.655644,104.11532,10605,30.679707,104.096727,True
52181,1,10150,30.670242,104.137251,10953,30.701439,104.105777,True
52186,1,10151,30.620782,104.111913,10654,30.645898,104.105112,True
52187,1,10151,30.679619,104.018472,11122,30.671095,104.061285,True
52194,1,10152,30.628835,104.043001,10830,30.671646,104.015331,True
52198,1,10153,30.658603,104.071989,10165,30.658372,104.059802,True
52204,1,10154,30.643728,104.013686,10953,30.662596,104.017243,True
52223,1,10157,30.642588,104.041366,10911,30.663801,104.076883,True
52237,1,10158,30.671616,104.095826,10694,30.653101,104.075788,True
52239,1,10159,30.638495,104.054949,10619,30.644521,104.074774,True
52240,1,10159,30.663008,104.085228,10819,30.629593,104.077158,True
52241,1,10159,30.657392,104.107853,11122,30.695695,104.073564,True
52249,1,10160,30.684547,104.043053,11614,30.673753,103.998051,True
52255,1,10160,30.608589,103.996136,10642,30.614531,104.011262,True
52264,1,10161,30.636696,103.996926,10976,30.607764,103.989142,True
52265,1,10161,30.627089,103.993991,11689,30.67335,104.058393,True
52277,1,10162,30.690385,104.054803,10601,30.674166,104.033318,True
52282,1,10163,30.670804,104.109743,10578,30.64988,104.113266,True
52283,1,10163,30.638932,104.080447,10517,30.649745,104.0797,True
52292,1,10165,30.6482,103.982607,11501,30.641459,104.0621,True
52293,1,10165,30.683875,104.043344,11119,30.707008,104.000819,True
52294,1,10165,30.703463,104.012426,10415,30.694554,104.012293,True
52296,1,10165,30.631786,104.059892,11024,30.647796,104.064155,True
52297,1,10165,30.658613,104.119717,10987,30.658741,104.080552,True
52303,1,10166,30.691622,104.043688,11012,30.691567,104.043661,True
52321,1,10168,30.658633,104.071951,11529,30.704614,104.01432,True
52328,1,10169,30.642917,104.073485,10594,30.640196,104.061304,True
52334,1,10170,30.63893,104.019078,11058,30.68819,104.07688,True
52339,1,10171,30.668387,104.137024,11523,30.659561,104.075479,True
52350,1,10172,30.632934,104.00117,11193,30.694455,104.033659,True
52352,1,10172,30.693121,104.073358,10183,30.693559,104.073384,True
52355,1,10173,30.648259,104.087565,10572,30.644349,104.074968,True
52359,1,10173,30.614043,104.053821,10441,30.62264,104.052076,True
52361,1,10173,30.673382,104.058446,10705,30.663068,104.040592,True
52362,1,10173,30.662817,104.040664,10528,30.64331,104.041097,True
52389,1,10177,30.642664,104.057463,10846,30.681884,104.04566,True
52397,1,10178,30.634749,104.097951,10696,30.651581,104.070239,True
52414,1,10180,30.659778,104.081183,11030,30.661895,104.092361,True
52415,1,10180,30.702178,104.002471,11384,30.649983,104.021823,True
52418,1,10180,30.639812,104.075707,10600,30.638367,104.057288,True
52419,1,10180,30.679092,104.036568,10778,30.674653,104.059406,True
52425,1,10181,30.635026,104.032678,11130,30.655445,104.071825,True
52426,1,10181,30.602905,104.103766,13493,30.602673,104.103713,True
52429,1,10182,30.68683,104.051716,10995,30.678179,104.092384,True
52439,1,10183,30.691746,104.026802,11139,30.647813,104.015292,True
52445,1,10184,30.647858,104.027566,10955,30.619835,103.980182,True
52449,1,10184,30.68752,104.03373,10896,30.663619,104.07005,True
52450,1,10184,30.620507,104.079971,10518,30.616354,104.103902,True
52454,1,10185,30.653304,104.087717,11485,30.69444,104.057162,True
52456,1,10185,30.683619,104.104009,10438,30.669049,104.110488,True
52458,1,10185,30.615576,104.072034,10827,30.633401,104.063812,True
52464,1,10186,30.66809,103.990434,10712,30.664643,104.008041,True
52471,1,10187,30.648193,104.120969,11407,30.64446,104.074541,True
52476,1,10187,30.66148,104.102422,11272,30.618971,104.053,True
52486,1,10189,30.688915,104.036041,10992,30.704666,104.014336,True
52489,1,10189,30.644666,104.013759,10709,30.660981,104.021508,True
52506,1,10192,30.665963,104.070823,10614,30.654509,104.06694,True
52509,1,10192,30.685058,104.102468,10771,30.622274,104.106704,True
52512,1,10192,30.662392,104.048049,10528,30.6585,104.074007,True
52523,1,10193,30.68248,104.124138,10572,30.701696,104.108534,True
52534,1,10194,30.609901,104.081057,11229,30.629988,104.141718,True
52549,1,10196,30.660349,104.082393,10440,30.644555,104.075059,True
52571,1,10199,30.66198,104.08483,10249,30.653449,104.079218,True
52573,1,10200,30.678946,104.061982,10864,30.663232,104.056089,True
52575,1,10200,30.675766,104.028884,10839,30.68938,104.045623,True
52579,1,10201,30.654528,104.060945,10906,30.678259,104.091549,True
52584,1,10201,30.68753,104.062979,10931,30.66898,104.071239,True
52586,1,10202,30.689995,104.057135,11028,30.642934,104.080123,True
52596,1,10203,30.608541,104.061356,11150,30.653156,104.075859,True
52598,1,10203,30.674992,104.02922,12388,30.661444,104.106386,True
52613,1,10205,30.650882,104.122668,10649,30.661854,104.107331,True
52616,1,10205,30.663534,103.993481,10465,30.660758,104.007739,True
52627,1,10206,30.654924,104.104935,11092,30.670761,104.066452,True
52629,1,10207,30.63625,104.056647,10496,30.646132,104.054449,True
52632,1,10207,30.643082,104.073437,10594,30.656543,104.067331,True
52640,1,10209,30.608528,104.061748,11373,30.626685,104.143531,True
52646,1,10209,30.670879,104.124845,10873,30.637981,104.107247,True
52647,1,10210,30.622053,104.044335,11178,30.662872,104.076105,True
52649,1,10211,30.648235,104.087879,10454,30.657962,104.092581,True
52650,1,10211,30.642208,104.093083,10714,30.64892,104.061811,True
52658,1,10212,30.654788,104.099166,11343,30.664582,104.164092,True
52663,1,10213,30.617767,104.100696,10969,30.636018,104.127612,True
52664,1,10213,30.639045,104.087529,11380,30.6631,104.0564,True
52669,1,10213,30.68272,104.130628,11005,30.653772,104.115177,True
52684,1,10215,30.693306,104.025042,10553,30.685058,104.041946,True
52686,1,10215,30.616739,104.098835,10872,30.643732,104.085733,True
52688,1,10215,30.654445,104.067071,11655,30.704666,104.014436,True
52694,1,10217,30.623486,104.093205,10670,30.624989,104.067692,True
52695,1,10217,30.680581,104.009179,10701,30.682804,104.003306,True
52699,1,10217,30.649672,104.085492,10728,30.625246,104.074148,True
52711,1,10219,30.665709,104.082867,13331,30.657921,104.044777,True
52713,1,10219,30.645378,104.082044,11128,30.610562,104.037027,True
52714,1,10220,30.636179,104.066332,10268,30.635358,104.066335,True
52728,1,10222,30.620437,104.106765,10818,30.625318,104.147868,True
52730,1,10222,30.711832,103.999584,10418,30.704577,104.011522,True
52734,1,10222,30.619796,104.145941,10804,30.621741,104.144272,True
52735,1,10222,30.628183,104.071589,10802,30.644421,104.074825,True
52736,1,10222,30.690196,103.980006,10686,30.717925,103.983411,True
52754,1,10225,30.690462,104.106042,11833,30.70772,104.011413,True
52764,1,10227,30.653408,104.071927,14454,30.656233,104.045943,True
52798,1,10230,30.642904,104.073522,11022,30.682037,104.084755,True
52807,1,10232,30.675302,104.108159,11028,30.649246,104.066889,True
52818,1,10232,30.699351,104.106047,11199,30.696258,104.171779,True
52821,1,10233,30.664844,104.084758,10387,30.669283,104.075379,True
52822,1,10234,30.680514,104.072381,11632,30.685082,104.120672,True
52824,1,10234,30.711131,104.114304,11477,30.628341,104.139194,True
52826,1,10234,30.684161,104.103696,10662,30.681939,104.084745,True
52827,1,10234,30.705582,104.076187,10841,30.705135,104.103513,True
52833,1,10235,30.673097,104.078335,12266,30.674061,104.074761,True
52834,1,10235,30.637875,104.058287,11446,30.666163,104.13703,True
52839,1,10236,30.628591,104.048692,20692,30.603847,104.048348,True
52840,1,10236,30.685558,104.045683,11126,30.690084,104.005744,True
52847,1,10237,30.669372,104.089182,10577,30.667108,104.079035,True
52848,1,10237,30.682944,104.045748,10854,30.695173,104.066487,True
52850,1,10237,30.694493,104.074573,11563,30.650601,104.09622,True
52853,1,10237,30.681644,104.029732,11029,30.691206,104.047774,True
52859,1,10238,30.700597,104.091099,11679,30.658759,104.055639,True
52863,1,10239,30.624243,104.071743,10804,30.640383,104.058404,True
52865,1,10239,30.633548,104.070782,10299,30.634141,104.077268,True
52871,1,10240,30.607599,103.987555,11297,30.609014,103.986261,True
52876,1,10240,30.690697,104.113114,11406,30.690137,104.052646,True
52877,1,10241,30.622707,104.044928,10536,30.633379,104.038352,True
52882,1,10241,30.667922,104.107141,11428,30.704743,104.023874,True
52883,1,10241,30.654989,104.073079,10415,30.653496,104.07925,True
52886,1,10242,30.676009,104.086442,12479,30.704554,104.014434,True
52897,1,10243,30.653254,104.069675,11122,30.681952,104.099148,True
52909,1,10243,30.607738,104.037332,11107,30.654373,104.066135,True
52911,1,10243,30.673097,104.063033,10601,30.668824,104.080143,True
52916,1,10244,30.688594,104.104497,10625,30.665911,104.086882,True
52920,1,10245,30.65321,104.097907,11578,30.645038,104.062877,True
52924,1,10245,30.659099,104.080538,11272,30.626385,104.143983,True
52938,1,10247,30.652326,104.05641,10833,30.666804,104.060627,True
52949,1,10248,30.681791,104.131846,12017,30.69552,104.066455,True
52954,1,10249,30.646167,104.118766,11170,30.629134,104.143726,True
52955,1,10249,30.682031,104.044666,11056,30.69614,104.072904,True
52956,1,10249,30.642736,104.075002,10580,30.652126,104.07878,True
52975,1,10251,30.657986,104.022069,10720,30.662572,104.016887,True
52977,1,10251,30.644671,104.059131,10612,30.65476,104.068913,True
52981,1,10251,30.649601,103.996887,11194,30.63169,104.030353,True
52986,1,10252,30.608639,104.076791,10488,30.614771,104.06739,True
53004,1,10255,30.632341,104.04032,11052,30.657699,104.001184,True
53007,1,10255,30.62048,104.075763,10546,30.608815,104.06675,True
53011,1,10256,30.659709,104.01605,10888,30.666954,104.040806,True
53022,1,10257,30.658989,104.060568,11863,30.713689,104.128917,True
53028,1,10258,30.654757,104.068152,11735,30.71802,104.032049,True
53032,1,10259,30.678049,104.092203,11414,30.631956,104.066534,True
53033,1,10259,30.626494,104.066968,10507,30.637369,104.068181,True
53034,1,10259,30.647771,104.020324,10421,30.642951,104.016074,True
53044,1,10260,30.676811,104.024426,11075,30.684186,103.982298,True
53046,1,10260,30.707177,104.096703,10610,30.703908,104.082515,True
53048,1,10260,30.658809,104.040784,11219,30.640005,104.037136,True
53051,1,10261,30.682653,104.045697,10894,30.713318,104.039671,True
53054,1,10262,30.673319,104.109547,11556,30.719296,104.111138,True
53056,1,10262,30.636584,104.056611,11618,30.69574,104.073004,True
53060,1,10262,30.625947,104.094149,11187,30.663105,104.111035,True
53062,1,10263,30.647853,104.025971,10688,30.642876,104.043694,True
53064,1,10263,30.633646,104.038152,10818,30.60496,104.040818,True
53067,1,10263,30.642774,104.07361,10425,30.637889,104.073191,True
53076,1,10264,30.683366,104.022636,10874,30.712315,104.007106,True
53083,1,10265,30.67128,104.10576,10721,30.686669,104.089833,True
53093,1,10266,30.67666,104.052284,10656,30.667772,104.052215,True
53101,1,10266,30.638212,104.022073,10430,30.640831,104.028916,True
53117,1,10268,30.664626,104.163447,10301,30.667334,104.163728,True
53118,1,10269,30.661147,104.091966,10833,30.643738,104.073757,True
53120,1,10269,30.654967,104.104986,10820,30.671334,104.082272,True
53127,1,10269,30.678425,104.03619,10691,30.670049,104.063466,True
53129,1,10269,30.695451,104.011046,10902,30.679016,104.043193,True
53131,1,10270,30.658678,104.07522,10528,30.660909,104.053738,True
53140,1,10271,30.641477,104.113827,11492,30.625834,104.047124,True
53149,1,10272,30.640303,104.061303,10518,30.642401,104.066115,True
53157,1,10273,30.677812,104.048921,11094,30.633056,104.066393,True
53159,1,10273,30.634204,104.058454,10877,30.633708,104.029849,True
53166,1,10275,30.610531,104.077154,10997,30.633123,104.094077,True
53170,1,10275,30.718783,104.04553,10286,30.718654,104.045429,True
53178,1,10276,30.705815,104.075988,11093,30.689874,104.093153,True
53191,1,10278,30.680526,104.095045,11040,30.674962,104.059566,True
53193,1,10278,30.679879,104.095369,10632,30.685845,104.092919,True
53207,1,10281,30.642791,104.047402,11102,30.644367,104.075063,True
53209,1,10281,30.650651,104.00048,11574,30.624409,104.045839,True
53214,1,10282,30.668525,104.073189,11506,30.69372,104.079916,True
53218,1,10282,30.64847,104.074788,10507,30.646343,104.085633,True
53219,1,10283,30.678678,104.088336,10780,30.686301,104.119014,True
53231,1,10284,30.65703,104.080588,11298,30.623245,104.049578,True
53232,1,10284,30.636566,104.009735,11341,30.687519,104.019622,True
53235,1,10284,30.675875,104.060675,10656,30.682661,104.083538,True
53239,1,10285,30.681545,104.085384,10719,30.694514,104.074806,True
53240,1,10286,30.63068,104.153698,11314,30.6222,104.119529,True
53241,1,10286,30.671162,104.061339,10881,30.685248,104.029879,True
53242,1,10286,30.631984,104.098101,10925,30.655912,104.083852,True
53244,1,10286,30.642788,104.074583,10634,30.653057,104.075547,True
53248,1,10286,30.670491,104.060465,10709,30.670381,104.072271,True
53251,1,10287,30.683099,104.029209,10895,30.66227,104.022827,True
53253,1,10287,30.625187,104.072502,10703,30.616051,104.058112,True
53254,1,10287,30.64011,104.105358,11493,30.637573,104.030226,True
53258,1,10288,30.686623,104.105493,11223,30.630036,104.14193,True
53260,1,10288,30.61655,104.080318,10858,30.616566,104.048904,True
53261,1,10288,30.643507,104.073655,10982,30.670356,104.063445,True
53263,1,10288,30.646448,104.125315,10699,30.637513,104.108535,True
53268,1,10288,30.661218,104.068892,10618,30.65602,104.080954,True
53270,1,10289,30.667126,104.076739,11297,30.619635,104.049033,True
53271,1,10289,30.626672,104.073588,10564,30.637302,104.070361,True
53276,1,10290,30.654604,104.070547,11518,30.648162,104.122752,True
53279,1,10290,30.68487,104.084831,11151,30.702585,104.069141,True
53294,1,10294,30.683505,104.044416,10735,30.670897,104.060247,True
53295,1,10294,30.662441,104.021906,10844,30.665265,104.040564,True
53296,1,10294,30.626109,104.153143,11202,30.659879,104.1314,True
53307,1,10295,30.643474,104.073592,10638,30.653646,104.079269,True
53317,1,10296,30.640672,104.085196,10643,30.65223,104.091452,True
53326,1,10297,30.66642,104.065767,10695,30.665666,104.073559,True
53327,1,10297,30.704927,104.072431,11459,30.683819,104.111005,True
53335,1,10298,30.618636,104.052866,10491,30.613042,104.048758,True
53337,1,10298,30.676783,104.01117,10524,30.670567,104.017926,True
53343,1,10299,30.613199,104.077374,12979,30.681436,104.02027,True
53344,1,10299,30.649262,104.117143,13613,30.682141,104.084948,True
53345,1,10300,30.719147,104.001797,10520,30.705687,104.010648,True
53346,1,10300,30.713075,104.108974,10401,30.714467,104.103747,True
53351,1,10301,30.663457,104.076669,11063,30.640023,104.10328,True
53352,1,10301,30.658019,104.067532,11831,30.685068,104.07319,True
53355,1,10302,30.68559,104.035064,10653,30.681335,104.045726,True
53356,1,10302,30.650413,104.071375,11087,30.691781,104.104427,True
53369,1,10303,30.605487,104.130202,11005,30.626936,104.100009,True
53372,1,10304,30.617457,104.04653,10650,30.61194,104.067157,True
53393,1,10306,30.679712,104.034198,11100,30.704708,104.10374,True
53394,1,10307,30.671037,103.998561,10420,30.670744,103.990777,True
53399,1,10307,30.71008,104.040792,11007,30.702696,104.071471,True
53401,1,10308,30.673711,103.988868,11643,30.681844,104.084342,True
53406,1,10308,30.676978,104.094914,10775,30.672207,104.112619,True
53416,1,10311,30.616887,104.082885,10717,30.641904,104.08159,True
53417,1,10311,30.655219,104.088609,11931,30.63094,104.005493,True
53419,1,10311,30.651601,103.995951,11849,30.658386,104.072994,True
53426,1,10312,30.638606,103.986199,11444,30.681408,104.020295,True
53433,1,10313,30.649313,104.013698,11241,30.641311,104.056411,True
53443,1,10315,30.659838,104.106103,10951,30.657223,104.101434,True
53456,1,10318,30.636166,104.128196,11897,30.692697,104.024939,True
53467,1,10319,30.615533,104.136171,10981,30.638175,104.106549,True
53471,1,10319,30.674945,104.06049,10668,30.679358,104.06887,True
53477,1,10320,30.639313,104.102492,11294,30.665964,104.070777,True
53481,1,10321,30.680577,104.106485,11106,30.655729,104.080598,True
53485,1,10322,30.608522,104.035962,10912,30.632769,104.034897,True
53487,1,10322,30.646942,104.055168,11096,30.688129,104.076551,True
53490,1,10322,30.672514,104.01744,10948,30.66337,104.040584,True
53494,1,10323,30.628964,104.136189,10643,30.636575,104.128151,True
53497,1,10323,30.639623,104.055488,10653,30.629748,104.066494,True
53499,1,10323,30.662348,104.018283,10936,30.65419,104.040865,True
53507,1,10324,30.642295,104.018076,11051,30.663214,104.05632,True
53509,1,10324,30.668199,104.052719,11165,30.64621,104.041366,True
53530,1,10327,30.673016,104.057142,10694,30.667072,104.065342,True
53538,1,10328,30.644321,104.081292,10963,30.624946,104.064683,True
53545,1,10330,30.661746,104.087033,10911,30.654815,104.079968,True
53548,1,10330,30.693283,104.04459,10910,30.713877,104.039752,True
53551,1,10330,30.680846,103.989168,10822,30.703793,104.004463,True
53567,1,10332,30.651501,104.070522,10631,30.660709,104.076802,True
53568,1,10332,30.687672,104.076719,11796,30.641564,104.083803,True
53575,1,10333,30.61824,104.129731,10829,30.614338,104.123148,True
53580,1,10333,30.647314,104.055771,10916,30.625897,104.075159,True
53581,1,10333,30.650687,104.109509,11629,30.644513,104.049672,True
53589,1,10335,30.625181,104.062315,10742,30.613427,104.067394,True
53597,1,10336,30.636199,104.048889,10793,30.668514,104.040725,True
53606,1,10337,30.66791,104.044348,11114,30.69444,104.066531,True
53607,1,10337,30.613776,104.058174,16467,30.636107,104.127093,True
53619,1,10339,30.684604,104.084631,10982,30.663187,104.056154,True
53622,1,10339,30.605405,104.082804,11460,30.655213,104.041455,True
53633,1,10341,30.646178,104.075094,10587,30.66072,104.086311,True
53634,1,10341,30.707338,103.999932,10637,30.704487,104.011884,True
53635,1,10341,30.623866,104.079568,11681,30.688055,104.076584,True
53636,1,10341,30.677398,104.04935,10584,30.673503,104.056513,True
53657,1,10345,30.637647,104.02714,11341,30.678174,104.007661,True
53666,1,10346,30.645359,104.022208,11681,30.662107,104.075836,True
53667,1,10346,30.665806,104.073944,11035,30.685823,104.067976,True
53668,1,10347,30.624648,104.066985,11236,30.673198,104.101843,True
53676,1,10348,30.637484,104.038967,11080,30.662551,104.021934,True
53681,1,10349,30.625635,104.093515,10730,30.638531,104.094934,True
53682,1,10349,30.658998,104.093529,11215,30.699229,104.106811,True
53687,1,10350,30.678924,104.090442,11486,30.622952,104.097839,True
53689,1,10350,30.639672,104.097823,12085,30.702841,104.072332,True
53701,1,10351,30.666709,104.039462,11282,30.69577,104.072955,True
53706,1,10352,30.714794,104.095375,11395,30.693138,104.01178,True
53735,1,10355,30.652957,104.089593,10970,30.644417,104.075044,True
53738,1,10355,30.672878,104.10918,12293,30.672088,104.004155,True
53750,1,10357,30.649163,104.125648,10969,30.622388,104.098726,True
53755,1,10357,30.665788,104.104946,10823,30.682227,104.099497,True
53757,1,10358,30.643681,104.045442,10662,30.643345,104.066071,True
53760,1,10358,30.670598,104.124071,11429,30.656153,104.083957,True
53764,1,10359,30.655022,104.066182,11040,30.6755,104.060098,True
53778,1,10361,30.636997,104.015468,10840,30.6332,103.987358,True
53792,1,10362,30.704125,104.012276,10568,30.711823,104.000977,True
53797,1,10363,30.636881,104.053782,10697,30.620787,104.045312,True
53802,1,10363,30.640243,104.103158,11115,30.643037,104.066453,True
53819,1,10366,30.645397,104.10619,10944,30.658334,104.078151,True
53826,1,10366,30.643181,104.029414,10695,30.644043,104.018444,True
53845,1,10368,30.628919,103.997962,10960,30.643458,104.025282,True
53857,1,10370,30.71149,104.07891,11526,30.655527,104.1433,True
53859,1,10371,30.693159,104.165462,10612,30.685414,104.162942,True
53861,1,10371,30.625775,104.101165,11012,30.63731,104.071009,True
53864,1,10371,30.653168,104.050584,10598,30.659245,104.060249,True
53866,1,10372,30.601712,104.074349,10935,30.632252,104.066878,True
53867,1,10372,30.637134,104.04686,11137,30.682433,104.072129,True
53873,1,10373,30.642769,104.079431,10781,30.65858,104.066502,True
53879,1,10374,30.662337,104.018393,10876,30.639218,104.034665,True
53883,1,10375,30.644747,104.094895,10794,30.634143,104.077431,True
53886,1,10375,30.63264,104.039004,10641,30.638557,104.028933,True
53889,1,10376,30.63089,104.15093,11459,30.667524,104.08823,True
53891,1,10376,30.663347,104.069012,11161,30.6539,104.040857,True
53908,1,10377,30.651765,104.045036,10733,30.665232,104.055769,True
53921,1,10379,30.627898,103.995808,11040,30.648293,103.982655,True
53924,1,10379,30.641866,104.023043,11527,30.704742,104.014265,True
53926,1,10379,30.692565,104.039934,10792,30.66323,104.040699,True
53932,1,10380,30.674113,104.111876,10838,30.705347,104.103689,True
53938,1,10380,30.630407,104.053844,10655,30.636376,104.056682,True
53943,1,10380,30.666779,104.080939,10900,30.655469,104.074773,True
53944,1,10380,30.636711,104.042089,11371,30.653264,104.07886,True
53945,1,10380,30.654662,104.080071,10789,30.670793,104.071197,True
53947,1,10380,30.667224,104.066909,12126,30.708904,103.998307,True
53949,1,10381,30.624961,104.066503,11397,30.701065,104.102354,True
53963,1,10382,30.640052,104.102825,11386,30.669457,104.060193,True
53966,1,10382,30.669914,104.067612,11259,30.644467,104.074752,True
53968,1,10383,30.638858,104.055206,11047,30.653337,104.079091,True
53970,1,10383,30.671547,104.078477,11024,30.66236,104.048459,True
53972,1,10383,30.627784,104.140178,11622,30.608604,104.058684,True
53974,1,10383,30.667081,104.087753,10733,30.65582,104.078824,True
53985,1,10386,30.659807,104.082923,10941,30.623836,104.07946,True
53989,1,10386,30.633785,104.075337,10900,30.648353,104.060097,True
53990,1,10386,30.678121,104.048702,10686,30.691197,104.04867,True
54016,1,10390,30.670744,104.081754,10908,30.654377,104.086869,True
54017,1,10390,30.64786,104.021163,10572,30.643535,104.025052,True
54018,1,10390,30.672926,104.084339,10808,30.657837,104.080026,True
54046,1,10393,30.667568,104.021357,10795,30.661461,104.016285,True
54061,1,10395,30.673067,104.070969,12748,30.672752,104.071625,True
54081,1,10398,30.651536,104.070558,10693,30.639565,104.06626,True
54089,1,10398,30.671566,104.070022,11068,30.668281,104.049321,True
54095,1,10400,30.650997,104.080365,11863,30.662628,104.016161,True
54111,1,10402,30.669787,104.025035,11540,30.705343,104.011056,True
54112,1,10402,30.603106,104.102969,10987,30.603209,104.06186,True
54118,1,10403,30.66864,104.084832,11571,30.636579,104.043101,True
54119,1,10403,30.632455,104.027009,11393,30.67209,104.054285,True
54125,1,10404,30.668591,104.031523,10962,30.686091,103.991281,True
54135,1,10405,30.686193,104.100395,10921,30.657501,104.081625,True
54137,1,10405,30.670661,104.081813,12343,30.681868,104.08747,True
54142,1,10406,30.643944,104.073848,10985,30.635402,104.052995,True
54147,1,10407,30.62327,104.104722,10882,30.613763,104.093797,True
54162,1,10408,30.623912,104.103771,10755,30.638579,104.095095,True
54169,1,10409,30.670879,104.062125,12131,30.66561,104.163428,True
54174,1,10409,30.640178,104.053657,10916,30.654186,104.045076,True
54180,1,10410,30.664762,104.042847,11108,30.668195,104.070834,True
54182,1,10411,30.668121,104.137173,11390,30.644524,104.092729,True
54201,1,10414,30.616075,104.137582,10847,30.648723,104.139608,True
54203,1,10414,30.708634,104.039155,11020,30.661849,104.040599,True
54223,1,10417,30.628519,104.151927,11102,30.650617,104.11533,True
54228,1,10418,30.614135,104.093908,10938,30.634963,104.078891,True
54230,1,10419,30.684156,104.084363,11181,30.65775,104.080006,True
54234,1,10419,30.635228,104.058864,10741,30.642746,104.073029,True
54259,1,10422,30.619048,104.128331,11315,30.653387,104.079093,True
54265,1,10423,30.614087,104.051028,11403,30.601912,104.105235,True
54272,1,10423,30.612755,104.10443,11829,30.641505,104.050261,True
54286,1,10425,30.677528,104.05327,10588,30.676334,104.051646,True
54293,1,10427,30.625272,104.07625,11418,30.681951,104.086619,True
54294,1,10427,30.639792,104.097624,11141,30.608656,104.076212,True
54308,1,10430,30.636965,104.140495,10983,30.650135,104.117431,True
54323,1,10432,30.672695,104.047876,11016,30.645323,104.074985,True
54328,1,10432,30.641467,104.03761,10646,30.646188,104.041352,True
54332,1,10433,30.677937,104.002324,11007,30.704628,104.014185,True
54333,1,10433,30.626291,104.069306,10530,30.639708,104.06645,True
54335,1,10433,30.661327,104.050373,11796,30.695852,104.07298,True
54338,1,10433,30.670245,104.051857,11279,30.704807,104.014514,True
54344,1,10434,30.695579,104.072769,11061,30.681822,104.084445,True
54346,1,10434,30.693142,104.0734,12002,30.644404,104.058512,True
54352,1,10435,30.630782,104.066534,11200,30.640303,104.028138,True
54353,1,10435,30.683004,104.046181,11088,30.695841,104.072984,True
54364,1,10437,30.674032,104.040395,10587,30.667503,104.040719,True
54372,1,10438,30.641609,104.035164,11546,30.602982,104.006871,True
54375,1,10438,30.627983,104.048044,11691,30.705089,104.103505,True
54382,1,10439,30.622767,104.066657,10783,30.624857,104.047912,True
54389,1,10440,30.648697,104.061793,11492,30.685296,104.066207,True
54396,1,10441,30.645549,104.05934,11311,30.660121,104.077943,True
54414,1,10444,30.651254,104.063293,11180,30.651376,104.080305,True
54415,1,10444,30.644068,104.10544,10874,30.624733,104.096279,True
54418,1,10444,30.624927,104.062604,10948,30.644139,104.049626,True
54422,1,10444,30.643724,104.095427,10999,30.642885,104.08732,True
54423,1,10444,30.665493,104.041588,10692,30.658829,104.040759,True
54424,1,10444,30.646556,104.118895,11889,30.641187,104.066142,True
54427,1,10445,30.67109,104.082027,11076,30.661998,104.054859,True
54428,1,10445,30.715115,104.113283,11154,30.679774,104.096539,True
54430,1,10445,30.63738,104.069292,10863,30.650827,104.073803,True
54440,1,10447,30.694472,104.062293,11442,30.629464,104.141891,True
54442,1,10447,30.665401,104.079118,10954,30.66097,104.054885,True
54446,1,10447,30.661552,104.040724,10856,30.667107,104.040817,True
54447,1,10447,30.649967,104.085473,10594,30.652971,104.078846,True
54454,1,10449,30.679145,104.120974,10810,30.673305,104.101663,True
54469,1,10451,30.67132,104.082252,11092,30.66192,104.054919,True
54470,1,10451,30.707514,104.047366,10970,30.691731,104.047413,True
54472,1,10451,30.652233,104.111847,10677,30.650944,104.104755,True
54475,1,10452,30.656161,104.071005,11285,30.678187,104.087887,True
54478,1,10452,30.685387,104.093649,10746,30.682801,104.087119,True
54486,1,10453,30.667944,104.034982,10756,30.680894,104.044091,True
54494,1,10454,30.670347,104.018543,11033,30.629936,104.025845,True
54508,1,10457,30.674058,104.054947,10894,30.665047,104.065538,True
54512,1,10457,30.651733,104.06984,10728,30.663745,104.072261,True
54517,1,10457,30.636053,104.128122,11403,30.653434,104.116399,True
54519,1,10457,30.650214,104.109327,11474,30.673534,104.068874,True
54527,1,10458,30.616598,104.08194,10715,30.634089,104.077494,True
54529,1,10458,30.695825,104.072822,11776,30.63607,104.127899,True
54535,1,10459,30.625072,104.068081,11387,30.673102,104.048281,True
54542,1,10460,30.660241,104.094409,10729,30.650678,104.105207,True
54543,1,10460,30.710974,104.037221,11660,30.644602,104.05847,True
54554,1,10462,30.668979,104.103153,10921,30.643853,104.100007,True
54557,1,10462,30.678096,104.0426,11275,30.695816,104.072912,True
54558,1,10462,30.661988,104.054865,11089,30.644396,104.049461,True
54569,1,10464,30.704285,104.003359,10882,30.675975,103.989204,True
54570,1,10464,30.669317,104.021919,11330,30.694314,104.052461,True
54584,1,10465,30.682622,104.123773,11691,30.654526,104.080008,True
54590,1,10466,30.62073,104.102372,11290,30.652901,104.078729,True
54592,1,10466,30.648647,104.074575,11199,30.635962,104.114264,True
54599,1,10467,30.626884,104.03386,11844,30.60412,104.127869,True
54628,1,10470,30.699396,104.103377,11159,30.661248,104.086567,True
54629,1,10470,30.628612,104.143969,11024,30.665266,104.163343,True
54634,1,10471,30.67024,104.065463,10824,30.678956,104.047463,True
54646,1,10472,30.64998,104.085618,11895,30.627239,104.007976,True
54654,1,10472,30.647901,104.016721,11149,30.694692,104.054143,True
54660,1,10473,30.640061,104.06121,10854,30.644236,104.04758,True
54667,1,10474,30.667076,104.060327,10502,30.669676,104.059642,True
54670,1,10475,30.67218,104.085843,10694,30.657238,104.088705,True
54672,1,10475,30.700252,104.022282,10723,30.691374,104.023456,True
54691,1,10477,30.65871,104.076031,11227,30.631918,104.066462,True
54699,1,10478,30.647116,104.083257,10712,30.661152,104.086514,True
54704,1,10478,30.674488,104.019386,11522,30.689275,104.051221,True
54710,1,10479,30.643054,104.091788,10797,30.621755,104.076931,True
54714,1,10480,30.613524,104.093835,10840,30.627741,104.090163,True
54723,1,10481,30.692799,104.046677,11765,30.643362,104.061492,True
54725,1,10481,30.706699,103.995606,10841,30.705425,104.010769,True
54732,1,10482,30.668241,104.114382,11289,30.662955,104.085212,True
54738,1,10482,30.625966,104.1095,11123,30.628871,104.137826,True
54745,1,10484,30.673861,104.093437,11093,30.65599,104.081264,True
54755,1,10485,30.636562,104.128493,12004,30.643382,104.06156,True
54760,1,10485,30.68614,104.024725,10524,30.686154,104.024354,True
54765,1,10486,30.636602,104.032825,11668,30.651725,104.005802,True
54776,1,10488,30.665394,104.097871,10958,30.682387,104.115403,True
54777,1,10488,30.670927,104.081885,10905,30.649407,104.073059,True
54779,1,10488,30.695405,104.072549,11065,30.683905,104.08426,True
54787,1,10489,30.60238,104.068231,12556,30.602326,104.068431,True
54790,1,10489,30.633045,104.034552,11124,30.620628,104.09444,True
54797,1,10490,30.667813,104.065878,10864,30.677024,104.050307,True
54809,1,10492,30.684585,104.117023,10866,30.704876,104.103645,True
54811,1,10492,30.641941,104.081893,11094,30.651996,104.111972,True
54819,1,10493,30.629486,104.067973,11062,30.644585,104.059072,True
54822,1,10494,30.642368,104.048474,10668,30.642403,104.057227,True
54836,1,10497,30.662047,104.09086,11016,30.682022,104.084767,True
54841,1,10497,30.630763,104.050467,10700,30.640397,104.058277,True
54857,1,10499,30.631898,104.030515,11499,30.622009,103.989906,True
54860,1,10499,30.637995,104.058119,11352,30.662426,104.026527,True
54861,1,10499,30.61501,104.124238,11805,30.633481,104.061335,True
54863,1,10500,30.667659,103.995019,11975,30.601514,104.044128,True
54878,1,10501,30.658377,104.077796,14343,30.64492,104.105949,True
54887,1,10502,30.600117,103.987919,11850,30.632817,104.031772,True
54891,1,10502,30.667291,104.008495,11046,30.689693,104.018708,True
54896,1,10502,30.663755,104.045279,11359,30.661902,104.104331,True
54903,1,10503,30.673602,104.112141,11577,30.695894,104.072987,True
54905,1,10503,30.67741,104.004214,11104,30.661276,104.0407,True
54924,1,10506,30.677785,104.048804,10947,30.66588,104.041534,True
54931,1,10508,30.662388,104.016539,11589,30.654957,104.079942,True
54935,1,10509,30.693324,104.013301,12207,30.695689,104.073001,True
54939,1,10509,30.646143,104.039677,11345,30.623056,104.067052,True
54940,1,10510,30.650094,104.109096,12316,30.635863,104.01735,True
54945,1,10510,30.692109,104.015925,10871,30.682849,104.003484,True
54950,1,10510,30.615185,104.136526,11417,30.660886,104.117392,True
54974,1,10513,30.687744,104.049821,11334,30.705408,104.066113,True
54979,1,10514,30.680658,104.136197,12322,30.639564,104.066307,True
54983,1,10514,30.667656,104.114374,10936,30.668316,104.116524,True
54992,1,10515,30.649226,104.066413,10648,30.658328,104.068857,True
54994,1,10516,30.688433,104.053124,11514,30.636869,104.033073,True
55006,1,10517,30.68645,104.058831,11080,30.683583,104.031835,True
55013,1,10518,30.68755,104.081786,11043,30.659897,104.093996,True
55015,1,10518,30.682242,104.0004,11354,30.650319,104.021809,True
55020,1,10519,30.684841,104.11222,31340,30.679158,104.136598,True
55026,1,10520,30.68895,104.045607,10930,30.667626,104.044853,True
55027,1,10520,30.646082,104.077309,11634,30.649827,104.01387,True
55034,1,10521,30.673476,104.048545,11822,30.645284,104.051681,True
55039,1,10522,30.602279,104.069965,10940,30.625507,104.058175,True
55044,1,10522,30.693395,104.16727,12417,30.659091,104.060941,True
55045,1,10522,30.604393,104.080698,10804,30.620108,104.077673,True
55053,1,10525,30.641116,104.039515,13076,30.642044,104.041964,True
55069,1,10527,30.6169,104.077376,10974,30.631532,104.066864,True
55073,1,10527,30.621438,104.14543,11130,30.664871,104.163382,True
55079,1,10528,30.653882,104.025998,10854,30.641105,104.010977,True
55082,1,10528,30.607132,104.117266,11000,30.622432,104.105997,True
55090,1,10529,30.650819,104.117185,11343,30.647591,104.162263,True
55097,1,10530,30.621658,104.080128,20970,30.637906,104.045087,True
55098,1,10530,30.671584,104.012518,12524,30.662623,104.089219,True
55099,1,10530,30.701533,104.040132,11717,30.697647,104.160719,True
55108,1,10531,30.643532,104.082986,11171,30.645694,104.075079,True
55110,1,10531,30.638728,104.091193,35776,30.624422,104.096609,True
55111,1,10532,30.667455,104.040495,11048,30.656522,104.070761,True
55121,1,10533,30.621795,104.124539,12034,30.694764,104.072345,True
55125,1,10534,30.624308,104.080421,11734,30.621428,103.988544,True
55132,1,10535,30.647389,104.112237,10980,30.629768,104.14188,True
55134,1,10536,30.638351,104.094991,11427,30.621612,104.057706,True
55135,1,10536,30.65974,104.079115,10801,30.652686,104.081404,True
55136,1,10536,30.673757,104.004539,11981,30.691771,104.048975,True
55138,1,10536,30.682404,104.045028,11179,30.662561,104.027777,True
55142,1,10537,30.641474,104.066245,10899,30.637823,104.075937,True
55144,1,10537,30.662412,104.019355,11783,30.6519,104.08231,True
55145,1,10537,30.668427,104.08012,11420,30.696032,104.072882,True
55175,1,10540,30.640513,104.028407,10662,30.636719,104.031007,True
55176,1,10541,30.655697,104.1206,11113,30.636015,104.127748,True
55186,1,10542,30.650525,103.999869,11931,30.665308,104.063623,True
55187,1,10542,30.6479,104.03274,11434,30.61565,104.012252,True
55201,1,10544,30.700698,104.103825,11196,30.667316,104.136894,True
55207,1,10545,30.652045,104.1031,11054,30.656202,104.081012,True
55209,1,10546,30.663003,104.040641,11084,30.636417,104.04294,True
55213,1,10546,30.649965,104.072186,11424,30.650955,104.032876,True
55230,1,10549,30.652713,104.052977,10822,30.659514,104.039944,True
55231,1,10549,30.653035,104.089859,10924,30.641196,104.102579,True
55234,1,10549,30.661011,104.009316,10732,30.662457,104.020167,True
55244,1,10550,30.618769,104.043528,10854,30.624183,104.050143,True
55250,1,10551,30.674242,104.048804,11149,30.658348,104.029117,True
55255,1,10552,30.677183,103.987566,11217,30.709894,104.011845,True
55258,1,10552,30.69559,104.072729,12419,30.662295,104.022739,True
55273,1,10554,30.693702,104.038186,10669,30.694401,104.043761,True
55275,1,10555,30.692966,104.025567,11459,30.694786,104.056115,True
55277,1,10555,30.665992,104.041154,11458,30.669341,104.006844,True
55279,1,10556,30.682149,104.084814,10566,30.682169,104.084821,True
55286,1,10556,30.656895,104.081417,10559,30.660629,104.081704,True
55289,1,10556,30.624796,104.055871,11361,30.605303,104.084385,True
55306,1,10559,30.636435,104.125934,10965,30.622793,104.105529,True
55322,1,10561,30.685814,104.073728,11288,30.636449,104.048368,True
55324,1,10561,30.620751,104.098459,10968,30.637921,104.106952,True
55326,1,10561,30.653388,104.079048,10817,30.649245,104.069263,True
55327,1,10561,30.669374,104.032205,11368,30.644516,104.049667,True
55337,1,10563,30.675555,104.060101,10839,30.684035,104.052499,True
55339,1,10563,30.677888,103.997787,11675,30.70345,104.053906,True
55342,1,10563,30.66695,104.091816,10987,30.65778,104.07982,True
55346,1,10564,30.615203,104.0824,10963,30.603559,104.076315,True
55351,1,10564,30.644743,104.0631,10951,30.66666,104.06568,True
55352,1,10564,30.675962,104.117141,10623,30.670313,104.119284,True
55357,1,10565,30.652165,104.091456,11476,30.682127,104.084803,True
55361,1,10566,30.68594,104.035358,10982,30.673654,104.055424,True
55364,1,10566,30.710412,104.043226,10607,30.710007,104.039627,True
55388,1,10568,30.653141,104.077082,11772,30.680791,104.122037,True
55392,1,10569,30.655395,104.104803,10816,30.650748,104.117155,True
55393,1,10569,30.649698,104.062102,11498,30.648438,104.108273,True
55394,1,10569,30.622537,104.143562,11077,30.636382,104.126954,True
55399,1,10569,30.650927,104.120269,12459,30.608243,104.036339,True
55405,1,10570,30.641606,104.01893,11764,30.636064,104.128093,True
55416,1,10572,30.626899,104.114243,11959,30.644455,104.049454,True
55419,1,10572,30.666646,104.033737,11071,30.683988,104.043573,True
55420,1,10573,30.653021,104.078677,11995,30.719415,104.030801,True
55424,1,10573,30.673677,104.068883,11696,30.718044,104.032001,True
55429,1,10574,30.702032,104.103449,11690,30.656985,104.021594,True
55431,1,10574,30.64445,104.058924,11404,30.663094,104.087789,True
55448,1,10576,30.64771,104.118871,10887,30.639065,104.106658,True
55459,1,10577,30.653823,104.079496,11837,30.632018,104.030645,True
55468,1,10578,30.708293,103.993795,11477,30.669143,104.018346,True
55470,1,10578,30.680243,104.016451,10714,30.687133,104.016732,True
55481,1,10580,30.656305,104.068666,10917,30.644303,104.075027,True
55484,1,10580,30.63931,104.118572,10610,30.637481,104.122218,True
55490,1,10581,30.630731,104.151512,10908,30.638794,104.140768,True
55491,1,10581,30.670628,104.065922,11214,30.651543,104.070409,True
55495,1,10582,30.64751,104.064635,11259,30.662371,104.0277,True
55496,1,10582,30.678245,104.070012,11526,30.636058,104.127584,True
55497,1,10582,30.660211,104.082514,10945,30.644402,104.074851,True
55500,1,10583,30.660429,104.135336,11124,30.642042,104.119677,True
55502,1,10583,30.656686,104.092324,10682,30.653781,104.090199,True
55503,1,10583,30.695784,104.072733,11349,30.680465,104.0624,True
55518,1,10586,30.627278,104.144736,10751,30.630452,104.152128,True
55522,1,10586,30.617334,104.104525,12128,30.672008,104.054303,True
55523,1,10586,30.666957,104.087695,11399,30.65023,104.037163,True
55534,1,10588,30.711978,104.109524,11569,30.662289,104.086397,True
55538,1,10588,30.646658,104.037383,11110,30.625964,104.04703,True
55539,1,10589,30.629035,104.044147,11567,30.661019,104.012359,True
55541,1,10589,30.65851,104.042433,11403,30.654504,104.070686,True
55553,1,10590,30.649144,104.067176,11163,30.663417,104.056265,True
55564,1,10591,30.664647,104.088714,11999,30.702769,104.071304,True
55566,1,10591,30.648199,104.120471,11342,30.609058,104.114306,True
55568,1,10592,30.660549,104.07237,10845,30.666865,104.065672,True
55571,1,10592,30.63901,104.066333,11050,30.612033,104.077649,True
55578,1,10592,30.712566,104.029982,10978,30.717025,104.005253,True
55586,1,10594,30.611136,104.104964,50110,30.612788,104.108847,True
55590,1,10594,30.632962,104.001256,11346,30.653108,104.014331,True
55592,1,10595,30.680679,104.077948,10889,30.68011,104.088424,True
55599,1,10595,30.633717,104.099927,11732,30.637121,104.043568,True
55610,1,10597,30.681375,104.061143,11378,30.65946,104.079658,True
55618,1,10598,30.630195,104.049641,11240,30.663683,104.040983,True
55622,1,10598,30.657009,104.080045,11930,30.693919,104.066277,True
55625,1,10600,30.671956,104.059459,11051,30.673096,104.07417,True
55628,1,10600,30.668473,104.088933,11043,30.670851,104.075984,True
55631,1,10600,30.62399,104.045966,10819,30.616537,104.051464,True
55636,1,10600,30.6831,104.040117,11671,30.651013,103.995912,True
55655,1,10603,30.639059,104.03468,12053,30.66712,104.14518,True
55666,1,10605,30.665991,104.047441,10816,30.67386,104.044016,True
55670,1,10605,30.66781,104.099166,11909,30.637906,104.162076,True
55673,1,10606,30.683517,104.06551,11402,30.653483,104.075833,True
55675,1,10606,30.695457,104.069965,10616,30.69537,104.069848,True
55685,1,10607,30.668247,104.100646,11116,30.682086,104.084785,True
55687,1,10607,30.637333,104.153091,10893,30.627674,104.141998,True
55714,1,10612,30.683581,104.09144,11075,30.662374,104.078186,True
55717,1,10612,30.671223,104.06121,11572,30.63611,104.127478,True
55721,1,10613,30.651871,104.079639,11640,30.662462,104.020986,True
55726,1,10613,30.662012,104.101749,11525,30.658521,104.066408,True
55730,1,10614,30.672302,104.083622,11043,30.685363,104.066232,True
55733,1,10614,30.689335,104.057091,11710,30.682953,104.004653,True
55747,1,10616,30.646102,104.092371,11122,30.640592,104.075525,True
55748,1,10616,30.674109,104.064842,11913,30.62619,104.058207,True
55749,1,10616,30.676156,104.006378,11176,30.69353,104.033481,True
55764,1,10617,30.648372,104.099384,11064,30.656055,104.080494,True
55767,1,10618,30.662057,104.062582,11862,30.68215,104.084824,True
55768,1,10618,30.633319,104.06057,11593,30.636087,104.127624,True
55770,1,10618,30.638766,103.985376,11346,30.677419,103.986033,True
55775,1,10618,30.643453,104.123676,11030,30.654536,104.120047,True
55776,1,10618,30.635345,104.011528,12335,30.629617,104.065574,True
55780,1,10619,30.662302,104.020485,11350,30.62373,104.048876,True
55786,1,10620,30.641861,104.077093,11705,30.637384,104.133102,True
55787,1,10620,30.642843,104.103415,12688,30.714138,104.042328,True
55791,1,10621,30.678362,104.087878,11338,30.654778,104.068798,True
55793,1,10621,30.669043,104.057068,11406,30.635526,104.09151,True
55796,1,10622,30.617919,104.057573,12257,30.702281,104.072855,True
55802,1,10622,30.639422,104.02816,10967,30.639077,104.015026,True
55807,1,10624,30.705313,104.094016,10683,30.707748,104.095859,True
55814,1,10625,30.628455,104.138003,11647,30.638739,104.082188,True
55820,1,10625,30.644261,104.139711,11941,30.616281,104.068819,True
55823,1,10625,30.675034,104.053229,10989,30.684704,104.041713,True
55825,1,10626,30.633864,104.02967,11342,30.663411,104.040818,True
55830,1,10626,30.646337,104.038433,11866,30.601112,104.02553,True
55836,1,10627,30.670999,104.12427,11123,30.665427,104.098934,True
55838,1,10627,30.658233,104.089119,11381,30.63409,104.066424,True
55840,1,10628,30.6666,104.046858,11435,30.681862,104.084475,True
55844,1,10628,30.705386,104.010865,12188,30.655764,104.117398,True
55845,1,10629,30.686236,104.102243,11648,30.64347,104.061315,True
55847,1,10629,30.687704,104.108831,11332,30.655103,104.079968,True
55849,1,10629,30.65565,104.099602,12283,30.706268,104.020031,True
55850,1,10629,30.663056,104.021444,10948,30.650663,104.021816,True
55851,1,10629,30.61522,104.105867,11649,30.602973,104.06105,True
55856,1,10630,30.662394,104.022444,11432,30.680678,104.014755,True
55857,1,10630,30.620621,104.07683,11126,30.635593,104.091486,True
55860,1,10631,30.621046,104.071766,11694,30.672887,104.124759,True
55863,1,10631,30.713559,104.103248,11716,30.68816,104.077317,True
55868,1,10631,30.665561,104.001433,11020,30.662319,104.025712,True
55874,1,10632,30.662668,104.031435,11665,30.64431,104.075062,True
55877,1,10632,30.637805,104.043844,12058,30.629859,104.14137,True
55885,1,10632,30.672054,104.13648,12047,30.675558,104.052035,True
55886,1,10632,30.66641,104.137272,11177,30.687173,104.150806,True
55888,1,10633,30.638492,104.066304,11157,30.602999,104.096709,True
55889,1,10633,30.643499,104.025139,11589,30.603368,104.054982,True
55890,1,10633,30.670588,104.062046,11020,30.666755,104.052477,True
55891,1,10633,30.703616,104.092915,10894,30.704009,104.082397,True
55897,1,10634,30.636269,104.053316,12209,30.636998,103.996924,True
55898,1,10634,30.638059,104.100887,11140,30.638795,104.075996,True
55904,1,10634,30.657991,104.067517,11198,30.669983,104.081187,True
55907,1,10635,30.657998,104.067479,11053,30.644435,104.074706,True
55914,1,10635,30.654863,104.052165,10860,30.651725,104.045287,True
55920,1,10636,30.688884,104.020918,10980,30.702956,104.027319,True
55930,1,10637,30.688126,104.076596,11719,30.662032,104.023528,True
55932,1,10637,30.604207,104.126342,12050,30.623613,104.042277,True
55933,1,10637,30.615877,104.040543,11386,30.624544,104.102131,True
55950,1,10639,30.611978,104.068828,11347,30.611562,104.038721,True
55956,1,10640,30.638184,104.094764,10909,30.625408,104.094071,True
55991,1,10644,30.610818,104.092316,11571,30.650532,104.08921,True
55996,1,10645,30.625937,104.094118,11014,30.645263,104.093553,True
56002,1,10645,30.677728,104.037841,10960,30.69049,104.028884,True
56003,1,10645,30.6587,104.07344,10949,30.650412,104.062454,True
56007,1,10646,30.671839,104.075517,11123,30.68805,104.051437,True
56008,1,10646,30.681247,104.072269,11305,30.651628,104.065812,True
56012,1,10646,30.673079,104.098008,11487,30.695938,104.07299,True
56013,1,10646,30.650853,104.031349,11300,30.656431,104.067024,True
56014,1,10646,30.704182,104.103635,11731,30.65437,104.086855,True
56015,1,10646,30.619079,104.145854,11931,30.634183,104.077366,True
56019,1,10647,30.7098,104.0073,10935,30.705809,103.996632,True
56021,1,10647,30.655631,104.120283,23465,30.646048,104.160286,True
56022,1,10648,30.71008,104.040634,11859,30.675677,104.070218,True
56027,1,10648,30.635639,104.10517,12001,30.614112,104.04816,True
56034,1,10649,30.700658,104.09001,11335,30.695615,104.073615,True
56035,1,10649,30.706008,104.07592,11798,30.674439,104.139162,True
56036,1,10649,30.625244,104.032915,11259,30.64346,104.061351,True
56038,1,10649,30.706044,104.078702,11883,30.694622,104.074747,True
56050,1,10651,30.646604,104.082916,10883,30.653328,104.076445,True
56074,1,10653,30.657222,104.084598,11370,30.649091,104.066607,True
56107,1,10657,30.623552,103.986293,11158,30.637767,104.008133,True
56111,1,10657,30.636289,104.093092,10986,30.654074,104.087976,True
56115,1,10657,30.637052,104.06018,12127,30.695699,104.073023,True
56127,1,10659,30.64309,104.072064,10669,30.642774,104.07227,True
56128,1,10660,30.633327,103.995424,11333,30.643679,104.025441,True
56132,1,10660,30.667792,104.078235,11020,30.672841,104.068424,True
56133,1,10660,30.64202,104.087106,11201,30.61445,104.094776,True
56154,1,10663,30.610728,104.077364,11063,30.64534,104.075099,True
56162,1,10665,30.63501,104.058952,12033,30.690321,104.07631,True
56166,1,10665,30.673186,104.13773,11367,30.662582,104.096575,True
56170,1,10666,30.673325,104.021463,11067,30.650347,104.022337,True
56173,1,10666,30.718378,104.111773,11279,30.709693,104.019264,True
56178,1,10667,30.633949,104.058566,11950,30.670109,104.063207,True
56189,1,10668,30.657284,104.107842,10948,30.652295,104.091317,True
56193,1,10668,30.64763,104.065468,12245,30.629735,104.143672,True
56194,1,10669,30.624966,104.058034,11060,30.634007,104.077046,True
56200,1,10669,30.677884,104.070434,12158,30.628691,104.138533,True
56201,1,10669,30.674729,104.059414,11900,30.672433,104.007405,True
56217,1,10672,30.665147,104.101102,12134,30.662561,104.017051,True
56219,1,10672,30.638884,104.066263,11631,30.667184,104.088339,True
56223,1,10672,30.654169,104.053219,12514,30.652015,104.078947,True
56234,1,10673,30.663293,104.079094,11383,30.66783,104.107138,True
56238,1,10674,30.709666,104.025543,10921,30.717927,104.032114,True
56243,1,10675,30.662387,104.025371,12162,30.71783,104.032256,True
56253,1,10676,30.647857,104.128622,12133,30.69203,104.04246,True
56255,1,10676,30.648059,104.076359,11585,30.695281,104.066445,True
56257,1,10676,30.666675,104.068838,10686,30.667116,104.068566,True
56265,1,10677,30.650873,104.028859,11094,30.66316,104.040596,True
56274,1,10679,30.703167,104.049544,10961,30.717663,104.043773,True
56275,1,10679,30.611922,104.06662,12458,30.60634,104.077418,True
56299,1,10682,30.644658,104.139699,12328,30.666676,104.040928,True
56303,1,10683,30.691411,104.023739,10987,30.704984,104.024365,True
56309,1,10683,30.691083,104.112638,11374,30.66747,104.077158,True
56310,1,10683,30.641254,104.078924,12378,30.667274,104.039608,True
56314,1,10683,30.686443,104.062944,11438,30.658388,104.072004,True
56315,1,10684,30.664471,104.093629,11027,30.650264,104.085701,True
56323,1,10685,30.681268,104.089918,11391,30.675535,104.050348,True
56327,1,10686,30.666277,104.065645,10845,30.653993,104.065883,True
56343,1,10688,30.679504,103.999008,11998,30.702567,104.07257,True
56349,1,10690,30.647967,104.078819,10935,30.658099,104.085018,True
56353,1,10691,30.690248,104.084963,10814,30.690163,104.084935,True
56358,1,10691,30.646996,104.04131,11247,30.645809,104.078062,True
56366,1,10692,30.65209,104.086922,11496,30.684707,104.105625,True
56373,1,10693,30.672314,103.994665,11893,30.718103,104.068636,True
56374,1,10693,30.652352,104.111747,11636,30.670307,104.063511,True
56385,1,10695,30.643234,104.073466,11580,30.650563,104.0412,True
56432,1,10700,30.618927,104.140822,10978,30.627924,104.141643,True
56434,1,10700,30.66966,104.064282,11321,30.678785,104.080922,True
56438,1,10701,30.672624,104.076565,11735,30.681786,104.023806,True
56442,1,10702,30.635289,104.100016,11155,30.65376,104.108579,True
56446,1,10702,30.680279,104.058831,11104,30.69037,104.074034,True
56449,1,10702,30.651124,104.062806,11138,30.657372,104.071262,True
56457,1,10703,30.645996,104.082871,11026,30.637594,104.090408,True
56464,1,10704,30.644241,104.075315,12177,30.665565,104.006303,True
56477,1,10706,30.622792,104.104628,11485,30.680096,104.114628,True
56485,1,10707,30.669639,104.064251,10811,30.66767,104.065463,True
56490,1,10707,30.616679,104.077034,10976,30.606411,104.086611,True
56497,1,10709,30.669967,104.12184,11429,30.650715,104.085922,True
56521,1,10712,30.64274,104.074021,12193,30.696081,104.072742,True
56527,1,10713,30.661813,104.081942,11645,30.637958,104.043997,True
56530,1,10714,30.676625,104.059552,11262,30.65976,104.056987,True
56531,1,10714,30.684626,104.02643,11275,30.703782,104.033049,True
56541,1,10715,30.642558,104.062162,11634,30.686029,104.051905,True
56542,1,10715,30.670758,104.124333,11866,30.656724,104.067512,True
56548,1,10716,30.70416,104.012702,11159,30.718589,104.031507,True
56552,1,10717,30.65649,104.120045,11111,30.673888,104.109325,True
56553,1,10717,30.629722,104.013654,11722,30.633228,104.061012,True
56557,1,10717,30.702749,104.041725,12326,30.611832,104.062825,True
56568,1,10718,30.626417,104.047277,11150,30.644218,104.049674,True
56586,1,10721,30.657293,104.060759,11272,30.639351,104.066257,True
56587,1,10721,30.646379,104.074882,11511,30.681575,104.061905,True
56593,1,10722,30.692139,104.042571,11146,30.709387,104.052629,True
56596,1,10723,30.699929,104.042443,12143,30.668622,104.110725,True
56622,1,10725,30.653539,104.115232,11962,30.691274,104.049132,True
56624,1,10726,30.680957,104.114002,10989,30.673068,104.100866,True
56626,1,10726,30.669886,104.12117,12157,30.694527,104.012361,True
56627,1,10726,30.672558,104.00834,11097,30.66956,104.003681,True
56628,1,10726,30.603642,104.098247,11872,30.629962,104.026162,True
56640,1,10728,30.624376,104.028283,11560,30.647636,104.056335,True
56685,1,10734,30.654922,104.118836,11526,30.662126,104.097779,True
56690,1,10735,30.651706,104.013546,13944,30.64994,104.01301,True
56695,1,10735,30.649088,104.075825,11650,30.711447,104.102252,True
56699,1,10736,30.644458,104.075146,11389,30.65635,104.06675,True
56702,1,10736,30.664764,104.010583,11883,30.671833,104.110171,True
56714,1,10737,30.610931,104.050502,10854,30.61404,104.053796,True
56715,1,10737,30.696997,104.012845,10962,30.690811,104.022497,True
56725,1,10738,30.691635,104.085938,11765,30.618083,104.129224,True
56728,1,10738,30.669239,104.032198,10985,30.662525,104.027453,True
56732,1,10739,30.679862,104.004874,11510,30.665016,103.997648,True
56735,1,10739,30.632113,104.030847,10994,30.633532,104.038141,True
56739,1,10740,30.656291,104.060811,10883,30.648553,104.06129,True
56743,1,10740,30.655217,104.054095,11059,30.666442,104.040734,True
56744,1,10740,30.650994,104.070529,11382,30.61304,104.083128,True
56751,1,10741,30.674502,104.063883,11255,30.702775,104.065217,True
56764,1,10744,30.648137,104.125727,11410,30.646195,104.106713,True
56765,1,10744,30.640625,104.056171,11127,30.644292,104.075091,True
56769,1,10744,30.684403,104.052074,12118,30.712283,104.102696,True
56787,1,10748,30.673452,104.108918,11479,30.636106,104.127649,True
56797,1,10748,30.636149,104.066692,11129,30.64335,104.061515,True
56799,1,10749,30.647669,104.089207,12187,30.707833,104.029156,True
56808,1,10749,30.6961,104.016859,11093,30.686912,104.034967,True
56818,1,10751,30.689866,104.10671,11082,30.704349,104.103779,True
56821,1,10751,30.667611,104.052268,12716,30.676092,104.134502,True
56825,1,10751,30.642401,104.080419,11301,30.628935,104.082709,True
56831,1,10752,30.639303,104.026716,11398,30.610973,104.007632,True
56833,1,10752,30.628131,104.076552,11484,30.673232,104.101898,True
56836,1,10753,30.668298,104.03283,11281,30.666884,104.061477,True
56840,1,10753,30.684026,104.087996,19196,30.654866,104.069467,True
56845,1,10754,30.690893,104.023146,11449,30.704622,104.014398,True
56849,1,10754,30.71394,104.040498,11458,30.702687,104.071618,True
56851,1,10754,30.659411,104.071529,11490,30.661846,104.035526,True
56852,1,10754,30.67433,104.003312,12272,30.662434,104.048037,True
56859,1,10755,30.667252,104.104875,10889,30.667468,104.104884,True
56863,1,10756,30.641426,104.02988,11702,30.636048,104.127761,True
56865,1,10756,30.626724,104.142617,11381,30.63652,104.127762,True
56878,1,10758,30.65631,104.06372,11294,30.63006,104.06652,True
56879,1,10758,30.650918,104.122226,11194,30.637883,104.107284,True
56882,1,10759,30.695385,104.066494,13590,30.711849,104.102439,True
56887,1,10759,30.650328,104.013551,11105,30.637361,104.022687,True
56891,1,10760,30.672009,104.040644,11317,30.683328,104.080256,True
56898,1,10761,30.704048,104.055345,12058,30.629784,104.141246,True
56911,1,10762,30.623858,104.078261,11871,30.672533,104.040525,True
56925,1,10764,30.654954,104.080349,11169,30.66236,104.085813,True
56926,1,10764,30.640562,104.052341,11365,30.667232,104.059397,True
56929,1,10765,30.685663,104.024977,11877,30.667882,104.120285,True
56930,1,10765,30.65668,104.081356,11073,30.64515,104.07498,True
56931,1,10765,30.663401,104.007863,12458,30.71245,104.064364,True
56945,1,10767,30.669896,104.081026,11227,30.669349,104.065496,True
56947,1,10767,30.633643,104.071822,11477,30.636881,104.030871,True
56951,1,10768,30.641787,104.036165,11188,30.649178,104.054244,True
56952,1,10768,30.6165,104.040578,11228,30.639992,104.053548,True
56969,1,10770,30.669694,104.066036,11578,30.643966,104.095663,True
56975,1,10771,30.695367,104.011424,11584,30.694875,104.054325,True
56976,1,10772,30.66687,104.024985,11712,30.683339,104.080266,True
56977,1,10772,30.694495,104.03356,12021,30.70266,104.072538,True
56990,1,10774,30.663866,104.07241,11013,30.654644,104.070193,True
56992,1,10774,30.651618,104.070794,11627,30.677372,104.115531,True
57001,1,10775,30.655912,104.089544,11132,30.670593,104.090603,True
57007,1,10777,30.677184,104.027649,11994,30.67336,104.10162,True
57011,1,10777,30.703076,104.096719,11264,30.693614,104.086773,True
57012,1,10777,30.674449,104.123112,11839,30.678797,104.069694,True
57014,1,10778,30.60159,104.033991,11590,30.65856,104.066522,True
57024,1,10779,30.715295,104.111823,11940,30.661749,104.095337,True
57041,1,10782,30.629554,104.108979,11094,30.64451,104.105751,True
57064,1,10785,30.681406,104.061822,11923,30.647037,104.125548,True
57075,1,10787,30.601433,104.076949,12074,30.681263,104.086181,True
57076,1,10787,30.606581,104.118069,11464,30.629671,104.141661,True
57077,1,10787,30.628765,104.10542,11598,30.629495,104.069079,True
57078,1,10787,30.685955,104.083546,11286,30.665467,104.077983,True
57082,1,10788,30.661053,104.008693,10798,30.661028,104.008206,True
57083,1,10788,30.697203,104.066808,14932,30.70199,104.050399,True
57084,1,10788,30.632398,104.076372,11743,30.673321,104.084613,True
57088,1,10788,30.648834,104.057564,11115,30.644432,104.074824,True
57089,1,10788,30.670774,104.109158,11672,30.65878,104.080759,True
57095,1,10789,30.647194,104.164468,12728,30.644446,104.0495,True
57104,1,10790,30.638458,104.076029,11373,30.636941,104.099797,True
57105,1,10791,30.632793,104.03881,11454,30.612132,104.072027,True
57107,1,10791,30.694605,104.05525,11560,30.642309,104.057156,True
57116,1,10792,30.6978,104.018606,11214,30.71501,104.015547,True
57119,1,10792,30.67043,104.066697,10956,30.674141,104.064855,True
57126,1,10794,30.669046,104.075764,11551,30.640713,104.056201,True
57135,1,10794,30.65196,104.078226,11681,30.625712,104.051053,True
57136,1,10795,30.628081,104.076463,11028,30.634145,104.077408,True
57143,1,10795,30.626943,104.05194,11745,30.647735,104.088183,True
57177,1,10800,30.667325,104.083591,11106,30.663373,104.073197,True
57178,1,10800,30.69551,104.07269,12287,30.676437,104.143857,True
57186,1,10801,30.674372,104.054315,11495,30.648144,104.065406,True
57190,1,10801,30.685091,104.054999,11782,30.644775,104.075008,True
57191,1,10801,30.683455,104.080598,11756,30.685448,104.066119,True
57198,1,10801,30.689139,104.07338,12014,30.699598,104.10465,True
57202,1,10802,30.671702,104.012634,11271,30.659681,104.034434,True
57204,1,10802,30.639103,104.080049,11333,30.654586,104.066267,True
57208,1,10802,30.603585,104.063525,11108,30.601832,104.0737,True
57216,1,10803,30.667102,103.987035,11655,30.602303,104.067166,True
57223,1,10804,30.676876,104.050206,11287,30.667097,104.063614,True
57232,1,10805,30.663656,103.989744,14018,30.645899,104.054997,True
57233,1,10805,30.612777,104.06703,11862,30.681868,104.030246,True
57237,1,10805,30.69785,104.018547,11056,30.704704,104.014657,True
57242,1,10806,30.686834,104.043609,11538,30.694578,104.064682,True
57243,1,10806,30.634887,104.051726,11172,30.648624,104.05494,True
57246,1,10806,30.639809,104.032597,11336,30.644572,104.058595,True
57253,1,10806,30.630354,104.033684,11174,30.615672,104.045097,True
57257,1,10807,30.683539,104.083802,11840,30.63358,104.06821,True
57278,1,10809,30.676153,104.086523,11408,30.683984,104.111356,True
57283,1,10810,30.677241,104.071506,11290,30.694553,104.074679,True
57287,1,10810,30.61454,104.057624,11890,30.653601,104.077175,True
57289,1,10810,30.640486,104.093301,11323,30.653144,104.0789,True
57293,1,10811,30.613496,104.134222,12327,30.655956,104.06573,True
57301,1,10812,30.665359,104.065944,11132,30.658136,104.07518,True
57307,1,10814,30.663749,104.071535,11011,30.670742,104.066154,True
57313,1,10814,30.661388,104.050583,11777,30.672174,104.011294,True
57321,1,10816,30.643615,104.061037,11307,30.651389,104.040989,True
57322,1,10816,30.696012,104.016906,11370,30.673436,104.010033,True
57324,1,10816,30.640877,104.061666,11140,30.622683,104.064137,True
57332,1,10818,30.628465,104.048569,11279,30.656419,104.067124,True
57340,1,10818,30.637276,104.101303,11832,30.670205,104.056625,True
57349,1,10819,30.651822,104.068483,11491,30.674689,104.071816,True
57350,1,10819,30.648988,104.116945,11857,30.643995,104.075213,True
57353,1,10819,30.63935,104.055438,11337,30.653324,104.075532,True
57362,1,10820,30.68187,104.084825,10859,30.682061,104.084745,True
57374,1,10822,30.645406,104.058895,11330,30.654938,104.043464,True
57390,1,10825,30.62269,104.062703,11664,30.662409,104.075449,True
57395,1,10826,30.648022,104.117928,10964,30.649355,104.114072,True
57397,1,10826,30.671352,104.050217,11473,30.649819,104.038461,True
57409,1,10828,30.623528,104.027834,12162,30.705296,104.103671,True
57416,1,10829,30.664806,104.011283,11392,30.666191,104.040005,True
57449,1,10833,30.608543,104.059928,11967,30.62942,104.143323,True
57454,1,10833,30.635209,104.052588,11186,30.63348,104.038416,True
57459,1,10833,30.6594,104.004809,11274,30.662527,104.03492,True
57460,1,10833,30.651183,104.058653,11546,30.651394,104.058198,True
57472,1,10836,30.668363,104.05234,11637,30.690173,104.076682,True
57484,1,10837,30.646235,104.033123,12522,30.702784,104.07287,True
57489,1,10838,30.617538,104.128752,11504,30.649175,104.117204,True
57490,1,10838,30.717067,103.980188,12634,30.666016,104.077983,True
57496,1,10839,30.686161,104.118582,12487,30.695261,104.066435,True
57500,1,10839,30.654187,104.117267,18437,30.709351,104.038883,True
57508,1,10841,30.614002,104.058643,12967,30.696015,104.072932,True
57513,1,10842,30.633511,103.995772,12410,30.636522,104.127689,True
57518,1,10842,30.649579,104.095907,11661,30.665387,104.042448,True
57519,1,10843,30.645556,104.027255,11793,30.629062,104.071543,True
57528,1,10844,30.643231,104.046474,11439,30.667991,104.040738,True
57529,1,10844,30.621441,104.067273,11620,30.644539,104.049748,True
57536,1,10845,30.66776,104.003618,11171,30.661769,103.991397,True
57542,1,10845,30.650521,104.060254,11426,30.663436,104.071097,True
57546,1,10845,30.678336,104.03604,11313,30.687992,104.073521,True
57553,1,10846,30.631039,104.14067,11356,30.667176,104.163616,True
57554,1,10846,30.649829,104.107164,11822,30.610894,104.092808,True
57556,1,10846,30.691277,104.023637,11151,30.701082,104.044237,True
57558,1,10846,30.694813,104.044064,12060,30.667886,104.12035,True
57566,1,10847,30.637166,104.101114,11372,30.61827,104.102203,True
57574,1,10848,30.672879,104.043324,11269,30.666379,104.057332,True
57590,1,10851,30.670444,104.062815,12048,30.67076,104.108704,True
57592,1,10852,30.644074,104.080806,11384,30.659207,104.07776,True
57593,1,10852,30.693192,104.017163,11203,30.682037,104.004019,True
57598,1,10852,30.701068,104.079505,11163,30.702508,104.072588,True
57605,1,10854,30.602663,104.066697,11027,30.608891,104.059447,True
57637,1,10857,30.608309,103.990862,11945,30.661283,104.013669,True
57646,1,10858,30.638866,104.055174,11215,30.617088,104.040972,True
57647,1,10859,30.690891,104.073236,11809,30.665055,104.051494,True
57652,1,10859,30.661375,104.002112,11075,30.663545,103.992818,True
57655,1,10859,30.652887,104.071634,12175,30.718093,104.031989,True
57657,1,10860,30.65638,104.082256,11665,30.62337,104.07667,True
57663,1,10860,30.6668,104.087626,11675,30.616509,104.07949,True
57670,1,10861,30.655132,104.042997,11590,30.653474,104.075817,True
57674,1,10862,30.690017,104.088145,11657,30.658548,104.06673,True
57682,1,10864,30.678624,104.047632,11174,30.669167,104.055078,True
57701,1,10867,30.619037,104.057483,11436,30.623538,104.034707,True
57705,1,10867,30.694767,104.07116,12408,30.636522,104.05602,True
57708,1,10868,30.662053,104.070736,12082,30.628296,104.141581,True
57710,1,10868,30.669109,104.027207,11909,30.65604,104.052666,True
57717,1,10870,30.66793,104.079906,12116,30.62948,104.143071,True
57724,1,10871,30.692599,104.090114,11586,30.668588,104.08486,True
57727,1,10871,30.630639,104.153792,11441,30.658691,104.160746,True
57730,1,10871,30.698708,104.16656,11281,30.664008,104.162532,True
57734,1,10872,30.662206,104.095829,11495,30.633125,104.094057,True
57736,1,10872,30.665398,104.051649,11390,30.644403,104.049179,True
57737,1,10872,30.660423,104.106112,11303,30.647828,104.088736,True
57739,1,10873,30.643603,104.018322,11626,30.616797,104.077049,True
57747,1,10874,30.635351,104.100015,11119,30.625586,104.094222,True
57755,1,10875,30.676531,104.050657,12115,30.641141,104.102727,True
57759,1,10876,30.676611,104.095184,12160,30.620741,104.09821,True
57761,1,10876,30.621309,104.107302,11272,30.618275,104.119117,True
57762,1,10876,30.686033,104.014656,11334,30.693379,104.033777,True
57789,1,10880,30.624627,104.032314,11962,30.625106,104.03136,True
57792,1,10882,30.61351,103.990679,11331,30.632161,103.999591,True
57807,1,10884,30.615305,104.050974,12403,30.677809,104.009224,True
57815,1,10885,30.685223,103.993169,11441,30.677932,104.008655,True
57817,1,10885,30.613973,104.067279,12514,30.718012,104.032038,True
57831,1,10887,30.618554,104.067196,11730,30.662804,104.040859,True
57832,1,10888,30.611333,104.08143,11908,30.628624,104.163794,True
57835,1,10888,30.649136,104.091243,11171,30.639894,104.099549,True
57850,1,10891,30.640922,104.095413,13784,30.673891,103.986277,True
57852,1,10891,30.667726,104.098683,11386,30.65906,104.080765,True
57853,1,10891,30.661044,104.023909,11381,30.675725,104.028851,True
57865,1,10893,30.701537,104.057388,11809,30.6605,104.05651,True
57871,1,10895,30.662698,104.040679,12434,30.609273,103.992548,True
57874,1,10895,30.644868,104.018632,12055,30.657099,104.07122,True
57875,1,10895,30.67484,104.053549,12382,30.679978,103.991072,True
57880,1,10896,30.662256,104.040651,11067,30.656667,104.040406,True
57884,1,10896,30.632514,104.051054,11324,30.644654,104.049935,True
57895,1,10898,30.669239,104.065604,11889,30.646516,104.106966,True
57896,1,10898,30.651927,104.007995,12737,30.668939,104.080056,True
57899,1,10900,30.705565,104.103732,12415,30.673419,104.040318,True
57900,1,10900,30.68683,104.046946,11929,30.655394,104.008442,True
57903,1,10900,30.672544,104.076119,11227,30.658479,104.067785,True
57905,1,10900,30.643676,104.097219,11848,30.648052,104.065489,True
57906,1,10900,30.654019,104.107702,10993,30.650971,104.114179,True
57913,1,10901,30.678617,104.035996,11979,30.654026,103.991662,True
57916,1,10902,30.624506,104.080578,11667,30.664184,104.102733,True
57925,1,10902,30.662294,104.080839,11675,30.639401,104.06625,True
57932,1,10904,30.668329,104.040403,11629,30.65667,104.068628,True
57939,1,10905,30.655625,104.099632,12548,30.654451,104.120015,True
57948,1,10906,30.605682,104.040797,13073,30.639026,104.016377,True
57955,1,10907,30.644397,104.058795,10970,30.645564,104.057842,True
57968,1,10909,30.690978,104.08882,11430,30.696111,104.072912,True
57969,1,10909,30.675397,104.078538,11484,30.695881,104.072955,True
57981,1,10911,30.686851,104.047117,11969,30.633451,104.038393,True
57982,1,10911,30.660866,104.052504,11320,30.673403,104.04031,True
57985,1,10911,30.685579,104.034229,12212,30.649763,103.996598,True
57988,1,10911,30.652855,104.143273,11850,30.642116,104.093352,True
58004,1,10914,30.686108,104.035982,11493,30.670026,104.063368,True
58009,1,10915,30.628249,103.996263,12457,30.669706,104.064065,True
58014,1,10915,30.65855,104.093125,11177,30.657103,104.081683,True
58018,1,10915,30.658544,104.058317,12088,30.695996,104.072942,True
58033,1,10918,30.612144,104.075571,11584,30.63603,104.127731,True
58036,1,10918,30.709511,104.072205,12173,30.667182,104.162591,True
58047,1,10919,30.664376,104.040591,11751,30.637005,104.014901,True
58053,1,10920,30.642347,104.075406,11980,30.641818,104.037201,True
58060,1,10921,30.673737,104.111307,11431,30.705214,104.103601,True
58063,1,10921,30.713643,103.99124,11676,30.676522,104.012032,True
58071,1,10922,30.683932,104.032616,12541,30.630699,104.02105,True
58083,1,10923,30.61905,104.09863,11613,30.639708,104.093972,True
58089,1,10924,30.670037,104.023119,11272,30.66937,104.041256,True
58090,1,10924,30.670237,104.103358,11864,30.65646,104.081157,True
58097,1,10925,30.667109,104.087991,10987,30.671524,104.091029,True
58111,1,10928,30.677132,104.024876,11981,30.710076,104.040767,True
58126,1,10930,30.646755,104.024749,11447,30.65993,104.040926,True
58129,1,10930,30.671458,104.032752,11535,30.667709,104.00232,True
58132,1,10930,30.656058,104.093901,11487,30.655315,104.080337,True
58135,1,10931,30.642023,104.04812,11529,30.663734,104.040922,True
58137,1,10931,30.631816,104.097265,11254,30.642664,104.080171,True
58141,1,10931,30.661222,104.006252,11389,30.645929,104.021954,True
58143,1,10931,30.663451,104.014198,11451,30.666837,104.039031,True
58146,1,10932,30.611989,104.094624,12000,30.636019,104.127783,True
58148,1,10932,30.702371,104.045998,11292,30.716066,104.04577,True
58149,1,10932,30.613458,104.05415,11482,30.629341,104.053568,True
58151,1,10933,30.655796,104.065712,11154,30.641567,104.056652,True
58153,1,10933,30.657966,104.071204,12180,30.704825,104.014489,True
58155,1,10934,30.719278,104.068489,11315,30.715262,104.091054,True
58160,1,10934,30.630805,104.015351,11425,30.631261,103.993523,True
58168,1,10935,30.654902,104.106242,11971,30.677835,104.070601,True
58169,1,10936,30.637354,104.054776,11316,30.657502,104.067399,True
58170,1,10936,30.695477,104.07253,12655,30.643807,104.09639,True
58173,1,10936,30.68118,103.990067,12365,30.691274,104.049651,True
58175,1,10937,30.656501,104.068077,11183,30.650794,104.070925,True
58177,1,10937,30.6522,104.110608,11744,30.683113,104.112303,True
58178,1,10937,30.689878,104.057149,11301,30.669741,104.064069,True
58181,1,10937,30.633698,104.147226,11105,30.63692,104.132037,True
58184,1,10938,30.672076,104.082876,11640,30.644489,104.074389,True
58185,1,10938,30.65849,104.069164,10954,30.643699,104.07523,True
58188,1,10938,30.662324,104.08099,12170,30.629661,104.141942,True
58190,1,10939,30.676787,104.052307,11579,30.648373,104.060936,True
58194,1,10940,30.678344,104.030672,12200,30.66733,104.072766,True
58196,1,10940,30.717414,104.032235,11841,30.685593,104.057933,True
58200,1,10940,30.678069,104.043073,11033,30.678143,104.046158,True
58201,1,10940,30.653343,104.001202,11616,30.647885,104.022787,True
58219,1,10943,30.677012,104.060777,11489,30.657132,104.067587,True
58226,1,10944,30.634586,104.058648,11574,30.623803,104.078976,True
58234,1,10945,30.670474,104.063052,12147,30.663432,103.99535,True
58235,1,10945,30.673957,104.058898,11547,30.681837,104.084412,True
58248,1,10948,30.648741,104.070979,11674,30.615025,104.052035,True
58249,1,10948,30.682161,104.084998,11324,30.688225,104.079938,True
58252,1,10948,30.685168,104.085189,11859,30.644425,104.075062,True
58253,1,10949,30.709795,104.09393,12101,30.718017,104.032048,True
58259,1,10950,30.617523,104.128955,12858,30.695815,104.072823,True
58261,1,10950,30.600105,103.983017,12926,30.641621,104.10839,True
58274,1,10951,30.647765,104.030917,13638,30.665219,104.093967,True
58284,1,10953,30.644849,104.020586,11545,30.622091,104.059447,True
58285,1,10953,30.62448,104.06018,11281,30.611749,104.060937,True
58296,1,10954,30.61842,104.092804,11265,30.604985,104.092249,True
58318,1,10958,30.702781,104.067119,12031,30.699684,104.004503,True
58342,1,10961,30.666812,104.07898,11731,30.668081,104.120156,True
58344,1,10961,30.645817,104.104919,11451,30.658234,104.078287,True
58352,1,10963,30.633669,104.073354,12452,30.665068,103.997531,True
58365,1,10965,30.680711,104.053504,11418,30.706114,104.044424,True
58386,1,10969,30.718572,104.068452,12152,30.688215,104.019785,True
58396,1,10971,30.66936,104.103489,11654,30.67481,104.071743,True
58397,1,10971,30.6553,104.084501,11584,30.636005,104.127789,True
58404,1,10972,30.612252,104.056618,11276,30.614762,104.067361,True
58409,1,10974,30.699759,104.025206,12070,30.664688,104.088784,True
58420,1,10976,30.651494,104.058068,11384,30.670191,104.0632,True
58422,1,10976,30.64201,104.062175,11439,30.636555,104.093741,True
58443,1,10979,30.645397,104.027556,12012,30.691724,104.015835,True
58448,1,10979,30.687703,104.103835,11980,30.670534,104.06607,True
58452,1,10979,30.685207,104.084928,11042,30.682887,104.083397,True
58458,1,10981,30.710753,104.061865,11419,30.698353,104.06665,True
58459,1,10981,30.674367,104.044435,11475,30.658389,104.077497,True
58461,1,10981,30.647017,104.032976,11223,30.637304,104.038167,True
58466,1,10981,30.671831,104.073386,11678,30.64446,104.074608,True
58467,1,10982,30.643462,104.029281,11838,30.613328,104.00706,True
58468,1,10982,30.63847,104.038802,11969,30.61375,104.01879,True
58474,1,10983,30.636914,104.043456,11547,30.649622,104.061794,True
58476,1,10983,30.61399,104.067088,11708,30.630405,104.004726,True
58478,1,10983,30.695502,104.072704,12403,30.707943,104.048414,True
58479,1,10983,30.646795,104.054768,11546,30.642824,104.073609,True
58499,1,10985,30.664213,104.013032,12038,30.629562,104.005457,True
58504,1,10986,30.606068,104.123023,11793,30.64012,104.105335,True
58506,1,10986,30.695449,104.072362,13027,30.60599,104.118512,True
58514,1,10987,30.649568,104.018377,12220,30.705089,104.10354,True
58517,1,10987,30.623472,104.122876,12992,30.696102,104.072841,True
58519,1,10987,30.688677,104.019914,13353,30.700422,104.102834,True
58520,1,10987,30.621017,104.089256,11753,30.658177,104.078519,True
58529,1,10988,30.655732,104.071599,12135,30.702722,104.071432,True
58533,1,10989,30.64209,104.037588,11282,30.629964,104.038812,True
58543,1,10990,30.619724,104.041693,11793,30.662409,104.019141,True
58551,1,10991,30.623762,104.077247,11259,30.636535,104.075117,True
58560,1,10993,30.662316,104.020998,11389,30.664462,104.003733,True
58561,1,10993,30.676123,104.122418,12543,30.672087,104.054181,True
58567,1,10993,30.672561,104.076301,11523,30.648979,104.069128,True
58591,1,10995,30.66651,104.080997,11903,30.644212,104.049669,True
58593,1,10996,30.671635,104.078107,12174,30.691089,104.027891,True
58607,1,10998,30.625995,104.094173,12451,30.669701,104.0325,True
58619,1,11000,30.651642,104.023387,11686,30.679257,104.019833,True
58631,1,11001,30.713404,104.056791,11648,30.692697,104.057232,True
58638,1,11002,30.695442,104.072594,13147,30.640072,104.024691,True
58644,1,11004,30.710771,104.034946,13822,30.711941,104.10262,True
58649,1,11004,30.626834,104.076489,11598,30.653784,104.075418,True
58656,1,11006,30.658579,104.081556,12459,30.607929,104.083964,True
58660,1,11006,30.657884,104.080052,12103,30.696013,104.072873,True
58663,1,11007,30.678386,104.118781,11444,30.68576,104.1319,True
58679,1,11008,30.66987,104.023159,11638,30.670833,104.056877,True
58700,1,11011,30.629747,103.994441,12231,30.677953,104.054173,True
58701,1,11011,30.653184,104.049697,11752,30.660788,104.086481,True
58704,1,11012,30.661089,104.011285,12158,30.700856,104.040804,True
58708,1,11012,30.678832,104.136867,31260,30.678932,104.136752,True
58709,1,11012,30.675018,104.031264,11571,30.662845,104.056383,True
58711,1,11012,30.634211,104.05307,11042,30.63521,104.051073,True
58714,1,11013,30.664902,104.040742,11398,30.659857,104.057999,True
58715,1,11013,30.689721,104.106997,11372,30.668249,104.120052,True
58717,1,11013,30.657652,104.100754,11732,30.649031,104.067378,True
58718,1,11013,30.68452,104.11188,12001,30.695461,104.073836,True
58722,1,11014,30.609828,104.060648,11509,30.622866,104.076948,True
58729,1,11014,30.64872,104.126527,11700,30.650573,104.170877,True
58738,1,11015,30.707012,104.052398,12305,30.695774,104.072997,True
58744,1,11016,30.718551,104.066703,11985,30.708265,103.998657,True
58758,1,11017,30.662134,104.09787,11545,30.672881,104.125161,True
58770,1,11018,30.654722,104.066542,11453,30.653563,104.079077,True
58771,1,11018,30.644363,104.001277,11284,30.647583,103.987393,True
58779,1,11019,30.667539,104.111553,12187,30.695889,104.072788,True
58780,1,11019,30.699022,104.057533,11771,30.66743,104.052249,True
58800,1,11022,30.644194,104.075299,11232,30.652883,104.078713,True
58810,1,11024,30.682133,104.08482,11959,30.653715,104.079241,True
58824,1,11026,30.666878,104.061204,11545,30.656428,104.081109,True
58825,1,11027,30.652398,104.110688,12679,30.695966,104.07298,True
58836,1,11028,30.712655,104.109565,12723,30.650846,104.030207,True
58837,1,11028,30.710519,104.114155,11993,30.668061,104.120159,True
58839,1,11028,30.685784,104.060996,11860,30.644531,104.049517,True
58855,1,11030,30.659266,104.096503,11904,30.691608,104.096513,True
58860,1,11031,30.68676,104.035998,11613,30.667837,104.055857,True
58866,1,11032,30.608039,104.082036,12397,30.712244,104.102784,True
58871,1,11033,30.662484,104.080763,11198,30.66923,104.078416,True
58875,1,11033,30.658609,104.120047,11312,30.651432,104.113767,True
58882,1,11035,30.626049,104.052149,11536,30.644157,104.049472,True
58889,1,11036,30.643726,104.102134,11298,30.6343,104.077149,True
58892,1,11036,30.695651,104.07272,11968,30.682117,104.084809,True
58914,1,11039,30.634997,104.058882,11729,30.609633,104.033501,True
58936,1,11042,30.704068,104.012359,12097,30.692495,104.079927,True
58938,1,11042,30.649799,104.083954,12285,30.694278,104.066357,True
58981,1,11047,30.639555,104.102726,11710,30.629751,104.141628,True
58983,1,11048,30.666445,104.087356,11745,30.629874,104.049209,True
58996,1,11050,30.667148,104.066114,11975,30.662428,104.02666,True
59008,1,11052,30.647878,104.013542,11976,30.644534,104.049997,True
59010,1,11052,30.66176,104.060548,12494,30.605309,104.062056,True
59015,1,11053,30.638352,104.018276,11202,30.639671,104.024977,True
59019,1,11053,30.643833,104.073876,12068,30.673455,104.068936,True
59020,1,11053,30.690957,104.073279,12557,30.644134,104.047035,True
59022,1,11054,30.679706,104.018157,12885,30.695872,104.07295,True
59023,1,11054,30.641368,104.033509,11698,30.618729,104.038552,True
59027,1,11054,30.683525,104.088681,12609,30.716344,104.007793,True
59029,1,11054,30.633378,104.021584,11920,30.60779,104.032504,True
59036,1,11055,30.706883,104.000307,11389,30.688525,104.019995,True
59041,1,11056,30.625797,104.047787,20324,30.681947,104.084333,True
59048,1,11056,30.63665,104.042092,11464,30.648268,104.060083,True
59049,1,11056,30.668092,104.086143,19723,30.68855,104.020645,True
59072,1,11060,30.67183,104.059675,12178,30.64866,104.108182,True
59075,1,11060,30.690427,104.073241,11081,30.690251,104.073209,True
59082,1,11061,30.625813,104.100963,11705,30.650335,104.066288,True
59086,1,11061,30.674709,104.018703,12090,30.667986,104.073803,True
59090,1,11062,30.64623,104.053726,11662,30.674068,104.069226,True
59102,1,11063,30.670943,104.079737,12267,30.647438,104.15497,True
59105,1,11063,30.650933,104.121991,11794,30.67174,104.122519,True
59112,1,11064,30.612922,104.039733,11892,30.662076,104.036352,True
59127,1,11066,30.6578,104.079934,11072,30.658673,104.069733,True
59130,1,11066,30.630821,104.000929,11456,30.637595,104.022526,True
59135,1,11066,30.641042,104.092793,11730,30.651934,104.074827,True
59152,1,11068,30.646875,104.08435,11453,30.655965,104.075454,True
59156,1,11068,30.647504,104.035368,11535,30.659269,104.04005,True
59166,1,11069,30.6303,104.13906,12667,30.695622,104.073328,True
59174,1,11070,30.640036,103.991392,18534,30.629429,104.06221,True
59175,1,11070,30.65809,104.080226,12497,30.718179,104.031917,True
59187,1,11072,30.611942,104.067497,11757,30.639679,104.061092,True
59190,1,11073,30.669939,104.113601,11883,30.639067,104.094522,True
59197,1,11073,30.659794,104.094036,11829,30.705313,104.103663,True
59206,1,11075,30.650549,104.094584,11437,30.63903,104.102482,True
59207,1,11075,30.666434,104.040758,11518,30.669609,104.064822,True
59210,1,11076,30.645188,104.051352,11270,30.644298,104.058387,True
59215,1,11076,30.61738,104.067181,12063,30.669204,104.103862,True
59222,1,11078,30.667371,104.092191,12311,30.662372,104.021125,True
59225,1,11078,30.705824,104.001517,11420,30.679214,103.993434,True
59228,1,11078,30.65035,103.994475,12553,30.674957,104.028645,True
59237,1,11079,30.63184,104.154207,12505,30.717868,104.032205,True
59238,1,11079,30.644159,104.059929,11615,30.653136,104.041121,True
59239,1,11080,30.685765,104.110447,12351,30.646395,104.106887,True
59241,1,11080,30.661805,104.08456,11888,30.661331,104.035614,True
59247,1,11081,30.718913,104.068506,13091,30.660094,104.074548,True
59259,1,11082,30.6629,104.08096,12614,30.702693,104.072626,True
59271,1,11082,30.662139,104.100449,11750,30.658447,104.072126,True
59306,1,11087,30.649979,103.997991,11487,30.647875,104.020453,True
59311,1,11088,30.657243,104.08452,12104,30.636134,104.05821,True
59316,1,11088,30.717135,104.044146,11852,30.704516,104.01415,True
59323,1,11089,30.632494,104.000289,11459,30.661325,103.99366,True
59326,1,11090,30.670791,103.990926,11284,30.670146,104.008832,True
59338,1,11091,30.665042,104.073259,11631,30.644507,104.074506,True
59346,1,11091,30.64055,104.103274,11815,30.65811,104.078342,True
59348,1,11092,30.655642,104.094693,11592,30.636062,104.12754,True
59356,1,11093,30.633533,104.071829,12161,30.671674,104.082758,True
59359,1,11093,30.672274,104.12388,12049,30.658635,104.068974,True
59362,1,11094,30.650288,104.124381,11602,30.630304,104.141896,True
59388,1,11097,30.645355,104.098987,11490,30.650829,104.115978,True
59392,1,11097,30.712971,104.108342,12477,30.667944,104.120163,True
59396,1,11098,30.660437,104.088056,11351,30.656977,104.081094,True
59403,1,11099,30.624862,104.058992,11346,30.619425,104.053316,True
59404,1,11099,30.655001,104.041042,11594,30.660084,104.067282,True
59412,1,11099,30.651538,104.092787,11981,30.679999,104.057892,True
59425,1,11101,30.652774,104.064489,11820,30.650791,104.026718,True
59442,1,11103,30.62237,104.092827,11734,30.65481,104.082898,True
59451,1,11104,30.623221,104.102864,11620,30.639088,104.106496,True
59452,1,11104,30.650508,104.077162,11515,30.648721,104.092167,True
59454,1,11104,30.677903,104.084011,11623,30.689363,104.080119,True
59459,1,11105,30.646205,104.040909,11569,30.627058,104.040933,True
59465,1,11106,30.674853,104.053588,11609,30.660129,104.0407,True
59471,1,11106,30.690337,104.04704,11831,30.650794,104.000665,True
59474,1,11107,30.664714,104.051541,11375,30.673406,104.056696,True
59491,1,11110,30.700912,104.0935,11693,30.683063,104.083605,True
59513,1,11113,30.687949,104.044599,12150,30.6416,104.030915,True
59517,1,11114,30.62533,104.074767,11627,30.639623,104.087507,True
59525,1,11114,30.637788,104.101311,12206,30.667634,104.120413,True
59550,1,11116,30.695461,104.072665,12132,30.702309,104.072602,True
59555,1,11117,30.678294,103.987588,11386,30.673857,103.985443,True
59556,1,11117,30.659344,104.057418,11626,30.65884,104.040634,True
59574,1,11120,30.683361,104.060426,11565,30.690872,104.022827,True
59579,1,11121,30.683029,104.031984,11699,30.690815,104.022736,True
59592,1,11123,30.647955,104.075252,11581,30.633536,104.06393,True
59595,1,11124,30.676307,104.012377,11782,30.705341,104.005152,True
59596,1,11124,30.715667,104.059682,11997,30.702898,104.112916,True
59605,1,11125,30.644103,104.065298,11727,30.659498,104.079593,True
59612,1,11126,30.629138,104.025648,11897,30.638526,104.054674,True
59613,1,11126,30.642417,104.080508,11949,30.637611,104.038902,True
59618,1,11127,30.678127,104.115952,11322,30.671527,104.112901,True
59622,1,11127,30.657523,104.08481,11981,30.644493,104.049649,True
59631,1,11128,30.643806,104.080503,11543,30.659465,104.086748,True
59634,1,11129,30.630052,104.052007,11322,30.627691,104.066549,True
59640,1,11130,30.650881,104.070073,12547,30.666726,104.16352,True
59644,1,11130,30.658515,104.076054,11940,30.659787,104.040007,True
59665,1,11133,30.668082,104.021912,12203,30.700976,104.045042,True
59668,1,11133,30.697364,104.171927,11469,30.712319,104.168098,True
59669,1,11133,30.643646,104.073808,12533,30.696109,104.072995,True
59670,1,11133,30.646895,104.037328,11805,30.64355,104.061229,True
59686,1,11135,30.677679,104.053782,11912,30.677367,104.094108,True
59688,1,11136,30.663716,104.078782,12670,30.715295,104.076609,True
59691,1,11136,30.679132,104.047404,11467,30.678557,104.036241,True
59692,1,11136,30.674447,104.053636,11389,30.665987,104.04742,True
59702,1,11138,30.667865,104.106937,11452,30.668298,104.12015,True
59710,1,11139,30.695404,104.069884,11813,30.701608,104.04479,True
59722,1,11141,30.633958,104.099455,12100,30.628014,104.059106,True
59725,1,11141,30.686562,104.013448,11633,30.713509,103.99894,True
59727,1,11141,30.647268,104.101893,12111,30.644445,104.049442,True
59739,1,11144,30.648937,104.109135,11794,30.659972,104.087709,True
59744,1,11144,30.676308,104.070909,11501,30.682794,104.08366,True
59753,1,11145,30.693205,104.013351,12411,30.645784,104.083843,True
59755,1,11146,30.635867,104.042694,12164,30.70501,104.024353,True
59767,1,11147,30.661039,104.110932,11380,30.671004,104.109964,True
59770,1,11147,30.607927,104.082142,12106,30.629616,104.142084,True
59780,1,11149,30.668187,104.04871,11503,30.674789,104.059462,True
59787,1,11150,30.603747,104.040235,12000,30.614809,104.067274,True
59828,1,11154,30.683326,104.028673,12414,30.640691,104.01142,True
59831,1,11155,30.660321,104.04983,12212,30.685764,104.110255,True
59837,1,11156,30.651114,104.117809,13085,30.69387,104.069725,True
59861,1,11159,30.698225,104.079931,12330,30.71777,104.032251,True
59862,1,11159,30.645945,104.04119,11619,30.631557,104.066444,True
59869,1,11159,30.694006,104.012695,11865,30.665856,103.990236,True
59872,1,11160,30.671406,104.043079,11613,30.654033,104.058289,True
59876,1,11161,30.653352,104.089936,12407,30.675879,104.033903,True
59877,1,11161,30.665419,104.047052,11505,30.673616,104.055572,True
59878,1,11161,30.655212,104.070879,11567,30.6574,104.063382,True
59881,1,11161,30.667662,104.07949,11322,30.669059,104.073597,True
59884,1,11161,30.651508,104.110001,11591,30.668063,104.099774,True
59904,1,11163,30.69544,104.072428,12700,30.656215,104.150131,True
59909,1,11164,30.681463,104.142909,11696,30.667742,104.120369,True
59913,1,11165,30.695773,104.021035,11704,30.70764,103.991069,True
59914,1,11165,30.67621,104.028831,12290,30.682087,104.105784,True
59915,1,11165,30.604092,104.079285,11645,30.61465,104.067362,True
59928,1,11166,30.660568,104.055527,12631,30.663619,104.040842,True
59933,1,11167,30.634266,104.008969,11492,30.65125,104.013552,True
59945,1,11168,30.656181,104.121855,12870,30.667048,104.065325,True
59958,1,11171,30.663594,104.072939,11394,30.667051,104.064608,True
59960,1,11171,30.697391,104.027905,12012,30.666878,104.003445,True
59969,1,11172,30.650797,104.000794,12198,30.682314,103.992671,True
59970,1,11172,30.628668,104.138541,18061,30.627249,104.135315,True
59975,1,11173,30.666823,104.08908,12112,30.68812,104.07774,True
59988,1,11175,30.662845,104.076216,11869,30.631684,104.06646,True
59992,1,11175,30.700961,104.003925,11770,30.676194,104.000468,True
59994,1,11176,30.62266,104.062677,12517,30.695987,104.072955,True
60006,1,11177,30.677134,104.058162,11987,30.655051,104.080289,True
60008,1,11178,30.639175,104.055466,11734,30.6444,104.07493,True
60011,1,11178,30.658434,104.088832,11914,30.675402,104.111389,True
60022,1,11179,30.661562,104.08224,11466,30.644407,104.074651,True
60023,1,11179,30.665167,104.007704,12468,30.704628,104.013693,True
60027,1,11180,30.66127,104.005137,12585,30.631771,104.059874,True
60032,1,11180,30.667075,104.003558,11951,30.654011,104.040252,True
60037,1,11181,30.671118,104.07929,11415,30.678452,104.088053,True
60051,1,11184,30.632328,104.147279,12081,30.656016,104.080911,True
60053,1,11184,30.646893,104.013693,12909,30.663736,104.072147,True
60055,1,11184,30.669752,104.076512,11594,30.657974,104.080091,True
60062,1,11186,30.654594,104.06928,11643,30.645131,104.062675,True
60065,1,11186,30.706833,104.097071,12052,30.636086,104.12732,True
60069,1,11186,30.640784,104.118588,11406,30.646667,104.103252,True
60076,1,11187,30.64755,104.026862,12361,30.688053,104.076654,True
60087,1,11188,30.64991,104.026797,12347,30.672334,104.076203,True
60088,1,11188,30.63679,104.05376,12204,30.694589,104.066653,True
60090,1,11189,30.68483,104.033862,11874,30.704806,104.01457,True
60093,1,11190,30.643257,104.123714,11475,30.645422,104.106379,True
60100,1,11191,30.635894,103.990555,11942,30.631069,104.032867,True
60103,1,11192,30.623097,104.05135,11441,30.623534,104.039148,True
60104,1,11192,30.632678,104.001923,11806,30.662341,104.027507,True
60105,1,11192,30.656166,104.093639,12498,30.618063,104.066855,True
60113,1,11193,30.663319,104.134913,12264,30.68263,104.08813,True
60123,1,11194,30.64795,104.117059,11871,30.65536,104.080337,True
60130,1,11194,30.643134,104.075336,11708,30.654738,104.067025,True
60134,1,11195,30.608606,104.07427,11544,30.616023,104.058148,True
60136,1,11195,30.627308,104.027179,11739,30.627154,103.993544,True
60148,1,11198,30.676472,104.011836,12405,30.663395,104.06918,True
60157,1,11198,30.666932,104.084246,11363,30.66093,104.086592,True
60171,1,11200,30.640889,104.097703,11385,30.646865,104.091736,True
60177,1,11201,30.647125,104.018437,12586,30.705215,104.103578,True
60186,1,11203,30.626883,104.138366,11214,30.625777,104.138022,True
60191,1,11203,30.608085,104.03669,12258,30.653641,104.079223,True
60194,1,11203,30.632285,103.996633,11923,30.604264,104.063582,True
60195,1,11203,30.644008,104.060108,12203,30.689495,104.051141,True
60208,1,11205,30.608427,104.063931,12515,30.689782,104.106879,True
60212,1,11205,30.640983,104.05143,11802,30.645822,104.078169,True
60225,1,11207,30.668711,104.076452,12539,30.65706,104.038033,True
60227,1,11207,30.678305,104.0233,12629,30.647611,104.088642,True
60228,1,11207,30.699328,104.106754,12211,30.687349,104.086456,True
60241,1,11209,30.678707,104.036201,11657,30.692405,104.024964,True
60242,1,11209,30.714869,104.046658,12020,30.69124,104.049564,True
60248,1,11209,30.698563,104.043623,11640,30.683736,104.031885,True
60259,1,11211,30.654355,104.074426,12035,30.64147,104.041341,True
60266,1,11212,30.687874,104.026429,12209,30.708628,104.04119,True
60267,1,11212,30.692535,104.016244,11365,30.690897,104.01509,True
60270,1,11212,30.696128,104.171488,13485,30.658462,104.072037,True
60273,1,11213,30.702542,104.093934,11600,30.690395,104.088411,True
60277,1,11214,30.653367,104.075903,12516,30.70464,104.014308,True
60283,1,11214,30.628188,103.996304,11369,30.621484,104.007979,True
60286,1,11214,30.672563,104.08404,11996,30.648524,104.065974,True
60288,1,11215,30.648766,104.079197,11700,30.643421,104.102605,True
60289,1,11215,30.691169,104.01535,11618,30.704659,104.014558,True
60304,1,11218,30.660276,104.131614,11770,30.667727,104.107226,True
60307,1,11218,30.603329,104.126662,11956,30.619655,104.097517,True
60319,1,11220,30.699348,104.096346,12872,30.652782,104.063834,True
60332,1,11222,30.668582,104.10389,11451,30.67475,104.097342,True
60344,1,11224,30.636491,104.127788,12125,30.677339,104.087269,True
60350,1,11224,30.651641,104.08641,11982,30.615958,104.099212,True
60358,1,11226,30.683572,104.084064,12643,30.66322,104.040588,True
60359,1,11226,30.680654,104.077914,11783,30.66476,104.077499,True
60360,1,11226,30.681228,104.022907,11959,30.64779,104.024424,True
60368,1,11227,30.666706,104.039714,12242,30.678318,104.081873,True
60377,1,11228,30.660898,104.054941,11927,30.692812,104.043312,True
60382,1,11229,30.646214,104.030063,12196,30.61028,104.067543,True
60389,1,11230,30.638156,104.094865,11397,30.643253,104.083676,True
60396,1,11231,30.672942,104.124903,11644,30.669618,104.105039,True
60397,1,11231,30.67464,104.089362,11521,30.661355,104.086626,True
60399,1,11231,30.674012,104.044227,11851,30.667661,104.077457,True
60411,1,11233,30.688326,104.019941,11864,30.712958,104.039051,True
60421,1,11234,30.662623,104.134301,12566,30.658837,104.080785,True
60429,1,11234,30.625025,104.137425,11244,30.625025,104.137414,True
60440,1,11236,30.648239,104.116653,11756,30.65642,104.082215,True
60442,1,11236,30.64038,104.09327,11623,30.635617,104.091464,True
60444,1,11236,30.702751,104.073819,13445,30.644763,104.050423,True
60448,1,11236,30.675305,104.111438,12478,30.685855,104.068749,True
60454,1,11237,30.641744,104.030229,11968,30.635917,104.057354,True
60460,1,11238,30.659384,104.060113,11808,30.679557,104.039547,True
60461,1,11238,30.616874,104.055692,11506,30.615475,104.067049,True
60464,1,11238,30.643201,104.139688,12517,30.619008,104.071957,True
60486,1,11242,30.653893,104.087387,11932,30.623827,104.102232,True
60495,1,11243,30.66774,104.114531,11778,30.636854,104.108635,True
60503,1,11245,30.653652,104.055958,11637,30.664585,104.036928,True
60506,1,11245,30.648513,104.074877,11728,30.648595,104.086367,True
60512,1,11246,30.709219,104.038616,12354,30.694439,104.066142,True
60518,1,11247,30.716333,104.167781,12316,30.680148,104.127436,True
60528,1,11248,30.624972,104.064099,11704,30.636253,104.104344,True
60546,1,11250,30.640248,104.047116,11572,30.640272,104.061333,True
60550,1,11250,30.633382,104.035453,11784,30.634375,104.033264,True
60578,1,11256,30.612064,104.075237,11650,30.644112,104.075402,True
60579,1,11256,30.620415,104.064744,12306,30.629579,104.141772,True
60580,1,11256,30.667379,104.074975,11553,30.675398,104.061576,True
60582,1,11256,30.67985,104.033845,13236,30.641371,103.98277,True
60583,1,11257,30.632061,104.150429,12057,30.636667,104.129513,True
60584,1,11257,30.705896,104.036619,11526,30.718117,104.032016,True
60589,1,11257,30.65719,104.111263,14980,30.606076,104.150345,True
60594,1,11258,30.684958,104.094248,12486,30.696059,104.072949,True
60603,1,11259,30.63518,104.113497,12063,30.651782,104.068507,True
60612,1,11261,30.644977,104.154105,13049,30.680848,104.107451,True
60613,1,11261,30.668552,104.110685,11566,30.670368,104.124625,True
60626,1,11263,30.643035,104.041501,11555,30.663667,104.040858,True
60629,1,11263,30.653115,104.089372,25653,30.68207,103.999925,True
60635,1,11264,30.609096,104.067198,12291,30.629502,104.141997,True
60655,1,11266,30.707569,104.064517,11451,30.713226,104.059936,True
60661,1,11267,30.658642,104.060642,11779,30.64527,104.073619,True
60668,1,11268,30.664647,104.08868,11815,30.670901,104.062102,True
60681,1,11270,30.693303,104.167483,12258,30.604523,104.148917,True
60682,1,11270,30.603089,104.101721,12524,30.633782,104.029763,True
60696,1,11272,30.629416,104.153485,11931,30.639197,104.106441,True
60700,1,11272,30.667519,104.096909,11982,30.644417,104.074668,True
60710,1,11273,30.653244,104.11031,12102,30.660747,104.076995,True
60712,1,11274,30.658461,104.067473,12292,30.658375,104.029212,True
60717,1,11274,30.653484,104.116527,11918,30.638523,104.102088,True
60728,1,11276,30.637168,104.059915,13154,30.665697,103.991633,True
60731,1,11276,30.652837,104.052361,11399,30.659733,104.040969,True
60732,1,11277,30.67055,104.114154,12073,30.665828,104.078547,True
60733,1,11277,30.677892,104.048949,13125,30.716367,104.071371,True
60737,1,11277,30.654889,104.0691,11786,30.647576,104.088643,True
60738,1,11277,30.666036,103.989487,13176,30.623063,104.104513,True
60741,1,11277,30.650764,104.124792,11769,30.659015,104.114997,True
60748,1,11278,30.658754,104.073754,11288,30.658717,104.072623,True
60749,1,11278,30.677217,104.003776,13079,30.661957,104.101442,True
60753,1,11279,30.693453,104.170091,13025,30.670271,104.063472,True
60766,1,11281,30.683382,104.03236,11997,30.718289,104.031763,True
60791,1,11284,30.663144,104.105807,11573,30.658084,104.092602,True
60798,1,11285,30.612027,104.081625,11825,30.619109,104.064389,True
60799,1,11285,30.633016,104.001665,12839,30.633788,104.074573,True
60816,1,11287,30.664131,104.078008,11699,30.660147,104.08781,True
60818,1,11288,30.648369,104.095207,11919,30.633016,104.054792,True
60821,1,11288,30.611959,104.069383,11884,30.652263,104.069122,True
60823,1,11288,30.643624,104.08049,12396,30.629931,104.025845,True
60826,1,11288,30.650965,104.120521,12123,30.659478,104.086583,True
60841,1,11291,30.700912,104.031636,13500,30.633548,104.026439,True
60846,1,11291,30.647187,104.102098,11909,30.665134,104.065756,True
60850,1,11292,30.641891,104.037499,11805,30.667261,104.052234,True
60855,1,11293,30.646457,104.054311,13023,30.705456,104.010648,True
60860,1,11293,30.675285,104.050254,11801,30.694452,104.057117,True
60864,1,11294,30.703931,104.012107,12005,30.640795,103.990841,True
60867,1,11294,30.617696,104.014011,12241,30.703867,104.004325,True
60871,1,11295,30.708773,104.039041,12992,30.644446,104.049407,True
60876,1,11295,30.677439,104.091034,12073,30.636113,104.127428,True
60878,1,11295,30.651614,104.103306,12550,30.650933,104.03,True
60890,1,11297,30.653496,104.10883,12337,30.686597,104.109747,True
60894,1,11297,30.656636,104.070449,11669,30.648441,104.061057,True
60897,1,11298,30.648432,104.074411,11736,30.643221,104.086865,True
60902,1,11299,30.658685,104.071981,11309,30.658666,104.071597,True
60904,1,11299,30.649526,104.062126,11645,30.6513,104.077657,True
60913,1,11300,30.640451,104.052563,13385,30.694394,104.080291,True
60915,1,11301,30.635086,104.127413,12345,30.644192,104.075497,True
60922,1,11302,30.653715,104.060537,11722,30.659204,104.073612,True
60929,1,11304,30.668914,104.119837,11672,30.681347,104.108327,True
60933,1,11305,30.605348,104.003947,13092,30.669051,104.103244,True
60934,1,11305,30.628881,104.066873,12082,30.664276,104.07759,True
60937,1,11307,30.68351,104.112116,11796,30.676581,104.09496,True
60943,1,11307,30.628493,104.048549,12125,30.666214,104.083128,True
60947,1,11307,30.666257,104.021807,12281,30.689725,104.018709,True
60953,1,11309,30.701405,104.025666,12353,30.704856,104.014532,True
60958,1,11310,30.679805,104.088917,11878,30.668874,104.071699,True
60970,1,11311,30.715279,104.112406,12556,30.662079,104.097323,True
60977,1,11312,30.697726,104.044132,12449,30.666038,104.073951,True
60981,1,11314,30.650034,104.041024,12112,30.627849,104.040292,True
60985,1,11315,30.620884,104.109147,11508,30.616222,104.102454,True
60988,1,11315,30.685959,104.064313,12119,30.663276,104.023805,True
60991,1,11316,30.632051,104.147333,12402,30.648931,104.060055,True
60994,1,11316,30.648574,104.109746,12628,30.694431,104.080241,True
60995,1,11316,30.637033,104.102982,12370,30.609146,104.07214,True
60997,1,11317,30.686293,104.05004,13132,30.670039,104.063394,True
61000,1,11317,30.645635,104.058091,11617,30.649107,104.066907,True
61006,1,11317,30.704427,104.013722,12927,30.640481,104.075517,True
61014,1,11318,30.655176,104.057277,12294,30.669073,104.008973,True
61022,1,11319,30.684029,104.065274,12660,30.614333,104.044362,True
61031,1,11320,30.663173,104.070815,13249,30.68462,103.994355,True
61032,1,11321,30.644512,104.074494,12374,30.688112,104.076585,True
61038,1,11322,30.633611,104.037992,11781,30.632954,104.066432,True
61051,1,11323,30.675111,104.133816,12283,30.643638,104.139422,True
61055,1,11323,30.637616,104.032439,12079,30.640378,104.104733,True
61060,1,11324,30.637751,104.101209,11704,30.63653,104.08623,True
61074,1,11326,30.644691,104.062964,12906,30.707227,104.044188,True
61080,1,11326,30.647995,104.08856,13178,30.612738,104.005904,True
61083,1,11326,30.695458,104.072696,11964,30.68283,104.083639,True
61109,1,11330,30.635111,104.011013,11711,30.643306,104.017076,True
61117,1,11330,30.693401,104.090375,11763,30.685028,104.075838,True
61121,1,11330,30.644137,104.153783,12145,30.650959,104.089104,True
61124,1,11330,30.639133,104.036141,11846,30.636519,104.061345,True
61131,1,11332,30.629152,104.077379,13305,30.702721,104.038908,True
61134,1,11332,30.682008,104.086218,12034,30.656804,104.090393,True
61155,1,11334,30.631858,104.097365,12204,30.645234,104.076687,True
61158,1,11334,30.647316,104.089591,11728,30.660339,104.110862,True
61160,1,11334,30.700523,104.079573,12647,30.709949,104.007396,True
61169,1,11335,30.707471,103.994777,11791,30.683965,104.017243,True
61172,1,11336,30.664889,104.05155,12004,30.64445,104.049697,True
61175,1,11336,30.633139,104.027325,12571,30.701611,104.044764,True
61184,1,11337,30.647423,104.061917,11747,30.639566,104.066225,True
61185,1,11337,30.657248,104.102941,11688,30.641739,104.103905,True
61186,1,11337,30.699713,104.057483,11836,30.659704,104.040695,True
61197,1,11338,30.655508,104.060775,11603,30.666924,104.05237,True
61202,1,11339,30.701078,104.108187,11401,30.701061,104.10616,True
61210,1,11340,30.665441,104.05604,11497,30.670308,104.063089,True
61231,1,11343,30.656076,104.089658,11463,30.649415,104.085332,True
61237,1,11344,30.673561,104.048471,12230,30.632753,104.075994,True
61240,1,11344,30.684886,104.103295,11623,30.674196,104.09745,True
61250,1,11346,30.640936,104.122938,14064,30.636604,104.021317,True
61251,1,11346,30.627739,104.071657,11912,30.633374,104.038356,True
61263,1,11348,30.689608,104.018444,11809,30.682757,104.048293,True
61267,1,11348,30.665918,104.062235,12125,30.621426,104.033138,True
61270,1,11349,30.6205,104.071041,12001,30.640401,104.063567,True
61274,1,11349,30.639689,104.078619,12032,30.658797,104.05581,True
61305,1,11353,30.618865,104.145888,12134,30.661422,104.15586,True
61333,1,11357,30.613285,104.054035,12243,30.636002,104.127914,True
61347,1,11358,30.603139,104.092065,12420,30.627694,104.141464,True
61350,1,11359,30.679062,104.088466,13264,30.632209,104.026818,True
61352,1,11359,30.662354,104.025086,11832,30.666261,104.053531,True
61358,1,11360,30.616175,104.064222,11887,30.633266,104.038572,True
61367,1,11361,30.64279,104.139549,11679,30.626917,104.143103,True
61378,1,11363,30.68498,104.042078,12062,30.650269,104.062299,True
61389,1,11364,30.654658,104.06987,11687,30.645278,104.073471,True
61392,1,11365,30.648091,104.041141,12323,30.690193,104.037921,True
61397,1,11365,30.623193,104.077008,12137,30.632654,104.034212,True
61402,1,11366,30.624923,104.062599,11607,30.62541,104.048969,True
61410,1,11367,30.668067,104.06565,11731,30.666226,104.083097,True
61414,1,11367,30.622552,104.097011,12644,30.665447,104.047109,True
61418,1,11368,30.625156,104.073545,11722,30.632416,104.066767,True
61420,1,11368,30.615617,104.067307,12775,30.616829,104.077461,True
61430,1,11369,30.647092,104.036202,12533,30.607844,104.082573,True
61439,1,11370,30.652376,104.056606,11690,30.648754,104.067509,True
61454,1,11372,30.64575,104.052718,12074,30.671194,104.070572,True
61459,1,11373,30.623374,104.097405,12114,30.624798,104.058186,True
61465,1,11373,30.658428,104.081853,11594,30.661171,104.086493,True
61468,1,11373,30.623874,104.076949,11740,30.645327,104.093787,True
61476,1,11375,30.686308,104.035196,11838,30.680576,104.014708,True
61479,1,11375,30.65919,104.087204,11654,30.664726,104.08082,True
61483,1,11376,30.639951,104.093751,11739,30.63411,104.076441,True
61489,1,11376,30.662515,104.074861,11522,30.659555,104.07943,True
61496,1,11377,30.677582,104.09356,12576,30.677645,104.04943,True
61498,1,11377,30.656327,104.065474,11776,30.64439,104.074237,True
61500,1,11377,30.658768,104.073325,11856,30.675031,104.0596,True
61505,1,11378,30.64675,104.075098,12050,30.655358,104.088915,True
61513,1,11378,30.658374,104.022031,12076,30.683012,104.040068,True
61521,1,11379,30.662169,104.081014,12146,30.644271,104.048075,True
61535,1,11381,30.688626,104.06619,12145,30.654614,104.065286,True
61567,1,11387,30.608593,104.078434,11674,30.605208,104.060481,True
61568,1,11387,30.625601,104.066991,12013,30.657217,104.07128,True
61569,1,11387,30.675475,104.070505,12994,30.718006,104.03205,True
61570,1,11387,30.632528,104.000431,15749,30.611022,104.125596,True
61574,1,11388,30.621812,104.106938,12669,30.709281,104.086214,True
61595,1,11391,30.642321,104.041189,12014,30.660955,104.054959,True
61609,1,11393,30.712201,104.067943,12005,30.715545,104.039505,True
61612,1,11394,30.632206,104.155809,13617,30.690349,104.073134,True
61615,1,11394,30.676966,104.04999,11827,30.666991,104.064857,True
61618,1,11395,30.693966,104.046467,12434,30.695812,104.072988,True
61620,1,11395,30.670381,104.062935,11812,30.661353,104.054897,True
61636,1,11398,30.679837,104.078794,12108,30.658793,104.077332,True
61638,1,11399,30.65104,104.115908,12298,30.653069,104.081578,True
61644,1,11400,30.651584,104.092445,12651,30.695645,104.07349,True
61651,1,11401,30.654019,104.053265,12859,30.682945,104.130317,True
61656,1,11401,30.687999,104.02143,11953,30.709352,104.038828,True
61663,1,11402,30.648603,104.061216,12201,30.615135,104.071979,True
61667,1,11402,30.632008,104.147921,13855,30.712671,104.014499,True
61678,1,11403,30.670013,104.063854,11915,30.660961,104.054971,True
61685,1,11405,30.704209,104.103626,12379,30.68735,104.054519,True
61687,1,11405,30.680506,104.141921,12078,30.669848,104.111371,True
61688,1,11405,30.695574,104.066534,13782,30.636018,104.127692,True
61697,1,11407,30.702607,104.03909,12557,30.6584,104.077292,True
61698,1,11407,30.676159,104.041375,12541,30.663952,103.997412,True
61708,1,11408,30.68404,104.050796,12129,30.660198,104.074313,True
61720,1,11410,30.631469,103.997991,12063,30.662609,104.013067,True
61738,1,11412,30.669644,104.064759,11795,30.666065,104.078299,True
61756,1,11414,30.65194,104.06851,12464,30.696827,104.038045,True
61759,1,11415,30.64226,104.073178,12898,30.701052,104.026149,True
61761,1,11415,30.644796,104.075028,11870,30.665511,104.083546,True
61765,1,11416,30.639527,104.11769,11774,30.652176,104.1021,True
61770,1,11416,30.654742,104.067107,11928,30.663589,104.072554,True
61782,1,11417,30.615365,104.082525,12147,30.660855,104.071008,True
61802,1,11419,30.628554,104.025186,12518,30.655577,104.066224,True
61810,1,11420,30.669713,104.080949,12474,30.639875,104.055656,True
61818,1,11421,30.636301,104.126799,12630,30.672289,104.060433,True
61822,1,11421,30.673475,104.12679,12889,30.655382,104.080414,True
61826,1,11421,30.627162,104.041623,11683,30.633921,104.029657,True
61832,1,11422,30.643795,103.983637,11819,30.656784,103.990412,True
61833,1,11422,30.673405,104.00921,12153,30.656446,104.067217,True
61835,1,11422,30.694457,104.056033,12512,30.67418,104.097434,True
61838,1,11422,30.643123,104.103186,11990,30.629341,104.141851,True
61843,1,11424,30.681889,104.084412,12510,30.635969,104.127828,True
61845,1,11424,30.715291,104.115008,12735,30.63574,104.091425,True
61857,1,11426,30.628389,104.066778,11660,30.620163,104.05781,True
61874,1,11428,30.682685,104.107026,12612,30.665065,104.065589,True
61875,1,11429,30.615166,104.06735,11816,30.622721,104.056112,True
61878,1,11429,30.66777,104.044764,12261,30.681874,104.084339,True
61879,1,11429,30.664816,104.086312,11551,30.65709,104.081531,True
61882,1,11430,30.66228,104.018555,13224,30.62638,104.144073,True
61885,1,11430,30.676072,104.000524,13356,30.682027,104.086615,True
61888,1,11430,30.651514,104.092494,12417,30.661254,104.136533,True
61894,1,11431,30.654474,104.114651,12299,30.658672,104.055524,True
61900,1,11432,30.603408,104.095046,11913,30.602102,104.067869,True
61904,1,11432,30.664246,104.021539,12103,30.665125,104.051465,True
61912,1,11434,30.682184,103.999849,12366,30.675396,104.033741,True
61917,1,11435,30.669246,104.075041,12814,30.629572,104.143321,True
61921,1,11435,30.641241,104.078964,11771,30.648261,104.086821,True
61938,1,11437,30.699316,104.1088,12117,30.703857,104.082558,True
61947,1,11438,30.638216,104.101812,11934,30.661543,104.094958,True
61953,1,11439,30.692601,104.042588,11945,30.671935,104.059284,True
61959,1,11440,30.660936,104.132693,12253,30.656076,104.099575,True
61976,1,11442,30.713462,104.059464,12419,30.694487,104.064428,True
61986,1,11443,30.677393,104.030688,11555,30.674484,104.033392,True
61996,1,11444,30.610768,104.052626,12463,30.633341,104.002078,True
61999,1,11445,30.709523,104.043009,12280,30.7027,104.071451,True
62030,1,11449,30.616756,104.071939,12638,30.686991,104.100086,True
62034,1,11449,30.689943,104.088184,12526,30.71891,104.038003,True
62042,1,11450,30.654109,104.117411,12622,30.693433,104.171081,True
62044,1,11450,30.715445,104.111304,13777,30.639121,104.019012,True
62049,1,11451,30.717835,104.104826,11839,30.71066,104.088813,True
62055,1,11451,30.698719,104.166496,13949,30.638818,104.088123,True
62058,1,11452,30.685638,104.029309,12431,30.658156,104.06316,True
62062,1,11452,30.686484,104.089506,11790,30.673817,104.09764,True
62075,1,11454,30.672846,104.040333,11930,30.654377,104.053417,True
62077,1,11454,30.637978,104.035328,11933,30.638927,104.022951,True
62081,1,11455,30.667056,104.064173,11868,30.668084,104.070681,True
62086,1,11456,30.662872,104.074248,11775,30.670361,104.063503,True
62092,1,11456,30.614811,104.057569,12023,30.602543,104.066665,True
62096,1,11457,30.679327,104.084922,11975,30.657016,104.085161,True
62100,1,11457,30.670502,104.110427,12717,30.712506,104.064327,True
62110,1,11458,30.662493,104.017253,12451,30.642734,104.075245,True
62112,1,11458,30.707822,104.039776,12219,30.711858,104.074184,True
62128,1,11460,30.645626,104.03034,11934,30.649668,104.008817,True
62140,1,11462,30.638592,104.046135,11662,30.633419,104.038318,True
62142,1,11462,30.662279,104.023853,12520,30.682183,104.083521,True
62163,1,11464,30.670742,104.072206,12238,30.644422,104.074838,True
62167,1,11464,30.628005,104.138329,12344,30.655022,104.159551,True
62171,1,11465,30.639782,104.037129,13165,30.680775,104.13616,True
62177,1,11465,30.683054,104.04575,12146,30.642307,104.057099,True
62181,1,11466,30.616805,104.048256,12057,30.643341,104.061677,True
62189,1,11468,30.607256,104.038157,12257,30.60226,104.067225,True
62193,1,11468,30.649395,104.008809,12461,30.688151,104.020089,True
62216,1,11472,30.666136,104.033558,12129,30.691308,104.049217,True
62233,1,11474,30.608265,104.03968,12887,30.681871,104.084299,True
62234,1,11474,30.670567,104.066372,12172,30.688508,104.083924,True
62248,1,11476,30.625084,104.144018,11831,30.636443,104.127955,True
62256,1,11478,30.661613,104.073701,11791,30.671465,104.067333,True
62269,1,11480,30.649964,104.088725,11694,30.650156,104.078014,True
62270,1,11480,30.712477,104.065965,12118,30.705635,104.10598,True
62273,1,11480,30.639901,104.102938,13463,30.695927,104.072953,True
62289,1,11482,30.629524,104.068132,13155,30.631976,104.068645,True
62291,1,11483,30.617251,104.092851,11963,30.637406,104.094454,True
62294,1,11483,30.647184,104.021909,11923,30.651892,104.006105,True
62297,1,11483,30.640596,104.052445,11993,30.651585,104.041657,True
62298,1,11483,30.649292,104.07285,12481,30.636033,104.127599,True
62301,1,11484,30.662574,104.096491,12297,30.682085,104.074308,True
62309,1,11485,30.67826,104.101677,12567,30.674613,104.133731,True
62311,1,11485,30.679954,104.043731,11988,30.682537,104.082109,True
62334,1,11488,30.623783,104.133515,11498,30.622765,104.133095,True
62335,1,11488,30.655406,104.094253,13675,30.622889,104.025483,True
62336,1,11488,30.688133,104.013633,11821,30.683771,104.027259,True
62342,1,11489,30.649748,104.061701,11672,30.650061,104.061381,True
62345,1,11489,30.634407,104.05849,12708,30.667996,104.120225,True
62348,1,11490,30.65903,104.064182,12715,30.705294,104.10366,True
62354,1,11490,30.705585,104.103508,15322,30.601228,104.162865,True
62374,1,11493,30.705531,104.103545,13431,30.718252,104.031803,True
62382,1,11494,30.674396,104.01776,12402,30.644401,104.074733,True
62385,1,11495,30.700282,104.072928,12508,30.681562,104.122763,True
62387,1,11495,30.664107,104.136006,12518,30.710022,104.094135,True
62401,1,11497,30.69447,104.066366,12214,30.700609,104.092759,True
62411,1,11498,30.696958,104.01903,12354,30.666866,104.047983,True
62419,1,11499,30.639718,104.055496,12092,30.672907,104.058124,True
62449,1,11502,30.621202,104.117931,12315,30.636877,104.086501,True
62457,1,11504,30.678493,104.084308,13203,30.644701,104.026965,True
62458,1,11504,30.625753,104.052837,11813,30.623583,104.042102,True
62461,1,11504,30.629037,104.143372,12484,30.670962,104.109539,True
62462,1,11504,30.656474,104.086114,13891,30.718167,104.032344,True
62464,1,11504,30.681816,104.08271,12067,30.695693,104.073081,True
62466,1,11505,30.663963,104.044708,12031,30.658404,104.072139,True
62476,1,11506,30.655248,104.042375,11662,30.65951,104.034412,True
62477,1,11506,30.682393,104.024738,12666,30.658504,104.076909,True
62487,1,11508,30.682042,104.109248,12378,30.662374,104.075367,True
62501,1,11510,30.654608,104.069413,12155,30.653656,104.040937,True
62506,1,11511,30.635615,104.096035,12019,30.659609,104.083422,True
62513,1,11511,30.625757,104.033205,12537,30.678216,103.997824,True
62527,1,11513,30.666932,104.029346,11804,30.665445,104.041616,True
62528,1,11513,30.63598,104.053325,12893,30.702296,104.072873,True
62536,1,11514,30.625631,104.094076,12039,30.644682,104.105826,True
62541,1,11515,30.618583,104.017668,12151,30.639301,104.030768,True
62546,1,11516,30.682736,104.117965,12145,30.706029,104.096685,True
62578,1,11519,30.648204,104.110718,12216,30.640347,104.093768,True
62580,1,11520,30.631384,104.002836,12090,30.650899,104.029361,True
62581,1,11520,30.639821,104.055729,11910,30.645288,104.073606,True
62587,1,11520,30.657284,104.107261,12287,30.657307,104.107402,True
62591,1,11520,30.624898,104.058626,12064,30.645186,104.074931,True
62592,1,11520,30.649102,104.113496,12187,30.619396,104.119508,True
62595,1,11521,30.603297,104.1052,12521,30.645154,104.075209,True
62598,1,11521,30.662957,104.040665,12665,30.630108,104.040902,True
62602,1,11522,30.694168,104.012647,12432,30.690349,104.040674,True
62606,1,11522,30.662346,104.090119,12277,30.681983,104.084744,True
62612,1,11523,30.65177,104.043261,11766,30.665534,104.041449,True
62613,1,11524,30.634372,104.093418,12587,30.682071,104.084711,True
62614,1,11524,30.63788,104.045106,12855,30.648011,104.118305,True
62618,1,11524,30.648575,104.095301,11988,30.646443,104.075352,True
62625,1,11525,30.676199,104.041157,12844,30.714546,104.041624,True
62626,1,11525,30.67385,104.103701,11939,30.668146,104.116053,True
62627,1,11526,30.670167,104.114214,11680,30.667886,104.120217,True
62636,1,11527,30.653959,104.06289,12319,30.662649,104.016248,True
62637,1,11527,30.634097,104.052181,13247,30.702561,104.072553,True
62654,1,11530,30.649107,104.057445,12148,30.616283,104.065669,True
62674,1,11532,30.632353,104.040362,12773,30.695181,104.011637,True
62692,1,11535,30.654784,104.067352,12963,30.704693,104.014532,True
62695,1,11535,30.620072,104.072501,12472,30.63606,104.127611,True
62703,1,11535,30.631577,104.154128,12223,30.640654,104.111126,True
62705,1,11536,30.614253,104.093471,12253,30.605301,104.059655,True
62710,1,11536,30.658938,104.093515,12049,30.658898,104.068957,True
62726,1,11538,30.668247,104.052502,12023,30.65865,104.051043,True
62734,1,11539,30.65819,104.078125,13265,30.718098,104.031993,True
62739,1,11539,30.636859,103.991564,12802,30.618442,104.045076,True
62743,1,11540,30.650876,104.117156,12142,30.672023,104.137656,True
62758,1,11542,30.6988,104.057504,12199,30.694624,104.066283,True
62762,1,11542,30.672385,104.048141,11956,30.661532,104.06515,True
62764,1,11542,30.626501,104.051394,12348,30.645123,104.075201,True
62766,1,11542,30.663696,104.007949,12405,30.645707,104.056917,True
62771,1,11543,30.654616,104.070106,12328,30.623012,104.097633,True
62773,1,11543,30.639067,104.080544,11846,30.641471,104.092349,True
62779,1,11544,30.630304,104.026213,12554,30.644414,104.074607,True
62799,1,11546,30.677087,104.058196,12156,30.663646,104.072964,True
62816,1,11548,30.666153,104.073755,12672,30.632977,104.06638,True
62821,1,11549,30.668781,104.032226,11924,30.66418,104.051425,True
62825,1,11549,30.645964,103.983142,13380,30.672184,104.109477,True
62826,1,11549,30.646077,104.053397,12030,30.663022,104.056466,True
62828,1,11550,30.68286,104.083655,12142,30.67325,104.101733,True
62834,1,11551,30.651574,104.0746,12140,30.654548,104.062253,True
62835,1,11551,30.637674,104.101509,12300,30.660205,104.094719,True
62840,1,11551,30.64336,104.10497,12067,30.624834,104.101946,True
62841,1,11551,30.71858,104.03149,12468,30.718088,104.032032,True
62844,1,11552,30.662882,104.040686,12660,30.64715,103.997732,True
62845,1,11552,30.646394,104.085604,11772,30.647281,104.06539,True
62849,1,11552,30.612058,104.073518,11909,30.613826,104.057714,True
62851,1,11552,30.674416,104.072271,12090,30.658533,104.067227,True
62858,1,11554,30.649789,104.015052,16107,30.643319,104.061664,True
62898,1,11560,30.651734,104.042914,12029,30.639951,104.030179,True
62901,1,11561,30.662157,104.098654,11799,30.665122,104.098118,True
62904,1,11561,30.671417,104.012581,12683,30.658402,104.077315,True
62908,1,11561,30.644349,104.092684,11909,30.629594,104.074364,True
62927,1,11564,30.678146,104.082352,11710,30.674244,104.077548,True
62947,1,11566,30.651509,104.003686,11928,30.644322,103.983244,True
62951,1,11567,30.653616,104.079256,12248,30.640705,104.080414,True
62965,1,11568,30.687613,104.07675,12446,30.667121,104.079436,True
62974,1,11570,30.635922,104.091462,11802,30.645417,104.081816,True
62981,1,11571,30.680232,104.112875,13368,30.616989,104.040724,True
62990,1,11573,30.665387,104.066639,12089,30.656288,104.081016,True
62994,1,11573,30.615783,104.050509,12145,30.633329,104.060878,True
63002,1,11574,30.704227,104.107349,12690,30.660598,104.073876,True
63005,1,11575,30.675776,104.080811,11961,30.683464,104.066102,True
63010,1,11575,30.630891,104.040324,11750,30.635529,104.034506,True
63025,1,11578,30.607416,104.004861,12481,30.62195,104.03359,True
63033,1,11578,30.661912,104.103759,12057,30.658071,104.078417,True
63041,1,11580,30.689462,104.05113,13223,30.63948,104.078931,True
63044,1,11580,30.706212,104.036266,13358,30.634407,104.150631,True
63045,1,11580,30.685753,104.015559,12369,30.68845,104.000042,True
63053,1,11581,30.712111,104.10952,12673,30.657052,104.114658,True
63062,1,11582,30.652563,104.111172,12291,30.677067,104.116565,True
63064,1,11583,30.702825,104.072713,17761,30.665301,104.006873,True
63073,1,11584,30.636072,104.095106,12221,30.659545,104.086635,True
63087,1,11585,30.663396,104.110232,12455,30.664411,104.065726,True
63094,1,11586,30.687653,104.019498,12000,30.675113,103.99981,True
63107,1,11587,30.649786,104.083491,11885,30.649123,104.095829,True
63111,1,11587,30.658694,104.093252,12669,30.656204,104.056049,True
63112,1,11588,30.663929,104.078638,11740,30.658562,104.071894,True
63117,1,11588,30.694836,104.019663,12079,30.677384,104.049263,True
63118,1,11589,30.634472,104.077634,12136,30.623021,104.097457,True
63124,1,11589,30.66471,104.043199,11887,30.658296,104.064061,True
63126,1,11590,30.621354,103.988402,12514,30.616251,104.067837,True
63128,1,11591,30.60086,104.038595,12513,30.661468,103.985984,True
63142,1,11592,30.662057,104.099791,12159,30.668126,104.088364,True
63153,1,11593,30.640602,104.061551,12621,30.688161,104.051286,True
63154,1,11593,30.65097,104.027816,12677,30.695743,104.073,True
63155,1,11593,30.658531,104.118793,12431,30.633473,104.112347,True
63167,1,11595,30.691266,104.090991,12827,30.717893,104.036686,True
63170,1,11596,30.651559,104.086414,11879,30.641517,104.092095,True
63197,1,11599,30.704248,104.116914,11922,30.706699,104.097365,True
63200,1,11599,30.684355,104.038986,11949,30.667667,104.052143,True
63201,1,11599,30.624076,104.062323,12924,30.616544,104.115952,True
63212,1,11600,30.637017,104.095534,12545,30.622248,104.067183,True
63221,1,11601,30.625508,104.093854,12451,30.658215,104.078492,True
63225,1,11601,30.636508,104.127768,12193,30.660918,104.117536,True
63232,1,11602,30.640303,104.105143,12030,30.645599,104.078965,True
63240,1,11603,30.636516,104.127652,12275,30.642456,104.080403,True
63241,1,11603,30.672696,104.098251,12747,30.610804,104.067036,True
63245,1,11603,30.676713,103.99699,12014,30.670499,104.017637,True
63247,1,11604,30.681723,104.061267,12890,30.619585,104.067772,True
63255,1,11605,30.664459,103.991741,11991,30.662989,104.008009,True
63256,1,11605,30.657476,104.106662,12315,30.6658,104.078167,True
63257,1,11605,30.667779,104.048575,11798,30.672081,104.057592,True
63265,1,11606,30.634874,104.058811,12212,30.613163,104.072129,True
63277,1,11608,30.625431,104.081099,12488,30.629501,104.038565,True
63287,1,11608,30.653154,104.049563,13714,30.644962,104.021563,True
63290,1,11609,30.700575,104.090792,13789,30.627551,104.049552,True
63291,1,11609,30.70271,104.072552,12873,30.685204,104.075672,True
63297,1,11610,30.680567,104.009088,12537,30.668255,104.040703,True
63299,1,11610,30.650701,104.11691,12424,30.672539,104.138003,True
63304,1,11611,30.633113,104.093877,12181,30.617843,104.10214,True
63315,1,11612,30.644261,104.013809,12693,30.658518,104.077472,True
63316,1,11612,30.651847,104.041222,11857,30.663579,104.040867,True
63322,1,11612,30.628806,104.146097,12997,30.667327,104.052213,True
63332,1,11614,30.685852,104.02453,12127,30.683357,104.022727,True
63335,1,11614,30.649588,104.076349,12318,30.678154,104.116057,True
63336,1,11614,30.63725,104.03768,13867,30.68203,104.085399,True
63337,1,11614,30.644529,104.018284,13066,30.608673,104.038647,True
63339,1,11614,30.682212,104.084871,11685,30.682171,104.085081,True
63343,1,11615,30.697077,104.038442,12943,30.669321,104.083242,True
63347,1,11615,30.658268,104.059972,12206,30.660972,104.040886,True
63356,1,11616,30.610828,104.067511,13514,30.691569,104.041306,True
63357,1,11616,30.654623,104.10652,11901,30.65545,104.115751,True
63372,1,11619,30.676706,104.024731,12630,30.717955,104.032033,True
63373,1,11619,30.609175,104.130953,12176,30.620985,104.095392,True
63387,1,11620,30.694883,104.069864,12912,30.644471,104.049587,True
63388,1,11621,30.663472,104.070302,11867,30.658414,104.077432,True
63392,1,11621,30.607743,104.116614,12868,30.705294,104.103735,True
63415,1,11624,30.657319,104.092027,12404,30.682019,104.084697,True
63438,1,11625,30.617992,104.053553,12727,30.62932,104.153571,True
63445,1,11626,30.687331,104.066249,11754,30.693756,104.066334,True
63455,1,11627,30.671398,103.990773,13476,30.684338,104.042706,True
63461,1,11628,30.632434,104.000311,12540,30.666439,104.040734,True
63464,1,11628,30.657823,104.090932,12404,30.636198,104.128667,True
63473,1,11630,30.645154,104.093112,12270,30.662037,104.054854,True
63475,1,11630,30.602342,104.123263,12576,30.614896,104.057644,True
63477,1,11630,30.657188,104.067534,12368,30.690369,104.04065,True
63478,1,11630,30.673685,103.999024,12238,30.704951,104.015495,True
63482,1,11631,30.644,104.101234,12174,30.633786,104.066877,True
63489,1,11632,30.648646,104.020288,11809,30.640189,104.026762,True
63492,1,11632,30.631225,104.044716,11979,30.638634,104.031786,True
63494,1,11633,30.668696,104.119912,11972,30.67332,104.109878,True
63496,1,11633,30.632543,104.031458,12564,30.669019,104.008973,True
63498,1,11634,30.691243,104.090906,13448,30.717882,104.032349,True
63501,1,11634,30.650934,104.119422,13491,30.674541,104.054342,True
63504,1,11634,30.699385,104.100429,12036,30.681454,104.113701,True
63520,1,11637,30.694463,104.07797,12316,30.705262,104.103622,True
63531,1,11639,30.668452,104.075571,12006,30.670036,104.063655,True
63538,1,11640,30.673279,104.016225,11970,30.688884,104.019956,True
63541,1,11640,30.673251,104.043515,12407,30.681624,104.085028,True
63565,1,11643,30.713258,104.039167,11801,30.717966,104.032103,True
63570,1,11643,30.653512,104.079098,12363,30.674534,104.059307,True
63571,1,11644,30.66711,104.104803,12891,30.670323,104.063523,True
63573,1,11644,30.650943,104.028208,13496,30.695753,104.072998,True
63574,1,11644,30.677805,104.07974,12924,30.636022,104.127658,True
63588,1,11645,30.670795,104.124804,12165,30.662003,104.103826,True
63600,1,11646,30.625574,104.06235,12181,30.621052,104.080066,True
63610,1,11647,30.704666,104.013893,12045,30.704335,104.013138,True
63611,1,11647,30.630635,104.115745,12463,30.634853,104.076238,True
63619,1,11648,30.624787,104.08073,24404,30.649442,104.079457,True
63637,1,11651,30.65858,104.075875,12381,30.644442,104.0494,True
63648,1,11652,30.65541,104.090837,12167,30.655586,104.072124,True
63649,1,11652,30.661994,104.101681,11946,30.668901,104.106827,True
63663,1,11654,30.704234,104.012998,12242,30.714966,104.037101,True
63669,1,11654,30.652157,104.069539,13871,30.699114,104.170885,True
63677,1,11655,30.631186,104.076466,12521,30.663067,104.056379,True
63684,1,11656,30.700136,104.039385,11939,30.691054,104.04102,True
63698,1,11658,30.67077,104.11434,12990,30.654571,104.080429,True
63699,1,11658,30.671679,104.096129,13571,30.613002,104.048749,True
63707,1,11660,30.675636,104.108783,12812,30.639646,104.06618,True
63717,1,11661,30.651599,104.077845,12403,30.644339,104.049263,True
63720,1,11661,30.626266,104.071684,13501,30.662124,104.016393,True
63725,1,11662,30.674152,104.093134,12422,30.673303,104.066397,True
63726,1,11662,30.661574,104.065752,12312,30.628554,104.066578,True
63727,1,11662,30.665762,104.056102,12792,30.616148,104.069599,True
63746,1,11664,30.631985,104.148108,12017,30.615299,104.136642,True
63752,1,11665,30.638727,104.02592,12584,30.639601,104.066242,True
63754,1,11665,30.692357,104.073453,12380,30.682022,104.086585,True
63759,1,11665,30.664672,104.164111,11729,30.665033,104.163409,True
63767,1,11666,30.677714,104.057473,12259,30.673353,104.045617,True
63778,1,11667,30.632346,104.076399,12407,30.663088,104.056408,True
63779,1,11667,30.681043,104.107582,12074,30.705303,104.103767,True
63783,1,11668,30.617627,104.121077,12766,30.603006,104.061598,True
63789,1,11669,30.649863,104.066255,12277,30.680804,104.044365,True
63804,1,11671,30.630986,104.032959,11909,30.633071,104.038647,True
63807,1,11672,30.650857,104.11729,12403,30.672627,104.138144,True
63820,1,11673,30.643834,104.013646,13516,30.710843,104.000753,True
63822,1,11673,30.625186,104.071641,12007,30.622699,104.065023,True
63825,1,11674,30.631836,104.097432,12184,30.635429,104.091541,True
63829,1,11675,30.635883,104.100289,12833,30.625214,104.047746,True
63830,1,11675,30.652523,104.078329,12283,30.659492,104.04546,True
63834,1,11675,30.660742,104.051862,11940,30.649032,104.060012,True
63835,1,11675,30.602547,104.133074,12768,30.654708,104.099143,True
63842,1,11676,30.677606,104.049039,12591,30.634758,104.066328,True
63844,1,11677,30.616949,104.077313,12622,30.658834,104.077491,True
63847,1,11678,30.681871,104.086513,12916,30.639557,104.066191,True
63860,1,11679,30.620984,104.057603,12072,30.633921,104.045612,True
63874,1,11681,30.653181,104.078873,11972,30.639155,104.075716,True
63879,1,11682,30.647758,104.028065,12540,30.65122,104.06582,True
63894,1,11684,30.646468,104.125399,12685,30.660905,104.086469,True
63902,1,11685,30.690271,104.075285,12517,30.682749,104.045344,True
63904,1,11685,30.65773,104.076594,13387,30.718528,104.031539,True
63905,1,11685,30.653719,104.040914,12646,30.679917,104.017456,True
63921,1,11687,30.631886,104.07611,11942,30.626614,104.062419,True
63923,1,11687,30.657282,104.108716,12408,30.636161,104.066731,True
63934,1,11689,30.639101,104.015125,12121,30.638292,104.025284,True
63948,1,11691,30.64411,104.073972,13552,30.669007,104.129525,True
63949,1,11691,30.674908,104.053356,11899,30.671642,104.066333,True
63957,1,11692,30.649647,103.996745,12336,30.637509,104.022503,True
63970,1,11694,30.650175,104.085671,13370,30.640143,104.061293,True
63973,1,11694,30.669859,104.000965,12119,30.659737,104.01259,True
63974,1,11695,30.62259,104.098185,12544,30.600602,104.067135,True
63975,1,11695,30.624922,104.093857,12970,30.629179,104.003395,True
63976,1,11695,30.663234,104.056198,12214,30.67229,104.057725,True
63985,1,11696,30.671857,104.112855,12008,30.681808,104.109263,True
64000,1,11697,30.657356,104.108156,12299,30.640614,104.104168,True
64006,1,11698,30.671544,104.060896,11984,30.675302,104.050257,True
64010,1,11699,30.665845,104.021533,11985,30.656457,104.040912,True
64024,1,11701,30.65447,104.065789,12246,30.659657,104.040976,True
64046,1,11703,30.710466,104.090042,12575,30.710058,104.033478,True
64047,1,11703,30.634694,104.060364,13203,30.704975,104.103537,True
64049,1,11704,30.688023,104.026999,13331,30.629563,104.053188,True
64056,1,11704,30.619926,104.048741,12390,30.629428,104.013953,True
64061,1,11705,30.691357,104.04862,12578,30.691363,104.080065,True
64066,1,11705,30.672752,104.112587,12396,30.681765,104.086447,True
64067,1,11705,30.641142,104.090705,11967,30.645154,104.075218,True
64070,1,11705,30.644385,104.092722,12674,30.681118,104.10783,True
64072,1,11706,30.63876,104.055164,12407,30.652694,104.071396,True
64096,1,11708,30.622636,104.098249,12449,30.629473,104.05755,True
64104,1,11708,30.700613,104.089426,12109,30.716314,104.071463,True
64108,1,11709,30.663959,104.040811,12397,30.648512,104.030059,True
64110,1,11709,30.654176,104.040986,12680,30.634232,104.0009,True
64113,1,11710,30.650512,104.013589,13367,30.677351,104.076838,True
64120,1,11711,30.664313,104.072795,13195,30.673785,104.0738,True
64124,1,11711,30.63681,104.023483,12910,30.636968,104.101138,True
64127,1,11712,30.645061,104.079702,12249,30.648657,104.108376,True
64138,1,11713,30.664204,104.013154,13088,30.70465,104.014461,True
64140,1,11714,30.678954,104.035251,12319,30.685954,104.070764,True
64148,1,11714,30.700333,104.042954,12483,30.673323,104.024732,True
64152,1,11715,30.705355,104.024714,12968,30.639681,104.054593,True
64156,1,11715,30.702425,104.073091,13010,30.683394,104.046499,True
64160,1,11715,30.628496,104.076384,13473,30.694198,104.063166,True
64165,1,11716,30.654004,104.087905,12506,30.644423,104.049412,True
64171,1,11716,30.678541,104.022689,12156,30.696221,104.018159,True
64195,1,11719,30.611671,104.083494,13106,30.665724,104.002951,True
64198,1,11720,30.642047,104.098507,11728,30.64262,104.098934,True
64207,1,11721,30.687726,104.138633,12197,30.679933,104.127523,True
64229,1,11725,30.653521,104.07903,12447,30.640451,104.055817,True
64238,1,11727,30.633065,104.027373,12581,30.63969,104.066595,True
64240,1,11727,30.667001,104.065403,11968,30.663074,104.05612,True
64248,1,11729,30.670442,104.081562,12570,30.663176,104.056156,True
64250,1,11729,30.652077,104.074755,12365,30.648607,104.098608,True
64255,1,11729,30.658794,104.060812,12172,30.675531,104.070507,True
64272,1,11731,30.706016,104.036824,12033,30.714803,104.042281,True
64273,1,11732,30.67053,103.995015,12875,30.705282,104.065857,True
64276,1,11732,30.663325,104.085739,11978,30.657785,104.080031,True
64277,1,11732,30.658236,104.059161,11791,30.661039,104.054938,True
64278,1,11732,30.667146,104.039038,12600,30.679462,103.983895,True
64279,1,11732,30.682123,104.084818,12639,30.644423,104.074945,True
64286,1,11733,30.64005,104.105069,13844,30.606532,104.049427,True
64300,1,11735,30.657554,104.01619,12455,30.692216,104.053752,True
64309,1,11736,30.684002,104.095489,12498,30.635258,104.113356,True
64312,1,11736,30.670621,104.062466,11947,30.664417,104.054271,True
64315,1,11736,30.6076,104.116912,12756,30.635578,104.076234,True
64323,1,11737,30.683549,104.100358,12247,30.65807,104.078731,True
64325,1,11738,30.694262,104.08365,12495,30.666027,104.078318,True
64328,1,11738,30.671995,104.097214,12613,30.626318,104.093798,True
64343,1,11740,30.641347,104.045281,12468,30.624149,104.096447,True
64350,1,11740,30.652635,104.11059,12231,30.657049,104.091813,True
64358,1,11742,30.636117,104.100475,12056,30.623007,104.097536,True
64359,1,11742,30.658796,104.068949,12877,30.650703,104.026714,True
64370,1,11743,30.66591,104.008209,11953,30.658592,104.021485,True
64372,1,11743,30.652258,104.01195,13236,30.622579,103.991449,True
64378,1,11744,30.656366,104.075651,12177,30.649006,104.067216,True
64388,1,11745,30.626823,104.14371,13129,30.649777,103.996629,True
64394,1,11746,30.632462,104.044818,12211,30.615251,104.066949,True
64404,1,11748,30.668024,104.086197,12141,30.682163,104.073753,True
64408,1,11748,30.637297,104.038775,12173,30.621664,104.03298,True
64411,1,11749,30.654263,104.107348,12810,30.708086,104.120954,True
64412,1,11749,30.707335,104.045399,12909,30.662556,104.047024,True
64415,1,11750,30.668331,104.003658,12863,30.652757,104.065902,True
64418,1,11751,30.691901,104.057237,13131,30.667075,104.021276,True
64425,1,11752,30.690983,104.016494,12332,30.676527,104.040011,True
64430,1,11753,30.666774,104.033749,12766,30.666346,104.085215,True
64438,1,11754,30.68683,104.046983,12296,30.669663,104.064141,True
64441,1,11754,30.650747,104.102165,12916,30.611004,104.115003,True
64453,1,11755,30.690893,104.050994,13012,30.623538,104.031777,True
64475,1,11759,30.704248,104.012838,13225,30.668116,104.091238,True
64484,1,11760,30.65923,104.076324,12103,30.667781,104.077491,True
64490,1,11761,30.62563,104.066706,12715,30.67032,104.063386,True
64500,1,11762,30.655929,104.083286,12569,30.671226,104.056098,True
64507,1,11763,30.652712,104.071446,12346,30.631777,104.066772,True
64537,1,11767,30.679676,104.057136,12365,30.655684,104.054277,True
64542,1,11768,30.650859,104.021844,13216,30.669614,104.109339,True
64549,1,11770,30.658718,104.068979,13072,30.63776,104.05871,True
64550,1,11770,30.68766,104.02648,13026,30.652048,104.078818,True
64552,1,11771,30.671231,104.075212,12161,30.685414,104.073338,True
64555,1,11771,30.623634,104.02789,12344,30.645912,104.022535,True
64562,1,11772,30.672801,104.052588,12019,30.664232,104.046255,True
64564,1,11772,30.661708,104.015453,13024,30.633096,104.066442,True
64568,1,11773,30.627818,104.034378,12647,30.686754,104.023332,True
64576,1,11774,30.626464,104.054045,12155,30.620623,104.069905,True
64582,1,11774,30.627038,104.071663,12739,30.61806,104.01502,True
64588,1,11775,30.639392,104.036529,11941,30.643373,104.040879,True
64592,1,11775,30.637591,104.05731,11953,30.643579,104.061172,True
64598,1,11776,30.603105,104.096636,12497,30.601595,104.063693,True
64599,1,11776,30.618723,104.112285,13393,30.659426,104.026213,True
64606,1,11777,30.640686,104.089925,12053,30.633651,104.069035,True
64620,1,11779,30.626017,104.109684,12044,30.636084,104.127559,True
64641,1,11781,30.655725,104.039468,13210,30.629863,104.142116,True
64642,1,11781,30.681241,104.136776,13450,30.628872,104.137784,True
64658,1,11783,30.642257,104.057144,12008,30.636318,104.048737,True
64661,1,11784,30.63206,104.066464,12287,30.635672,104.080608,True
64665,1,11784,30.609147,104.034708,12027,30.618382,104.044626,True
64677,1,11786,30.642631,104.086618,12434,30.659886,104.040923,True
64702,1,11790,30.617968,104.066391,12757,30.64193,104.036476,True
64705,1,11790,30.639607,104.032821,12788,30.617394,104.105953,True
64725,1,11793,30.628066,104.106414,12578,30.60087,104.103029,True
64731,1,11793,30.646727,103.98558,12133,30.648002,104.008749,True
64742,1,11795,30.680622,104.114211,12685,30.650865,104.116846,True
64753,1,11796,30.667513,104.078786,12514,30.670363,104.107675,True
64756,1,11796,30.644597,104.092797,13073,30.675505,104.070431,True
64757,1,11796,30.674067,104.005237,13032,30.610374,104.003505,True
64777,1,11799,30.644363,104.09266,13046,30.6755,104.07037,True
64791,1,11801,30.630874,104.050133,11943,30.626763,104.051787,True
64794,1,11802,30.67193,104.137436,12814,30.62166,104.142311,True
64800,1,11802,30.628122,104.094496,12485,30.657313,104.084206,True
64802,1,11802,30.65571,104.046413,13104,30.69061,103.980086,True
64806,1,11803,30.690007,104.073237,12006,30.695141,104.073798,True
64809,1,11803,30.714076,104.168006,13713,30.619515,104.090956,True
64812,1,11803,30.677892,104.037157,12271,30.685659,104.015696,True
64813,1,11804,30.665387,104.083434,12468,30.694293,104.073558,True
64814,1,11804,30.646305,104.118754,13519,30.702866,104.072355,True
64817,1,11804,30.63377,104.038104,12060,30.639322,104.028641,True
64822,1,11805,30.678297,104.004809,12147,30.66915,104.026477,True
64830,1,11805,30.687275,104.040536,12407,30.712707,104.014666,True
64831,1,11805,30.656942,104.110842,12746,30.711737,104.114497,True
64846,1,11807,30.629302,104.058596,44044,30.617816,104.112171,True
64847,1,11807,30.609762,104.094768,12145,30.607538,104.08361,True
64854,1,11807,30.617164,104.07729,12647,30.626466,104.0261,True
64855,1,11808,30.685787,104.083498,12946,30.661431,104.036578,True
64866,1,11809,30.686155,104.109909,12343,30.658843,104.093416,True
64875,1,11810,30.620312,104.078926,12094,30.608164,104.080832,True
64878,1,11811,30.666905,103.997338,13962,30.673207,104.138118,True
64879,1,11811,30.641898,104.04943,12311,30.622688,104.045241,True
64883,1,11811,30.666805,104.021508,13153,30.611731,104.061102,True
64886,1,11811,30.639467,104.032814,11983,30.632333,104.034626,True
64888,1,11812,30.674157,104.069161,12675,30.64444,104.074857,True
64890,1,11812,30.669122,104.027397,12922,30.642874,104.08013,True
64892,1,11812,30.636958,104.124001,11830,30.638207,104.12137,True
64895,1,11812,30.652151,104.071011,12377,30.648018,104.078994,True
64897,1,11813,30.650902,104.120129,13070,30.627097,104.063775,True
64904,1,11813,30.701309,104.025727,13276,30.644424,104.074927,True
64905,1,11814,30.668753,104.076528,12941,30.655173,104.04316,True
64912,1,11814,30.601766,104.124185,12973,30.633247,104.066899,True
64922,1,11816,30.662568,104.060561,11921,30.658226,104.063453,True
64927,1,11817,30.674705,104.018856,12634,30.705507,104.035931,True
64936,1,11819,30.640535,104.085709,12182,30.648324,104.099152,True
64940,1,11819,30.646867,104.060339,12005,30.651059,104.066375,True
64966,1,11823,30.650487,104.08903,12291,30.667171,104.092941,True
64968,1,11823,30.713176,104.067257,13364,30.665863,104.073838,True
64983,1,11825,30.643938,104.080651,12702,30.669251,104.065187,True
64987,1,11825,30.655293,104.041208,12849,30.682674,104.083552,True
64991,1,11826,30.695065,104.026879,12549,30.673957,104.058866,True
64993,1,11826,30.687338,104.051251,13149,30.616076,104.060405,True
64998,1,11826,30.657675,104.071156,12121,30.660937,104.086416,True
65018,1,11830,30.627283,104.027181,13880,30.695429,104.073823,True
65020,1,11830,30.673097,104.057113,12845,30.704584,104.014414,True
65031,1,11831,30.600346,104.054307,12524,30.619284,104.092926,True
65038,1,11832,30.67208,104.067733,12227,30.683102,104.083805,True
65043,1,11833,30.664744,104.082159,12352,30.673746,104.0739,True
65081,1,11837,30.624044,104.050075,12433,30.653954,104.01791,True
65103,1,11839,30.624749,104.095938,13013,30.662161,104.03643,True
65104,1,11840,30.66698,104.065634,12173,30.66552,104.078015,True
65114,1,11840,30.639913,104.082921,12091,30.645321,104.093714,True
65118,1,11841,30.682134,104.085069,12937,30.685714,104.042619,True
65119,1,11841,30.669555,104.065126,12141,30.666047,104.070621,True
65121,1,11841,30.672852,104.057965,12318,30.654022,104.065885,True
65124,1,11841,30.689236,104.0876,13175,30.629522,104.06097,True
65133,1,11842,30.667172,104.059597,12634,30.648182,104.086998,True
65142,1,11844,30.647745,104.127885,12942,30.672153,104.095219,True
65150,1,11844,30.674101,104.060422,12612,30.696149,104.072774,True
65159,1,11845,30.627962,104.06688,12490,30.671155,104.056075,True
65163,1,11846,30.673903,104.02837,12134,30.66306,104.040615,True
65164,1,11846,30.669696,104.105435,12352,30.674887,104.133271,True
65165,1,11846,30.702992,104.049268,12231,30.694855,104.054537,True
65182,1,11849,30.617063,104.04765,15745,30.633892,103.99076,True
65183,1,11849,30.642567,104.013732,12650,30.63185,104.039507,True
65187,1,11850,30.637984,104.066292,12511,30.646832,104.099896,True
65207,1,11853,30.62262,104.063322,12118,30.633191,104.059917,True
65212,1,11854,30.666092,104.082138,12292,30.661964,104.101575,True
65213,1,11854,30.701992,104.051311,12609,30.685979,104.044591,True
65221,1,11856,30.651023,104.025849,12806,30.665586,104.078041,True
65224,1,11856,30.651953,104.014271,12663,30.663787,104.040844,True
65225,1,11856,30.654896,104.099005,12434,30.627977,104.07371,True
65228,1,11857,30.695136,104.037231,12588,30.665342,104.055903,True
65230,1,11857,30.662731,104.040714,13165,30.695638,104.073747,True
65236,1,11858,30.670894,103.99067,12579,30.705052,104.011267,True
65267,1,11863,30.6688,104.110778,12316,30.650753,104.116617,True
65277,1,11864,30.641222,104.062283,12576,30.674207,104.045194,True
65280,1,11864,30.672008,104.011164,12415,30.676863,103.997856,True
65281,1,11864,30.649544,104.108806,12206,30.656039,104.093956,True
65289,1,11865,30.620575,104.06971,12526,30.663978,104.072507,True
65290,1,11866,30.715379,104.111616,12919,30.712047,104.031212,True
65294,1,11866,30.694439,104.084075,12859,30.655571,104.07187,True
65295,1,11866,30.629063,104.048849,12445,30.633148,104.076057,True
65296,1,11866,30.673328,104.136351,12503,30.647515,104.162859,True
65297,1,11866,30.666214,104.065658,12246,30.664051,104.078316,True
65298,1,11866,30.612069,104.076797,12452,30.648195,104.075624,True
65316,1,11868,30.644308,104.058486,13525,30.702653,104.072656,True
65320,1,11868,30.672228,104.123974,12673,30.626144,104.143995,True
65323,1,11868,30.647465,104.032838,13645,30.673877,103.986295,True
65338,1,11870,30.678367,104.042778,12811,30.702578,104.005646,True
65339,1,11870,30.689348,104.09518,12453,30.670442,104.089886,True
65356,1,11873,30.710572,104.114116,13086,30.654969,104.080527,True
65360,1,11873,30.625026,104.06435,12647,30.644369,104.04987,True
65361,1,11873,30.673709,104.021397,12124,30.663285,104.021382,True
65367,1,11873,30.67096,104.067007,12376,30.681685,104.084785,True
65376,1,11874,30.603345,104.08079,13549,30.651724,104.0232,True
65380,1,11875,30.636201,104.14375,12021,30.629582,104.142066,True
65383,1,11875,30.6658,104.047377,12152,30.67228,104.042937,True
65384,1,11875,30.682976,104.02574,13556,30.702438,104.072546,True
65395,1,11876,30.631858,104.03039,12487,30.641043,104.012542,True
65407,1,11878,30.633532,104.071174,12573,30.657855,104.092511,True
65411,1,11878,30.691501,104.027149,12857,30.69562,104.100389,True
65414,1,11878,30.643145,104.073453,13207,30.650536,103.996126,True
65422,1,11879,30.649182,104.066697,12218,30.647473,104.062389,True
65428,1,11881,30.672607,104.123809,12854,30.619662,104.11523,True
65443,1,11882,30.654938,104.080587,12386,30.665495,104.078041,True
65448,1,11883,30.678914,104.02711,12927,30.64421,104.048904,True
65453,1,11883,30.649706,104.061891,12449,30.662194,104.036403,True
65454,1,11883,30.670745,104.114527,12859,30.624129,104.096789,True
65463,1,11885,30.619841,104.06206,12569,30.604432,104.089111,True
65466,1,11886,30.666294,104.05599,12464,30.646533,104.06364,True
65467,1,11886,30.677827,104.087503,12688,30.67566,104.051921,True
65468,1,11886,30.689093,104.045886,12631,30.662039,104.070636,True
65476,1,11887,30.616511,104.04564,12958,30.63555,104.07619,True
65483,1,11888,30.65772,104.08329,13106,30.643714,104.018327,True
65485,1,11889,30.632042,104.044714,12221,30.627155,104.050588,True
65495,1,11890,30.705627,104.103615,13582,30.714206,104.028967,True
65500,1,11890,30.643304,104.024478,13859,30.715762,103.987452,True
65511,1,11891,30.655975,104.081097,12268,30.660775,104.07681,True
65515,1,11891,30.658558,104.073559,12159,30.653298,104.076521,True
65518,1,11892,30.627682,104.141756,12524,30.636813,104.130509,True
65526,1,11892,30.648435,104.116686,12804,30.607478,104.094941,True
65532,1,11894,30.630791,104.001867,12582,30.632514,104.034409,True
65533,1,11894,30.673537,104.123364,13189,30.644524,104.074437,True
65534,1,11894,30.653898,104.087545,12358,30.662186,104.097192,True
65535,1,11894,30.659962,104.060826,13097,30.635207,104.108855,True
65540,1,11895,30.601531,104.077997,11932,30.60391,104.077631,True
65548,1,11896,30.682885,104.043958,12506,30.672389,104.076298,True
65549,1,11896,30.642889,104.031954,13069,30.664381,103.994198,True
65563,1,11899,30.624953,104.067693,12846,30.659844,104.040957,True
65565,1,11899,30.671527,104.095732,12696,30.66674,104.070635,True
65573,1,11900,30.685739,104.089076,12090,30.67833,104.094189,True
65575,1,11900,30.635682,104.031609,12340,30.644343,104.049811,True
65585,1,11902,30.636881,104.036191,12750,30.604329,104.060414,True
65596,1,11904,30.70795,104.029775,12204,30.718055,104.031987,True
65607,1,11905,30.644579,104.023138,13208,30.701918,104.115037,True
65610,1,11906,30.676752,104.074172,12299,30.680802,104.089616,True
65612,1,11906,30.66585,104.06035,12665,30.640786,104.03203,True
65614,1,11907,30.691159,104.023254,12402,30.704482,104.013996,True
65615,1,11907,30.634955,104.065484,12591,30.65654,104.071259,True
65621,1,11907,30.694519,104.012587,12645,30.692372,104.023644,True
65624,1,11907,30.638123,104.018084,12924,30.647577,104.065572,True
65625,1,11907,30.694573,104.079077,13725,30.618949,104.0532,True
65628,1,11908,30.705173,104.103395,12568,30.705427,104.081407,True
65634,1,11909,30.647785,104.029666,12350,30.637061,104.029828,True
65640,1,11909,30.706837,104.019807,13503,30.644398,104.049332,True
65645,1,11910,30.605358,104.100466,12805,30.636517,104.127727,True
65646,1,11911,30.647087,104.055287,12338,30.653583,104.079441,True
65659,1,11913,30.668998,104.048608,12109,30.662181,104.046913,True
65660,1,11913,30.624521,104.062371,12159,30.624779,104.048019,True
65674,1,11914,30.715113,104.112958,12596,30.685845,104.149824,True
65676,1,11915,30.63638,104.035504,12317,30.645572,104.056932,True
65686,1,11916,30.639589,104.105775,12404,30.650812,104.120688,True
65687,1,11917,30.607663,104.116709,12496,30.62027,104.126605,True
65700,1,11918,30.648569,104.086307,12002,30.64762,104.088208,True
65707,1,11920,30.635432,104.079665,13299,30.694904,104.033178,True
65712,1,11921,30.659694,104.091846,14248,30.711701,104.10237,True
65713,1,11921,30.632253,104.058495,12209,30.64365,104.060988,True
65719,1,11922,30.652249,104.053933,12586,30.689223,104.035055,True
65726,1,11922,30.705587,104.103553,12669,30.703867,104.082529,True
65732,1,11923,30.65606,104.082948,12354,30.664056,104.078177,True
65741,1,11924,30.701012,104.102459,12810,30.664404,104.077568,True
65753,1,11926,30.688103,104.078015,13001,30.655512,104.071712,True
65756,1,11927,30.641716,104.01606,12923,30.654745,104.053867,True
65759,1,11927,30.685283,103.992948,12652,30.666341,104.040764,True
65761,1,11927,30.649085,104.079356,13149,30.709419,104.019445,True
65768,1,11928,30.668165,104.043717,13370,30.624789,104.026319,True
65786,1,11930,30.651459,104.058102,12624,30.679258,104.034847,True
65805,1,11932,30.712704,104.015142,13567,30.700627,104.063918,True
65806,1,11932,30.708484,103.994468,12223,30.699207,103.982426,True
65810,1,11933,30.626167,104.044239,12549,30.653029,104.075652,True
65812,1,11933,30.684582,104.105267,12500,30.705295,104.10368,True
65820,1,11934,30.634844,104.097518,13019,30.6205,104.072499,True
65821,1,11934,30.708621,104.096828,13280,30.658507,104.069764,True
65822,1,11934,30.639888,104.027201,13442,30.717953,104.032129,True
65823,1,11934,30.670983,104.10987,12768,30.629646,104.141825,True
65825,1,11934,30.651592,104.018052,13001,30.607906,104.049339,True
65826,1,11934,30.612054,104.072598,12653,30.642735,104.079701,True
65833,1,11935,30.657534,104.083925,12771,30.629562,104.142128,True
65840,1,11936,30.628857,104.138393,12924,30.693435,104.170799,True
65847,1,11937,30.604333,104.098307,13817,30.685765,104.076073,True
65856,1,11938,30.666378,104.021981,12616,30.680583,104.006273,True
65857,1,11938,30.633592,104.06906,12748,30.63919,104.019129,True
65861,1,11939,30.669379,104.099426,12877,30.64506,104.075207,True
65876,1,11941,30.679886,104.021013,12626,30.665519,104.056044,True
65893,1,11943,30.667845,104.021785,13122,30.6605,104.076873,True
65894,1,11943,30.691243,104.015489,13032,30.717338,103.981371,True
65905,1,11945,30.702269,104.051915,12064,30.704792,104.04574,True
65908,1,11945,30.639979,104.082884,14748,30.656032,104.080881,True
65909,1,11945,30.658695,104.094035,12585,30.656666,104.072855,True
65926,1,11947,30.663008,104.072284,12729,30.639719,104.097775,True
65929,1,11948,30.679044,104.096792,12773,30.629627,104.076305,True
65933,1,11948,30.617988,104.066878,12432,30.624281,104.09366,True
65947,1,11949,30.653118,104.078798,12219,30.644355,104.074885,True
65954,1,11950,30.649068,104.059972,12432,30.652914,104.04092,True
65960,1,11951,30.676502,104.041431,12808,30.662296,104.075585,True
65967,1,11951,30.664228,104.101481,12597,30.64506,104.075218,True
65976,1,11952,30.625062,104.031332,12511,30.64369,104.059448,True
65985,1,11955,30.711405,104.000069,12497,30.686266,104.024241,True
65987,1,11955,30.694448,104.074738,13785,30.645427,104.04112,True
65989,1,11955,30.618942,104.119956,12524,30.636473,104.127889,True
65991,1,11956,30.704844,104.003221,12579,30.704239,103.981537,True
65994,1,11956,30.644679,104.023145,12918,30.658185,104.077499,True
65998,1,11956,30.699639,104.10563,12489,30.688341,104.094662,True
66011,1,11958,30.623793,104.020084,12992,30.605389,103.992206,True
66029,1,11960,30.610002,104.131689,12978,30.616104,104.092859,True
66033,1,11961,30.684611,104.0846,12510,30.656342,104.081154,True
66034,1,11961,30.662471,104.047731,12713,30.650551,104.076645,True
66043,1,11963,30.670327,103.994169,12200,30.675844,103.996738,True
66046,1,11963,30.687514,104.104174,12613,30.632729,104.098421,True
66053,1,11964,30.694882,104.075404,12766,30.674124,104.053429,True
66076,1,11968,30.637611,104.084339,12947,30.676773,104.070954,True
66079,1,11969,30.715063,104.092959,13030,30.669793,104.121504,True
66096,1,11971,30.663853,103.999916,12838,30.639761,104.030292,True
66097,1,11971,30.626727,104.051742,12926,30.688334,104.020329,True
66107,1,11972,30.666814,104.078943,19409,30.66415,104.065665,True
66109,1,11973,30.629552,104.062085,12590,30.644982,104.075189,True
66113,1,11973,30.686766,104.025371,12819,30.702324,104.00228,True
66114,1,11973,30.609026,104.054663,12351,30.623148,104.022968,True
66120,1,11974,30.636208,104.127752,12316,30.654388,104.143379,True
66126,1,11975,30.685246,104.037543,12608,30.659269,104.045401,True
66143,1,11977,30.703109,104.056277,13369,30.625584,104.067055,True
66144,1,11977,30.688404,104.038231,25920,30.717847,104.044796,True
66160,1,11979,30.702707,104.073706,13423,30.681834,104.084441,True
66168,1,11979,30.669434,104.064835,12976,30.625188,104.096731,True
66169,1,11979,30.649919,104.009481,13582,30.71183,104.1026,True
66172,1,11980,30.671639,104.078112,12463,30.680371,104.059029,True
66180,1,11981,30.67888,104.09941,12461,30.663989,104.082622,True
66181,1,11982,30.658177,104.110852,13090,30.673901,104.073502,True
66184,1,11982,30.648423,104.087069,12104,30.650979,104.081783,True
66192,1,11983,30.677226,104.052901,13005,30.695862,104.073021,True
66200,1,11984,30.710386,104.043363,13363,30.707546,104.048248,True
66207,1,11986,30.62518,104.143876,12525,30.636531,104.127886,True
66214,1,11987,30.706005,104.10096,12662,30.71011,104.066657,True
66215,1,11987,30.613321,104.077121,12660,30.651545,104.066156,True
66230,1,11989,30.652973,104.066553,12258,30.660274,104.072365,True
66234,1,11990,30.699325,104.115671,13136,30.665743,104.078035,True
66236,1,11990,30.667074,104.069229,12549,30.646872,104.090744,True
66239,1,11991,30.678262,104.023569,12698,30.660551,104.056494,True
66243,1,11991,30.632349,104.040448,12735,30.644103,104.075512,True
66244,1,11991,30.684482,104.111811,12430,30.667919,104.107065,True
66250,1,11992,30.6402,104.104993,12648,30.636391,104.093438,True
66253,1,11992,30.659149,104.097168,12749,30.672148,104.07681,True
66255,1,11992,30.67883,104.069525,12559,30.684825,104.090908,True
66259,1,11992,30.704045,104.111611,12654,30.690166,104.093132,True
66263,1,11993,30.664572,104.086089,13635,30.630526,104.141553,True
66267,1,11993,30.636826,104.023578,12238,30.630998,104.032948,True
66268,1,11993,30.657753,104.079873,12251,30.652838,104.066898,True
66283,1,11996,30.626866,104.042561,12562,30.639804,104.066558,True
66291,1,11997,30.653911,104.028052,12678,30.633205,104.044043,True
66307,1,11999,30.610446,104.081229,12769,30.604452,104.126017,True
66315,1,12001,30.643813,104.101996,13153,30.705292,104.103597,True
66332,1,12004,30.619216,104.083537,13332,30.654077,104.040851,True
66335,1,12004,30.648476,104.065977,12221,30.64527,104.074759,True
66336,1,12005,30.653223,104.087379,12328,30.658232,104.078482,True
66339,1,12005,30.702162,104.05165,12707,30.694551,104.064938,True
66342,1,12005,30.606345,104.087349,12765,30.623329,104.11663,True
66344,1,12005,30.646019,104.041137,12260,30.644513,104.049959,True
66351,1,12006,30.705684,104.06582,14473,30.653157,104.079097,True
66365,1,12008,30.705894,104.01177,12979,30.713705,104.040246,True
66375,1,12010,30.64331,104.094782,13879,30.669589,104.048429,True
66377,1,12010,30.650195,104.114935,12153,30.649911,104.125114,True
66386,1,12011,30.698279,104.039786,13033,30.661976,104.070712,True
66404,1,12013,30.647925,104.055925,12470,30.63756,104.031572,True
66406,1,12014,30.648759,104.071255,12870,30.668354,104.048942,True
66415,1,12015,30.664974,104.073169,12765,30.634442,104.066416,True
66418,1,12015,30.618626,104.077259,12111,30.622052,104.077092,True
66459,1,12020,30.718796,104.10793,12755,30.696851,104.092501,True
66463,1,12021,30.667927,104.073832,13036,30.711933,104.102669,True
66480,1,12024,30.652835,104.089697,12303,30.648686,104.108261,True
66488,1,12024,30.608346,104.133612,12657,30.627234,104.135368,True
66489,1,12025,30.678098,104.042406,12847,30.644336,104.049805,True
66503,1,12026,30.629126,104.137906,13126,30.653587,104.079238,True
66505,1,12027,30.643367,104.06144,12932,30.64789,104.024593,True
66506,1,12027,30.674408,104.033438,13387,30.675276,104.13399,True
66515,1,12027,30.647513,104.101353,14467,30.622258,103.985127,True
66518,1,12028,30.680474,104.094961,13190,30.602685,104.066571,True
66525,1,12028,30.668194,103.987225,12349,30.672564,103.994222,True
66530,1,12029,30.687255,104.151545,12369,30.705529,104.167695,True
66531,1,12029,30.61563,104.016582,12836,30.644822,104.021855,True
66536,1,12030,30.652233,104.079125,12773,30.638503,104.081428,True
66537,1,12030,30.604869,104.080753,13000,30.651509,104.02304,True
66545,1,12031,30.631207,104.001822,16429,30.704823,104.014532,True
66546,1,12031,30.665769,104.073772,12780,30.684042,104.068744,True
66562,1,12034,30.677196,104.027202,12651,30.677722,104.053732,True
66566,1,12034,30.638684,104.13966,13308,30.62374,104.078975,True
66584,1,12037,30.650219,104.067413,12769,30.671384,104.055734,True
66587,1,12037,30.666447,104.047796,12771,30.636328,104.048107,True
66589,1,12037,30.65567,104.09092,12864,30.705224,104.103595,True
66600,1,12039,30.652327,104.090918,12209,30.658183,104.07846,True
66604,1,12039,30.683546,104.044608,13051,30.639483,104.025238,True
66606,1,12039,30.644289,104.074166,13149,30.677,104.052582,True
66612,1,12040,30.6423,104.109429,12546,30.652745,104.119893,True
66613,1,12040,30.640956,104.115618,12442,30.64815,104.094751,True
66614,1,12040,30.684986,104.076076,12795,30.700671,104.092505,True
66621,1,12041,30.625253,104.062381,12512,30.643344,104.061612,True
66622,1,12041,30.708285,104.043038,12284,30.70067,104.043571,True
66624,1,12041,30.699027,104.035358,13224,30.713658,103.987505,True
66629,1,12042,30.671674,104.052118,12781,30.644401,104.049251,True
66631,1,12042,30.635264,104.099971,12454,30.636025,104.126824,True
66647,1,12044,30.638445,104.107451,12788,30.614564,104.095031,True
66649,1,12045,30.655339,104.084536,12847,30.638131,104.066341,True
66666,1,12047,30.627439,104.138924,13178,30.665847,104.073859,True
66668,1,12048,30.617111,104.067226,12527,30.611824,104.082781,True
66669,1,12048,30.680198,104.095655,12599,30.653326,104.076773,True
66673,1,12049,30.644149,104.058373,12735,30.61034,104.067137,True
66674,1,12049,30.677249,104.042282,13002,30.695834,104.072975,True
66680,1,12050,30.603282,104.039896,12642,30.616373,104.01328,True
66686,1,12051,30.674349,104.059144,12813,30.64453,104.074655,True
66697,1,12052,30.696379,104.025966,13335,30.644724,104.05025,True
66704,1,12052,30.67251,104.124075,13656,30.65862,104.066848,True
66708,1,12053,30.664294,104.046253,12901,30.645122,104.010871,True
66712,1,12054,30.699093,104.112984,13751,30.663207,104.05613,True
66715,1,12055,30.634022,104.029493,12448,30.647548,104.021868,True
66716,1,12055,30.629503,104.15354,12956,30.71211,104.169838,True
66720,1,12056,30.604301,104.08022,12810,30.653341,104.079045,True
66726,1,12056,30.675316,104.139758,16775,30.666455,103.99832,True
66728,1,12057,30.685789,104.018623,13902,30.695736,104.073012,True
66733,1,12057,30.660817,104.053586,13399,30.702316,104.072585,True
66737,1,12058,30.690319,104.093219,13301,30.717344,104.044153,True
66748,1,12059,30.630418,104.035882,13380,30.648615,104.063695,True
66753,1,12060,30.64184,103.993644,12930,30.664555,104.040536,True
66754,1,12060,30.672213,104.083248,12784,30.696133,104.072862,True
66758,1,12061,30.650871,104.120051,12581,30.64096,104.097672,True
66762,1,12061,30.624624,104.032604,12527,30.640578,104.044215,True
66765,1,12061,30.673742,104.077178,12120,30.671407,104.075227,True
66769,1,12062,30.642973,104.041244,12570,30.663132,104.056345,True
66792,1,12064,30.678516,104.042768,13286,30.704545,104.014067,True
66807,1,12066,30.642978,104.073447,12661,30.625559,104.093726,True
66823,1,12068,30.710335,104.089443,12249,30.703307,104.102293,True
66826,1,12068,30.661862,104.102313,13053,30.608006,104.081437,True
66827,1,12069,30.62126,104.092859,12734,30.622006,104.092944,True
66831,1,12069,30.642717,104.066457,12313,30.639228,104.075743,True
66841,1,12070,30.672423,103.99313,12438,30.67961,103.985416,True
66843,1,12071,30.667659,104.052267,12927,30.661029,104.009397,True
66848,1,12071,30.687948,104.039923,13150,30.666535,104.021325,True
66854,1,12072,30.679205,104.019871,12768,30.684768,104.052284,True
66859,1,12073,30.651946,104.01354,12579,30.670595,104.018459,True
66860,1,12073,30.631752,104.003666,12615,30.636084,104.032227,True
66861,1,12073,30.652655,104.001215,13275,30.633378,104.066398,True
66870,1,12074,30.669275,104.103328,12645,30.688961,104.095731,True
66875,1,12076,30.611752,104.048481,12593,30.632221,104.058499,True
66876,1,12076,30.670187,104.023307,12366,30.68269,104.029752,True
66879,1,12076,30.700191,104.041838,13606,30.655713,104.094705,True
66885,1,12077,30.631899,104.032027,12693,30.635404,104.050052,True
66886,1,12078,30.608486,104.066632,13157,30.628742,104.138218,True
66892,1,12078,30.649039,104.075676,12477,30.653812,104.061695,True
66900,1,12080,30.659566,104.039452,13078,30.602684,104.043265,True
66905,1,12081,30.603805,104.080655,12456,30.611934,104.067984,True
66912,1,12082,30.673893,104.13567,13719,30.695736,104.072979,True
66918,1,12083,30.656998,104.084494,12638,30.660931,104.054904,True
66922,1,12083,30.663305,104.083438,12384,30.658571,104.06667,True
66934,1,12084,30.672822,104.065211,12926,30.69438,104.083823,True
66941,1,12085,30.681112,104.089787,12713,30.657775,104.079794,True
66943,1,12086,30.665683,104.040484,12621,30.647124,104.021901,True
66945,1,12086,30.631545,104.144828,13352,30.682382,104.089041,True
66946,1,12086,30.693623,104.090477,12484,30.694656,104.074374,True
66951,1,12086,30.681991,104.139232,12858,30.705322,104.103537,True
66954,1,12087,30.684586,104.052385,13165,30.644621,104.074599,True
66957,1,12087,30.648333,104.055318,12677,30.68168,104.044519,True
66962,1,12087,30.647787,104.027621,12382,30.635443,104.031244,True
66968,1,12088,30.66629,104.097458,12474,30.648314,104.09931,True
66980,1,12090,30.683396,104.117197,12522,30.671493,104.116727,True
66986,1,12091,30.637569,104.090532,13025,30.606545,104.117861,True
66998,1,12092,30.674384,104.105476,12723,30.660404,104.073176,True
67007,1,12095,30.642902,104.073437,12579,30.65157,104.070239,True
67021,1,12098,30.684519,104.0388,12654,30.671868,104.05939,True
67026,1,12099,30.650233,103.996199,12511,30.638958,103.987239,True
67030,1,12100,30.663752,104.045941,12116,30.67051,104.044698,True
67036,1,12100,30.65317,104.071843,12565,30.662845,104.060654,True
67038,1,12100,30.643797,104.066249,12457,30.653239,104.076356,True
67041,1,12101,30.716845,104.043919,12362,30.717748,104.032335,True
67055,1,12102,30.664093,104.068775,13082,30.687415,104.108946,True
67059,1,12103,30.666741,104.080546,12969,30.669687,104.048517,True
67064,1,12103,30.603146,104.091193,13519,30.637523,104.022539,True
67066,1,12103,30.674926,104.081994,12435,30.686724,104.08977,True
67081,1,12105,30.640834,104.084702,12751,30.658421,104.072927,True
67088,1,12106,30.645173,104.027557,12839,30.684279,104.050988,True
67089,1,12107,30.651493,104.091625,12702,30.638296,104.1048,True
67092,1,12107,30.649367,104.097377,12825,30.646098,104.075047,True
67094,1,12107,30.658012,104.077179,12772,30.644391,104.049459,True
67101,1,12108,30.608606,104.057482,13179,30.678772,104.118919,True
67104,1,12108,30.669999,104.106143,13874,30.644401,104.049389,True
67106,1,12109,30.623898,104.080246,12634,30.653187,104.081843,True
67108,1,12109,30.64982,104.085462,12216,30.645368,104.083728,True
67126,1,12113,30.663981,104.044726,13194,30.667712,104.099342,True
67127,1,12113,30.651019,104.037299,12461,30.652105,104.015913,True
67130,1,12113,30.645123,104.023772,12390,30.640521,104.037534,True
67141,1,12115,30.687954,104.04169,12844,30.658151,104.0632,True
67149,1,12116,30.702094,104.091793,13809,30.623294,104.097519,True
67158,1,12117,30.663079,104.046874,12237,30.668325,104.048738,True
67160,1,12118,30.635948,104.036434,12581,30.622853,104.060236,True
67161,1,12118,30.679884,104.054061,12440,30.692279,104.042054,True
67172,1,12118,30.653833,104.098323,13090,30.652964,104.060082,True
67174,1,12119,30.697263,104.024643,13750,30.64443,104.049858,True
67176,1,12119,30.650439,104.081829,12730,30.644427,104.04936,True
67184,1,12120,30.648347,104.060092,12518,30.643335,104.046272,True
67195,1,12121,30.69416,104.032441,13262,30.658457,104.077398,True
67211,1,12123,30.681467,104.085364,13100,30.719364,104.03851,True
67221,1,12124,30.642826,104.043759,13300,30.695063,104.066477,True
67227,1,12124,30.615996,104.092852,15025,30.718794,104.068465,True
67230,1,12125,30.658752,104.087912,12564,30.658461,104.066805,True
67231,1,12125,30.71778,104.012739,14032,30.69604,104.072968,True
67234,1,12125,30.647373,104.062104,12726,30.655176,104.095583,True
67254,1,12129,30.647679,104.094423,13236,30.644213,104.04968,True
67255,1,12129,30.660474,104.071211,12512,30.682072,104.084286,True
67261,1,12130,30.657381,104.11545,12668,30.687166,104.098671,True
67262,1,12130,30.648056,104.118343,12979,30.606004,104.126729,True
67268,1,12130,30.6712,104.075084,13389,30.623818,104.034132,True
67271,1,12131,30.630745,104.050676,12605,30.633027,104.066435,True
67272,1,12131,30.65024,104.008739,13356,30.710924,104.010524,True
67284,1,12134,30.661919,104.113782,13505,30.620432,104.057618,True
67308,1,12137,30.689162,104.115184,14755,30.613049,104.048833,True
67309,1,12137,30.673312,104.056625,12528,30.657995,104.064158,True
67330,1,12139,30.677907,104.054045,13089,30.644549,104.074564,True
67332,1,12140,30.629579,104.062998,12635,30.643292,104.061722,True
67341,1,12142,30.664698,104.073016,12633,30.680792,104.089718,True
67347,1,12143,30.646974,104.102588,12693,30.665602,104.087197,True
67349,1,12143,30.667848,104.05773,12340,30.669991,104.046147,True
67352,1,12144,30.602399,104.060555,12678,30.626843,104.040979,True
67357,1,12144,30.67695,104.052419,13488,30.687011,104.104906,True
67358,1,12144,30.620475,104.073493,13103,30.681511,104.030383,True
67361,1,12145,30.669089,104.119693,12525,30.672612,104.137703,True
67376,1,12146,30.638912,104.090992,13646,30.645457,104.06246,True
67380,1,12147,30.687156,104.090203,12795,30.660908,104.086485,True
67385,1,12147,30.645549,104.059541,13308,30.609148,104.116879,True
67386,1,12147,30.605954,104.135591,13053,30.625766,104.143966,True
67393,1,12148,30.647921,104.023762,12651,30.630911,104.015222,True
67429,1,12152,30.629131,104.138275,13628,30.620943,104.114116,True
67447,1,12155,30.653895,104.041066,12641,30.660031,104.067338,True
67464,1,12157,30.672252,104.083577,13209,30.712206,104.109492,True
67471,1,12157,30.644252,104.098345,13509,30.621298,104.05525,True
67476,1,12158,30.694425,104.070965,12646,30.693204,104.087017,True
67479,1,12158,30.657146,104.091886,12542,30.670625,104.081626,True
67491,1,12159,30.670841,104.037855,13092,30.651576,104.092171,True
67492,1,12159,30.680479,104.066576,12578,30.66404,104.089941,True
67496,1,12159,30.667166,104.079837,12517,30.673014,104.063259,True
67509,1,12161,30.650621,104.089047,12564,30.661894,104.103104,True
67512,1,12161,30.627915,104.048166,12897,30.645436,104.041112,True
67519,1,12162,30.666207,104.003392,12991,30.6578,104.055513,True
67524,1,12163,30.647374,104.139539,12679,30.639087,104.106641,True
67531,1,12163,30.640435,104.032011,12926,30.644667,104.026931,True
67544,1,12165,30.640048,104.03747,12809,30.639301,104.066237,True
67551,1,12165,30.670554,104.11365,12403,30.667724,104.106359,True
67552,1,12165,30.664226,104.090111,12392,30.661064,104.086498,True
67568,1,12167,30.660206,104.07155,13488,30.668674,104.032297,True
67570,1,12167,30.677229,104.087273,12358,30.68507,104.088726,True
67571,1,12167,30.609798,104.077172,13286,30.633883,104.138705,True
67572,1,12167,30.660035,104.061662,13568,30.703887,104.082517,True
67578,1,12168,30.689051,104.107655,13212,30.702678,104.072929,True
67583,1,12168,30.636588,104.019814,13289,30.604496,103.99466,True
67584,1,12168,30.679537,104.046556,12663,30.653993,104.065842,True
67586,1,12169,30.647725,104.030383,12649,30.628669,104.043402,True
67596,1,12170,30.675915,103.996602,12711,30.704244,104.005764,True
67597,1,12170,30.614335,104.057614,12336,30.615454,104.066937,True
67606,1,12172,30.637496,104.068861,12480,30.648781,104.069217,True
67609,1,12172,30.693012,104.011648,13050,30.659581,104.008158,True
67618,1,12173,30.641798,104.04939,12331,30.64219,104.041926,True
67623,1,12174,30.66432,104.044554,13025,30.630405,104.044166,True
67624,1,12174,30.666673,104.04043,12999,30.659218,104.015943,True
67633,1,12175,30.660696,104.056411,12958,30.643513,104.092285,True
67639,1,12175,30.62764,104.026327,13003,30.63,103.982312,True
67640,1,12175,30.628406,104.101113,12882,30.626478,104.143671,True
67642,1,12176,30.646238,104.077995,18738,30.611803,104.094621,True
67648,1,12176,30.630718,103.993837,13079,30.600948,104.067963,True
67651,1,12177,30.674718,104.063403,12505,30.669408,104.078932,True
67654,1,12177,30.681172,104.089865,12899,30.695835,104.072914,True
67669,1,12180,30.634741,104.060308,12409,30.624094,104.066701,True
67673,1,12180,30.64801,104.094748,12571,30.638752,104.094859,True
67682,1,12182,30.708254,104.039409,13030,30.702267,104.072612,True
67695,1,12183,30.681395,104.03132,12799,30.689261,104.004487,True
67697,1,12183,30.672075,104.054273,12601,30.669624,104.066048,True
67698,1,12183,30.674191,104.083574,12892,30.652295,104.069,True
67700,1,12184,30.688954,104.008547,12755,30.706252,104.040889,True
67705,1,12184,30.621466,103.988839,14103,30.663743,104.089775,True
67708,1,12185,30.651146,104.086137,12697,30.640506,104.093344,True
67712,1,12185,30.668342,104.02648,13505,30.621538,104.043635,True
67725,1,12187,30.657209,104.067578,12579,30.667402,104.074757,True
67726,1,12188,30.645717,104.058076,12613,30.670802,104.051911,True
67729,1,12188,30.653541,104.071987,12663,30.637637,104.066454,True
67734,1,12189,30.662477,104.085593,12573,30.67313,104.075542,True
67746,1,12190,30.663486,104.097597,13425,30.650204,104.062317,True
67751,1,12191,30.643975,104.06552,12921,30.613865,104.057737,True
67761,1,12192,30.680733,104.086933,12958,30.695458,104.072559,True
67771,1,12193,30.683781,104.079168,13633,30.6332,104.152722,True
67774,1,12194,30.689819,104.095222,12702,30.661646,104.095003,True
67780,1,12194,30.700906,104.103692,12789,30.648398,104.110312,True
67782,1,12195,30.668606,104.048786,12461,30.668135,104.056033,True
67784,1,12195,30.695651,104.072709,13966,30.704795,104.01455,True
67786,1,12195,30.719597,104.030476,12763,30.69278,104.042504,True
67787,1,12195,30.671776,104.075432,12807,30.677073,104.042083,True
67790,1,12195,30.699415,104.166875,12843,30.635434,104.151844,True
67791,1,12195,30.633928,104.028578,13030,30.663791,104.040862,True
67792,1,12195,30.625816,104.086995,12524,30.639006,104.085322,True
67797,1,12196,30.679846,104.114723,13225,30.625495,104.094397,True
67798,1,12196,30.632069,104.147548,13312,30.644414,104.074519,True
67803,1,12196,30.640792,104.103833,13218,30.641484,104.06209,True
67805,1,12197,30.660675,104.004817,12885,30.663315,104.040579,True
67837,1,12200,30.629248,104.143434,12277,30.626257,104.143856,True
67855,1,12203,30.650333,104.106103,13784,30.608996,104.059492,True
67861,1,12204,30.658527,104.098156,12774,30.667726,104.12038,True
67862,1,12204,30.622578,104.104626,14026,30.643476,104.066103,True
67866,1,12204,30.650188,104.115352,12910,30.666661,104.08084,True
67897,1,12206,30.636296,104.08156,13768,30.644343,104.049029,True
67901,1,12207,30.644396,104.028405,12590,30.653033,104.040067,True
67908,1,12208,30.676507,104.050973,13048,30.649757,104.039537,True
67911,1,12208,30.61684,104.067197,12975,30.634974,104.009826,True
67912,1,12208,30.666347,104.077223,16581,30.663354,104.040639,True
67914,1,12209,30.647908,104.015108,13672,30.648911,104.085298,True
67924,1,12210,30.692964,104.039754,12755,30.674884,104.059662,True
67937,1,12211,30.668178,104.033581,12418,30.666104,104.040436,True
67942,1,12212,30.637707,104.03406,14140,30.62908,104.144062,True
67946,1,12212,30.710635,104.093974,13268,30.636116,104.127544,True
67949,1,12212,30.660052,104.085518,12797,30.625634,104.07356,True
67954,1,12213,30.63699,104.072846,12710,30.657639,104.070857,True
67955,1,12213,30.656428,104.064086,12465,30.66005,104.074261,True
67958,1,12214,30.629564,104.153527,13958,30.674596,104.072071,True
67968,1,12215,30.703979,104.01209,14008,30.69453,104.064681,True
67969,1,12215,30.67065,104.081657,12694,30.670013,104.063717,True
67975,1,12216,30.662796,104.056535,12735,30.658467,104.076938,True
67981,1,12216,30.625051,104.06806,12657,30.657479,104.067542,True
67982,1,12216,30.643949,104.025913,12877,30.654164,104.053495,True
67983,1,12216,30.711458,104.036062,12958,30.718087,104.031994,True
67984,1,12216,30.65314,104.078909,12433,30.644459,104.074759,True
67986,1,12216,30.646479,104.022559,13027,30.701612,104.044835,True
67992,1,12217,30.679319,104.089668,12918,30.650591,104.115224,True
67993,1,12217,30.644207,104.034605,12567,30.632378,104.034529,True
68014,1,12220,30.6695,104.069461,13059,30.69312,104.043149,True
68015,1,12220,30.630552,104.033667,12388,30.628128,104.025805,True
68030,1,12221,30.630821,104.15116,13689,30.666934,104.052375,True
68048,1,12223,30.610912,104.007986,13881,30.680495,104.01539,True
68057,1,12224,30.653012,104.110834,12941,30.670978,104.125627,True
68058,1,12224,30.660927,104.083927,13067,30.632461,104.092617,True
68060,1,12224,30.717307,104.032314,12591,30.702912,104.049884,True
68064,1,12224,30.653053,104.077125,13030,30.644414,104.049477,True
68070,1,12224,30.624339,104.032573,12801,30.632289,104.066822,True
68074,1,12225,30.704327,104.013309,13504,30.650853,104.028899,True
68076,1,12225,30.703392,104.066256,14311,30.644469,104.049557,True
68080,1,12226,30.64061,104.104346,12881,30.660531,104.090278,True
68091,1,12227,30.651996,104.079377,14047,30.630467,104.153914,True
68098,1,12228,30.611818,104.053166,12827,30.64189,104.057142,True
68108,1,12230,30.638422,104.060547,12619,30.625448,104.050959,True
68115,1,12231,30.670983,104.051721,12488,30.662672,104.047835,True
68118,1,12231,30.707285,104.045073,13684,30.65582,104.075345,True
68119,1,12231,30.656622,104.081178,13527,30.662432,104.027929,True
68125,1,12233,30.626326,104.118573,13966,30.638739,104.014263,True
68129,1,12233,30.70432,104.01327,13443,30.663061,104.008016,True
68135,1,12234,30.683432,104.04337,12863,30.694388,104.06223,True
68136,1,12234,30.70828,104.096109,13248,30.679605,104.096861,True
68151,1,12235,30.63403,104.152037,12712,30.678987,104.162551,True
68158,1,12236,30.620269,104.060301,12518,30.615212,104.074016,True
68187,1,12240,30.63751,104.084053,13511,30.664661,104.046587,True
68196,1,12240,30.643596,104.077315,12930,30.656887,104.05513,True
68200,1,12241,30.63798,104.022155,12952,30.662735,104.015503,True
68207,1,12242,30.714444,104.034327,13233,30.704495,104.012922,True
68214,1,12243,30.666946,104.136911,13187,30.646602,104.139461,True
68217,1,12244,30.684762,104.088452,13816,30.641448,104.062115,True
68221,1,12244,30.636805,104.131086,13311,30.655052,104.073251,True
68232,1,12245,30.667542,104.065614,13370,30.621991,104.103948,True
68233,1,12246,30.628087,104.097153,13699,30.622324,104.037009,True
68235,1,12246,30.705566,104.10348,13476,30.645128,104.062687,True
68246,1,12246,30.631295,104.140633,13124,30.642908,104.086316,True
68254,1,12248,30.607384,104.151324,14803,30.633341,104.038479,True
68266,1,12249,30.692175,104.050782,12747,30.694847,104.027019,True
68280,1,12250,30.646537,104.037501,12510,30.636808,104.04198,True
68287,1,12251,30.640627,104.104303,13683,30.686452,104.07331,True
68289,1,12252,30.63,104.139139,14083,30.644163,104.047289,True
68292,1,12252,30.688949,104.08671,12893,30.695799,104.072979,True
68300,1,12254,30.633424,103.995757,13065,30.608674,104.038506,True
68301,1,12254,30.681487,104.038681,12790,30.669806,104.06426,True
68303,1,12254,30.658289,104.070639,12271,30.65982,104.056832,True
68305,1,12254,30.695067,104.037321,13145,30.693047,104.08,True
68310,1,12255,30.670802,104.124712,14849,30.673987,104.069394,True
68316,1,12255,30.687108,104.076751,12470,30.688138,104.076179,True
68329,1,12257,30.675356,104.111251,13752,30.630613,104.050865,True
68345,1,12260,30.678565,104.055364,12563,30.69489,104.054564,True
68356,1,12261,30.630844,104.15103,13764,30.682152,104.084779,True
68357,1,12261,30.656579,104.122679,12654,30.6512,104.114184,True
68373,1,12263,30.663112,104.088517,13034,30.667064,104.06738,True
68387,1,12266,30.641893,104.037505,13092,30.679362,104.034548,True
68389,1,12266,30.672541,104.137271,12300,30.672518,104.137317,True
68391,1,12266,30.641552,104.066164,13796,30.650875,103.995976,True
68392,1,12266,30.661388,104.106314,13869,30.634189,104.077301,True
68393,1,12266,30.626517,104.066666,12893,30.637878,104.044131,True
68397,1,12266,30.671843,104.137201,13290,30.636629,104.130276,True
68403,1,12267,30.671581,104.004086,13577,30.634609,104.075991,True
68410,1,12267,30.673783,104.045949,13386,30.641379,104.09242,True
68413,1,12268,30.683979,104.043136,14509,30.644575,104.074518,True
68418,1,12269,30.637845,104.045488,14238,30.662751,104.162206,True
68427,1,12270,30.665886,104.041407,13241,30.657137,104.02029,True
68439,1,12273,30.629676,104.059915,12738,30.620354,104.092797,True
68446,1,12273,30.651029,104.073115,12447,30.650423,104.071951,True
68448,1,12274,30.658869,104.057681,12819,30.644375,104.074988,True
68452,1,12274,30.67956,104.056946,12509,30.67462,104.071787,True
68453,1,12275,30.633599,104.138904,12292,30.627599,104.138071,True
68460,1,12276,30.655844,104.046251,12736,30.670127,104.058756,True
68473,1,12278,30.626202,104.081397,12966,30.658202,104.078495,True
68478,1,12278,30.627654,104.138112,13218,30.682068,104.142262,True
68492,1,12280,30.650537,104.10946,13489,30.625728,104.067049,True
68494,1,12280,30.681109,104.006585,12643,30.683128,104.025805,True
68500,1,12281,30.636754,104.093906,13354,30.672747,104.075978,True
68504,1,12282,30.680647,104.065768,13381,30.63885,104.086876,True
68511,1,12282,30.623843,104.04984,13143,30.653837,104.001198,True
68512,1,12282,30.653327,104.049337,13044,30.673418,104.043817,True
68513,1,12282,30.640718,104.103716,12861,30.614985,104.123678,True
68541,1,12285,30.624196,104.071753,12928,30.640057,104.061379,True
68550,1,12286,30.667382,104.105616,13514,30.676544,104.041421,True
68554,1,12286,30.646471,104.059426,12737,30.629924,104.066497,True
68561,1,12287,30.686171,104.089448,12702,30.670439,104.080836,True
68571,1,12289,30.692972,104.034618,12944,30.660931,104.054821,True
68577,1,12289,30.64193,104.049196,13465,30.667887,104.082351,True
68579,1,12290,30.699807,104.007804,13000,30.674034,104.011504,True
68586,1,12290,30.645399,104.059285,13351,30.690347,104.075043,True
68591,1,12291,30.606149,104.134887,13457,30.658121,104.078255,True
68595,1,12292,30.636816,104.060675,13828,30.625522,104.113523,True
68597,1,12292,30.636567,104.131726,12524,30.629683,104.142026,True
68612,1,12294,30.65493,104.085415,12474,30.658849,104.075977,True
68619,1,12294,30.602799,104.064856,12760,30.604513,104.048676,True
68620,1,12295,30.67405,104.05524,12686,30.688298,104.044803,True
68634,1,12297,30.608414,104.063362,12523,30.614653,104.067348,True
68640,1,12297,30.71266,104.065537,13777,30.671329,104.060182,True
68647,1,12298,30.651924,104.09718,13125,30.629339,104.153301,True
68654,1,12299,30.690449,104.066052,39932,30.686413,104.035836,True
68659,1,12299,30.673983,104.093427,12943,30.658709,104.06677,True
68675,1,12300,30.67437,104.083241,12964,30.64857,104.06921,True
68686,1,12302,30.673276,104.03317,13125,30.701076,104.024374,True
68688,1,12302,30.62501,104.065974,13655,30.641025,103.99157,True
68692,1,12302,30.647464,104.094598,14557,30.687442,104.119277,True
68693,1,12302,30.659622,104.093908,13193,30.644474,104.04966,True
68694,1,12303,30.649744,104.01512,12867,30.666565,104.033757,True
68698,1,12303,30.675892,104.050831,12715,30.664987,104.062404,True
68699,1,12303,30.625263,104.080952,12823,30.631993,104.066772,True
68707,1,12305,30.687022,104.022626,12916,30.683316,104.048579,True
68724,1,12307,30.668963,104.08411,13144,30.705296,104.103655,True
68726,1,12307,30.652312,104.130083,12888,30.667446,104.113514,True
68729,1,12307,30.63851,104.087711,14487,30.680642,104.01473,True
68739,1,12310,30.61374,104.051003,12603,30.611953,104.0667,True
68753,1,12311,30.645288,104.124734,12980,30.628964,104.137517,True
68754,1,12311,30.620868,104.044807,12611,30.633706,104.038181,True
68756,1,12311,30.636296,104.126792,13047,30.658215,104.078507,True
68762,1,12312,30.65926,104.040003,12444,30.650916,104.040984,True
68765,1,12312,30.712638,104.015043,13285,30.702705,104.071422,True
68796,1,12315,30.650539,104.058524,12916,30.663041,104.087764,True
68808,1,12317,30.615339,104.051125,12554,30.616021,104.060984,True
68810,1,12317,30.627303,104.094297,13518,30.62946,104.059567,True
68814,1,12317,30.649677,103.996458,12803,30.617078,104.014067,True
68826,1,12318,30.636719,104.009543,13585,30.654444,104.06145,True
68834,1,12319,30.677768,104.048708,13331,30.639554,104.066218,True
68850,1,12321,30.681272,104.082365,13806,30.718167,104.031961,True
68865,1,12322,30.633262,104.032618,12770,30.618135,104.066869,True
68868,1,12322,30.651732,104.006215,13549,30.625077,104.069256,True
68887,1,12324,30.659358,104.080908,12574,30.658631,104.066708,True
68895,1,12326,30.616275,104.066846,12635,30.618498,104.052781,True
68911,1,12328,30.654807,104.07282,13072,30.641651,104.03689,True
68925,1,12330,30.661857,104.10489,13664,30.682599,104.033971,True
68926,1,12330,30.645936,104.078054,12946,30.663684,104.046021,True
68929,1,12330,30.625048,104.054458,12823,30.61683,104.057547,True
68950,1,12334,30.627923,103.995597,13904,30.652344,104.069105,True
68961,1,12335,30.653793,104.065895,13302,30.668675,104.110878,True
68965,1,12336,30.633433,104.041301,13599,30.647683,104.088011,True
68988,1,12338,30.647963,104.125727,14166,30.644414,104.049921,True
68998,1,12339,30.683424,104.122965,12773,30.674789,104.139451,True
69001,1,12339,30.651216,104.080537,13285,30.611934,104.067429,True
69004,1,12339,30.659508,104.067364,12755,30.671199,104.056078,True
69008,1,12340,30.67287,104.03902,13572,30.69029,104.023196,True
69019,1,12342,30.697479,104.015859,12859,30.697469,104.009253,True
69030,1,12343,30.706397,104.040927,13742,30.682869,104.083657,True
69031,1,12343,30.605003,103.992004,14306,30.658544,104.066642,True
69034,1,12344,30.67613,104.075729,13391,30.623303,104.085114,True
69042,1,12345,30.673674,103.998586,13066,30.704158,104.006978,True
69044,1,12345,30.700146,104.057514,13787,30.64443,104.074708,True
69047,1,12346,30.652146,104.103065,12900,30.658638,104.072842,True
69052,1,12346,30.702689,104.067173,14027,30.674509,104.072065,True
69059,1,12347,30.657835,104.090059,12637,30.650234,104.088819,True
69064,1,12348,30.639611,104.118339,13263,30.645231,104.074659,True
69065,1,12348,30.633997,104.053476,15782,30.694584,104.037875,True
69073,1,12349,30.621272,104.085394,14022,30.690215,104.076692,True
69081,1,12350,30.647693,104.088751,13248,30.630136,104.141789,True
69106,1,12353,30.667608,104.021445,13549,30.604026,104.042639,True
69107,1,12353,30.695078,104.016343,13118,30.703938,104.033266,True
69110,1,12354,30.635162,104.046548,12741,30.6449,104.050923,True
69112,1,12354,30.603068,104.061417,12537,30.608635,104.066172,True
69114,1,12354,30.634338,104.111439,18472,30.631134,104.170519,True
69116,1,12355,30.641178,104.013866,13278,30.665961,104.037127,True
69134,1,12357,30.650916,104.067849,12951,30.659657,104.04095,True
69135,1,12357,30.683746,104.028011,12915,30.701194,104.044421,True
69136,1,12358,30.678406,104.088025,13091,30.65504,104.080583,True
69139,1,12358,30.699256,104.103901,13207,30.700818,104.081248,True
69140,1,12358,30.648088,104.056504,13855,30.704683,104.014446,True
69141,1,12358,30.704038,104.045783,13884,30.648741,104.092021,True
69144,1,12358,30.702354,104.07382,12709,30.704099,104.082399,True
69155,1,12359,30.685059,104.064002,13150,30.695948,104.072964,True
69165,1,12360,30.664331,104.086351,13399,30.689812,104.050372,True
69169,1,12362,30.71043,103.993274,12965,30.695935,104.022605,True
69170,1,12362,30.63692,104.055255,13021,30.658394,104.029247,True
69178,1,12362,30.67773,104.042316,13653,30.710238,104.092337,True
69185,1,12363,30.673378,104.084683,13902,30.644473,104.049754,True
69189,1,12364,30.681585,104.072417,13377,30.659388,104.026375,True
69210,1,12366,30.617356,104.098756,13363,30.63865,104.081005,True
69216,1,12366,30.667298,104.040716,12931,30.683456,104.032608,True
69225,1,12368,30.667928,104.044274,13230,30.638881,104.090963,True
69244,1,12371,30.627549,104.138729,13428,30.70527,104.103562,True
69248,1,12371,30.633725,104.028135,13218,30.640479,104.061513,True
69255,1,12372,30.668271,104.077146,13647,30.645487,104.052277,True
69260,1,12372,30.628781,104.138406,13498,30.655137,104.08026,True
69263,1,12373,30.661779,104.086956,13388,30.643392,104.137989,True
69267,1,12374,30.681812,104.078304,12956,30.684969,104.052253,True
69278,1,12374,30.654824,104.148066,12895,30.625798,104.147213,True
69290,1,12377,30.699571,104.108337,13577,30.644358,104.074712,True
69303,1,12379,30.653156,104.050861,12814,30.658528,104.077529,True
69308,1,12380,30.657925,104.092617,13272,30.644437,104.049624,True
69311,1,12380,30.677415,104.028733,12884,30.669096,104.052305,True
69312,1,12380,30.665338,104.080107,13341,30.629383,104.066529,True
69313,1,12381,30.700981,104.107877,13408,30.644538,104.074472,True
69323,1,12381,30.638553,104.087704,14568,30.680544,104.014804,True
69324,1,12381,30.638492,104.066437,13710,30.700049,104.103048,True
69342,1,12384,30.627309,104.144727,12943,30.606593,104.118091,True
69345,1,12385,30.672887,104.052447,12956,30.704782,104.037418,True
69362,1,12387,30.685331,104.075249,13472,30.658475,104.05574,True
69364,1,12387,30.674714,103.999519,12764,30.661078,104.012005,True
69370,1,12388,30.676822,104.004042,12769,30.694102,104.012773,True
69377,1,12389,30.615922,104.092854,15062,30.662612,104.028819,True
69380,1,12389,30.617895,104.129062,13197,30.603284,104.063702,True
69386,1,12389,30.666953,104.08013,13583,30.630251,104.142897,True
69391,1,12390,30.627503,104.149537,13272,30.656658,104.11079,True
69397,1,12391,30.656247,104.054814,13336,30.692416,104.066253,True
69410,1,12393,30.654513,104.098727,12939,30.657819,104.07096,True
69414,1,12394,30.644499,104.058827,12837,30.663029,104.056453,True
69420,1,12395,30.645777,104.013711,13189,30.609223,104.005967,True
69424,1,12395,30.664799,104.105157,13249,30.672862,104.06808,True
69428,1,12395,30.669961,104.067535,12786,30.672562,104.052478,True
69439,1,12397,30.688248,104.020819,13508,30.663756,104.072163,True
69444,1,12397,30.649548,104.079056,12764,30.639544,104.102587,True
69447,1,12398,30.648698,104.061559,12633,30.643144,104.066149,True
69448,1,12398,30.64358,104.04508,12566,30.640366,104.052828,True
69454,1,12398,30.638805,104.066348,13821,30.671778,104.018962,True
69456,1,12399,30.64609,104.054369,12857,30.639136,104.075808,True
69463,1,12399,30.649829,104.085359,12995,30.649998,104.067293,True
69464,1,12399,30.637636,104.150742,12598,30.626349,104.144085,True
69472,1,12400,30.64406,104.060017,13533,30.684793,104.038499,True
69482,1,12401,30.654778,104.066605,13951,30.717762,104.032361,True
69484,1,12401,30.678181,104.087755,13117,30.658791,104.06887,True
69486,1,12401,30.625133,104.085045,13208,30.633813,104.066908,True
69493,1,12402,30.66911,104.048568,13050,30.644488,104.058605,True
69499,1,12403,30.699219,104.111959,13027,30.66983,104.121313,True
69518,1,12404,30.676687,104.090629,13485,30.62984,104.142162,True
69524,1,12405,30.653641,104.065828,13366,30.675345,104.08126,True
69533,1,12406,30.672471,104.076578,13221,30.653419,104.079309,True
69550,1,12407,30.64221,104.013967,12787,30.652102,104.018178,True
69555,1,12408,30.628643,104.110593,12714,30.608787,104.115563,True
69576,1,12411,30.628026,104.140891,12855,30.640832,104.115864,True
69577,1,12411,30.614409,104.124766,12990,30.638819,104.142371,True
69579,1,12411,30.701621,104.103772,13361,30.693379,104.087515,True
69591,1,12412,30.716702,104.045244,13232,30.705242,104.103556,True
69601,1,12415,30.630634,104.033438,12958,30.620104,104.075169,True
69614,1,12417,30.70899,104.096369,13471,30.695784,104.072998,True
69620,1,12418,30.623462,104.146119,12769,30.632276,104.151298,True
69625,1,12418,30.654966,104.0807,13279,30.630513,104.142369,True
69627,1,12419,30.695408,104.070586,13261,30.670663,104.066351,True
69638,1,12419,30.605839,104.098715,13016,30.622187,104.119162,True
69655,1,12421,30.643576,104.061069,13750,30.675387,103.999954,True
69660,1,12422,30.671243,104.043437,12767,30.66562,104.040511,True
69665,1,12422,30.646192,104.054052,12658,30.645768,104.041246,True
69666,1,12423,30.682574,104.039838,13146,30.64919,104.054271,True
69667,1,12423,30.635541,104.039256,12631,30.627453,104.043341,True
69668,1,12423,30.635063,104.052457,12684,30.645362,104.062262,True
69669,1,12423,30.647247,104.066218,13295,30.649717,104.022327,True
69675,1,12423,30.640679,104.103357,12931,30.653003,104.078801,True
69684,1,12425,30.647511,104.062427,12788,30.63989,104.05416,True
69693,1,12425,30.68288,104.083672,13557,30.715959,104.078775,True
69722,1,12429,30.682567,104.138404,13362,30.670675,104.114241,True
69723,1,12429,30.612851,104.055643,12778,30.609665,104.077183,True
69724,1,12429,30.6477,104.031072,13629,30.603665,104.003083,True
69754,1,12432,30.677402,104.030432,13370,30.6585,104.076904,True
69758,1,12433,30.675557,104.000861,12909,30.668116,103.985755,True
69759,1,12433,30.674255,104.138803,13197,30.6274,104.14183,True
69768,1,12433,30.658913,104.120019,14102,30.656416,104.041093,True
69771,1,12433,30.653051,104.059698,12956,30.663397,104.069708,True
69773,1,12434,30.649691,104.095736,13046,30.633626,104.066916,True
69784,1,12435,30.663016,104.01492,13878,30.712163,104.02283,True
69796,1,12437,30.623993,104.024577,13059,30.648803,104.018438,True
69799,1,12437,30.67745,104.041199,13528,30.691119,104.040316,True
69804,1,12438,30.704712,104.008496,13338,30.691352,104.053666,True
69806,1,12438,30.659196,104.096655,13241,30.633646,104.066885,True
69815,1,12439,30.623106,104.096911,13297,30.621363,104.077059,True
69828,1,12441,30.7001,104.007962,14284,30.659137,104.076799,True
69834,1,12442,30.620565,104.080676,12859,30.633919,104.066741,True
69846,1,12443,30.662493,104.029686,12750,30.664908,104.051609,True
69850,1,12444,30.693249,104.025352,13282,30.673958,104.005107,True
69856,1,12445,30.627466,104.026742,12687,30.636993,104.030794,True
69862,1,12446,30.704201,104.012909,13111,30.690388,104.022822,True
69865,1,12446,30.638654,104.095237,13244,30.629737,104.141904,True
69871,1,12447,30.615518,104.124233,14302,30.629999,104.01385,True
69875,1,12447,30.639718,104.066518,13220,30.656394,104.093174,True
69876,1,12447,30.65952,104.093979,13506,30.695835,104.072937,True
69885,1,12448,30.624682,104.071929,13217,30.637887,104.044007,True
69896,1,12449,30.630109,104.116445,13261,30.654609,104.118804,True
69897,1,12449,30.669867,104.0484,14083,30.64568,103.991082,True
69905,1,12450,30.683837,104.096122,12864,30.673734,104.084813,True
69906,1,12450,30.6198,104.057438,13466,30.691191,104.048849,True
69909,1,12451,30.668135,104.10005,12492,30.670982,104.098893,True
69913,1,12451,30.699653,104.112925,14104,30.620886,104.125957,True
69916,1,12452,30.662413,104.026782,12935,30.646129,104.021963,True
69920,1,12452,30.678262,104.057063,13569,30.704803,104.014584,True
69922,1,12453,30.622711,104.105593,12993,30.646884,104.084234,True
69927,1,12453,30.680104,104.03745,13369,30.6515,104.024815,True
69934,1,12454,30.668505,104.052182,12900,30.658605,104.077432,True
69935,1,12454,30.651689,104.021161,13304,30.61635,104.069996,True
69942,1,12455,30.671637,104.013767,12933,30.652026,104.015417,True
69943,1,12455,30.659014,104.080847,13197,30.660888,104.040835,True
69945,1,12456,30.616888,104.104301,13548,30.631652,104.148422,True
69953,1,12456,30.68439,104.059859,12846,30.673454,104.04844,True
69958,1,12457,30.680527,104.114347,13819,30.716458,104.034886,True
69962,1,12457,30.679209,104.043285,13818,30.65435,104.089412,True
69966,1,12458,30.700645,104.041201,14654,30.667096,103.992078,True
69971,1,12458,30.682836,104.048095,12741,30.687266,104.047383,True
69976,1,12459,30.654301,104.117575,12887,30.661285,104.095072,True
69988,1,12460,30.657627,104.079682,12825,30.647701,104.088209,True
69989,1,12460,30.621937,104.057619,13471,30.658781,104.077519,True
69990,1,12460,30.607368,104.037984,13324,30.626316,104.094145,True
69993,1,12461,30.674085,104.044238,13377,30.697345,104.019734,True
69997,1,12461,30.692987,104.035294,13543,30.698846,103.982754,True
70006,1,12462,30.649217,103.980729,13515,30.678762,104.000882,True
70007,1,12462,30.623374,104.076856,13643,30.629676,104.027242,True
70013,1,12463,30.683937,104.065897,13653,30.634609,104.042008,True
70032,1,12465,30.681987,104.085607,13947,30.616189,104.063594,True
70056,1,12467,30.67166,104.054964,14061,30.680417,104.029288,True
70058,1,12468,30.664242,104.044293,12685,30.669553,104.052247,True
70076,1,12470,30.628082,104.058393,14094,30.636017,104.127696,True
70086,1,12471,30.695404,104.072487,14179,30.704663,104.014436,True
70088,1,12471,30.672239,104.111262,12720,30.66795,104.120224,True
70091,1,12472,30.674868,103.998567,12694,30.67225,104.00909,True
70096,1,12472,30.714942,104.046618,14172,30.658398,104.077176,True
70102,1,12473,30.665793,104.073838,13547,30.644458,104.049437,True
70111,1,12474,30.665192,104.105134,14094,30.661457,104.035748,True
70117,1,12475,30.670604,104.060542,12966,30.657964,104.070949,True
70118,1,12475,30.664765,104.01061,12866,30.649696,103.996662,True
70119,1,12475,30.636856,104.131977,14154,30.704428,104.045765,True
70138,1,12477,30.642952,104.103287,14778,30.714214,104.04112,True
70151,1,12479,30.610866,104.052144,15392,30.628903,104.10057,True
70152,1,12479,30.608854,104.063264,12803,30.600636,104.062442,True
70153,1,12479,30.664646,104.163419,12483,30.664764,104.163391,True
70159,1,12479,30.636268,104.032437,13320,30.645098,104.074968,True
70165,1,12480,30.669811,104.001938,14147,30.673365,104.101521,True
70169,1,12480,30.640952,103.994334,13720,30.616879,104.040709,True
70171,1,12480,30.648255,104.094863,12584,30.646957,104.090573,True
70180,1,12482,30.668058,104.060362,12839,30.662011,104.046856,True
70193,1,12484,30.625132,104.070177,13643,30.663693,104.040547,True
70196,1,12484,30.613376,104.09417,12711,30.617624,104.099432,True
70211,1,12486,30.653871,104.071721,12982,30.642314,104.057126,True
70219,1,12487,30.612538,104.056124,13617,30.66759,104.091215,True
70221,1,12487,30.646418,104.106897,13430,30.616347,104.103229,True
70225,1,12488,30.625761,104.153728,13878,30.619097,104.071917,True
70228,1,12488,30.642167,104.001793,14187,30.610906,104.115026,True
70229,1,12488,30.694174,104.047262,13263,30.7134,104.045831,True
70232,1,12489,30.663017,104.0568,12519,30.665066,104.055969,True
70237,1,12489,30.619859,104.098545,13124,30.646892,104.118891,True
70248,1,12490,30.65835,104.078001,12839,30.64557,104.074916,True
70250,1,12490,30.651304,104.070282,12952,30.664939,104.056089,True
70265,1,12492,30.663536,104.070539,12915,30.663042,104.05612,True
70266,1,12492,30.620385,104.057333,13079,30.628759,104.02497,True
70270,1,12493,30.62409,104.093511,13273,30.654155,104.071204,True
70282,1,12494,30.653467,104.00118,13863,30.620368,104.057528,True
70299,1,12496,30.66996,104.106288,13463,30.666845,104.078872,True
70302,1,12497,30.673205,104.000134,13271,30.675643,104.041206,True
70306,1,12497,30.65094,104.041186,13852,30.629727,104.141513,True
70308,1,12497,30.643977,104.092465,13391,30.643046,104.066466,True
70321,1,12499,30.669759,104.105447,12971,30.672373,104.085732,True
70326,1,12500,30.601491,104.054496,12587,30.603953,104.058002,True
70328,1,12500,30.685861,104.041602,12934,30.69945,104.042821,True
70331,1,12500,30.602631,104.066322,12621,30.605332,104.062743,True
70334,1,12501,30.639454,104.060135,13145,30.620974,104.04443,True
70340,1,12502,30.66789,104.099438,12918,30.681878,104.084724,True
70346,1,12503,30.686944,104.109438,13966,30.608135,104.098932,True
70354,1,12504,30.668683,104.080696,12980,30.648928,104.067243,True
70355,1,12504,30.672757,104.124937,12953,30.654244,104.114681,True
70357,1,12504,30.683664,104.039446,12960,30.697631,104.024228,True
70364,1,12505,30.662345,104.070742,13651,30.613995,104.064936,True
70366,1,12505,30.61198,104.071084,13531,30.653835,104.075256,True
70367,1,12505,30.6126,104.090411,13342,30.649091,104.113913,True
70374,1,12506,30.68056,104.059488,16283,30.691338,104.037107,True
70384,1,12507,30.675045,104.031219,13573,30.703397,104.055952,True
70389,1,12508,30.631749,104.032077,13707,30.660063,104.068981,True
70390,1,12508,30.66437,104.02138,20257,30.664162,103.994073,True
70391,1,12508,30.675024,104.028641,13430,30.706343,104.042038,True
70393,1,12509,30.667526,104.052143,13048,30.644473,104.049672,True
70394,1,12509,30.666678,104.040449,13034,30.662528,104.028617,True
70398,1,12509,30.691392,104.04155,13726,30.694359,104.073788,True
70408,1,12510,30.667786,104.107115,12707,30.653972,104.114762,True
70409,1,12510,30.662435,104.13411,12947,30.661725,104.107278,True
70413,1,12511,30.673761,104.09105,12751,30.67999,104.078535,True
70415,1,12511,30.602988,104.095094,13921,30.662348,104.027712,True
70430,1,12512,30.635522,104.076162,12951,30.642485,104.062169,True
70443,1,12514,30.68829,104.046741,13250,30.675058,104.070008,True
70460,1,12515,30.6518,104.040662,13187,30.644385,104.074924,True
70465,1,12516,30.612019,104.072912,13198,30.644392,104.074972,True
70466,1,12516,30.660685,104.091753,13603,30.69573,104.072964,True
70467,1,12516,30.631953,104.147869,13488,30.633775,104.075617,True
70484,1,12518,30.693624,104.013195,12942,30.704648,104.014477,True
70485,1,12518,30.665661,104.005603,13402,30.630984,104.005595,True
70487,1,12518,30.601269,104.07994,13298,30.627742,104.141611,True
70489,1,12519,30.608348,104.039757,13621,30.656797,104.07127,True
70516,1,12522,30.642634,104.018428,12850,30.641237,104.031174,True
70520,1,12522,30.634032,104.099507,13154,30.642066,104.07966,True
70522,1,12522,30.671864,104.112809,13441,30.70264,104.094449,True
70534,1,12524,30.632655,104.050938,13840,30.68306,104.009203,True
70539,1,12525,30.654433,104.098699,12996,30.640224,104.104431,True
70551,1,12526,30.640722,104.0806,13527,30.667803,104.120336,True
70581,1,12530,30.660152,104.074434,13161,30.644436,104.049521,True
70594,1,12531,30.702389,104.073209,14141,30.626348,104.144242,True
70614,1,12534,30.676484,104.051804,12934,30.664036,104.051367,True
70616,1,12534,30.637375,104.083961,12983,30.634258,104.066732,True
70623,1,12535,30.671325,104.055712,14310,30.707847,104.062227,True
70629,1,12535,30.689264,104.107451,13169,30.674167,104.080574,True
70632,1,12536,30.638544,104.095003,13340,30.652322,104.06729,True
70671,1,12540,30.717957,104.044864,12989,30.718023,104.04329,True
70674,1,12540,30.605401,104.157133,13427,30.605285,104.058652,True
70676,1,12541,30.645719,104.099376,12721,30.64681,104.090688,True
70678,1,12541,30.689714,104.04539,13505,30.670798,104.017432,True
70701,1,12543,30.661826,104.016091,13845,30.625123,104.09509,True
70709,1,12544,30.662881,104.089094,14216,30.621939,104.103926,True
70722,1,12547,30.622167,104.106421,12870,30.619625,104.097049,True
70725,1,12548,30.630319,104.105995,13235,30.647892,104.066338,True
70726,1,12548,30.719832,103.983157,13282,30.685779,104.024143,True
70736,1,12549,30.704054,104.106675,13243,30.703126,104.072087,True
70737,1,12549,30.643964,104.153696,13830,30.651542,104.070245,True
70746,1,12550,30.673129,103.998849,13507,30.633183,104.026914,True
70750,1,12550,30.693318,104.167072,13340,30.666494,104.124509,True
70751,1,12550,30.642403,104.041124,13801,30.660777,104.074939,True
70758,1,12551,30.616042,104.099751,13689,30.652953,104.078832,True
70759,1,12551,30.672232,104.083614,13054,30.685407,104.102076,True
70771,1,12553,30.641524,104.033922,12735,30.650031,104.032977,True
70776,1,12554,30.637932,104.066396,12861,30.623157,104.062322,True
70777,1,12554,30.675065,104.028817,13639,30.629517,104.054279,True
70795,1,12555,30.629665,104.153488,13096,30.6403,104.129244,True
70797,1,12556,30.610793,104.081372,14233,30.662624,104.016394,True
70798,1,12556,30.67805,104.002142,12906,30.700169,104.005037,True
70800,1,12556,30.68454,104.026717,12777,30.685754,104.015331,True
70801,1,12556,30.669039,104.083945,12910,30.682157,104.084784,True
70814,1,12557,30.691234,104.015521,13741,30.671953,104.059293,True
70816,1,12558,30.663044,104.021449,13966,30.641556,104.108832,True
70829,1,12559,30.642876,104.066079,13862,30.60297,104.029559,True
70838,1,12560,30.670704,104.056751,12994,30.637282,104.053854,True
70849,1,12561,30.663535,103.99196,12710,30.663509,103.991942,True
70851,1,12561,30.681591,104.072458,13052,30.696054,104.072859,True
70871,1,12563,30.60248,103.99929,14145,30.633493,104.076431,True
70879,1,12564,30.614308,104.066973,13435,30.661,104.074824,True
70885,1,12564,30.650906,104.118742,13286,30.671641,104.112936,True
70900,1,12566,30.65284,104.075322,13186,30.608682,104.075114,True
70905,1,12567,30.600816,104.071177,13721,30.628633,104.051103,True
70907,1,12567,30.623784,104.075532,13498,30.629788,104.142096,True
70917,1,12569,30.609008,103.992109,13335,30.634931,104.017766,True
70919,1,12569,30.688865,104.104308,12791,30.690244,104.093614,True
70920,1,12569,30.661662,104.014796,12943,30.647885,104.021433,True
70925,1,12570,30.64261,104.048533,14151,30.623062,104.105041,True
70927,1,12570,30.673429,103.99717,14637,30.62954,104.076269,True
70931,1,12570,30.646999,104.102723,13113,30.66035,104.067205,True
70932,1,12571,30.678586,104.100992,13019,30.662629,104.120237,True
70933,1,12571,30.715844,103.987355,13137,30.705197,104.010974,True
70940,1,12572,30.675336,104.081409,13094,30.670567,104.066408,True
70941,1,12572,30.689998,104.023739,12760,30.696864,104.025085,True
70954,1,12574,30.701042,104.107509,13711,30.644428,104.075029,True
70960,1,12575,30.638238,104.035155,13444,30.644532,104.074696,True
70967,1,12576,30.664862,104.079978,13108,30.681802,104.086609,True
70970,1,12576,30.664648,104.073024,13301,30.652859,104.060095,True
70971,1,12577,30.680862,104.089597,13023,30.662051,104.089043,True
70988,1,12579,30.646432,104.059741,14021,30.655869,103.990228,True
71009,1,12582,30.620277,104.113531,14180,30.632796,104.020791,True
71013,1,12583,30.676856,104.07836,13529,30.666356,104.110232,True
71030,1,12585,30.683606,104.039513,12858,30.689695,104.050974,True
71033,1,12585,30.663544,104.013875,12865,30.662341,103.999941,True
71036,1,12586,30.630259,103.994126,13739,30.633524,104.038264,True
71041,1,12586,30.691918,104.015176,13142,30.678197,103.997859,True
71045,1,12587,30.662695,104.11422,12781,30.661855,104.105038,True
71054,1,12587,30.603389,104.0807,13866,30.651505,104.023278,True
71061,1,12588,30.610999,104.100516,13934,30.65616,104.06094,True
71071,1,12590,30.677595,104.025952,12917,30.671514,104.015571,True
71077,1,12591,30.648916,104.11702,13139,30.663948,104.101872,True
71080,1,12591,30.643165,104.013724,14504,30.693618,104.079957,True
71087,1,12592,30.67923,104.084649,13056,30.657515,104.080398,True
71090,1,12593,30.650977,104.118112,13620,30.611874,104.094702,True
71093,1,12593,30.643913,104.041437,22725,30.668372,104.065469,True
71097,1,12593,30.663827,104.0788,13072,30.672301,104.068507,True
71101,1,12594,30.636723,104.055647,12878,30.637228,104.04352,True
71106,1,12594,30.64817,104.121327,13583,30.664072,104.093411,True
71110,1,12595,30.6307,104.098913,12945,30.643077,104.095747,True
71116,1,12595,30.638102,104.101731,13218,30.609379,104.115316,True
71117,1,12596,30.629265,104.076516,13218,30.67228,104.098585,True
71120,1,12596,30.687102,104.047319,12957,30.67358,104.055838,True
71129,1,12597,30.667475,104.074823,13830,30.658346,104.028678,True
71137,1,12598,30.684425,104.059955,13616,30.658642,104.01601,True
71138,1,12598,30.675254,104.031496,13158,30.66346,104.070305,True
71139,1,12598,30.670541,103.994142,13107,30.680451,104.018824,True
71145,1,12599,30.674878,104.053963,12958,30.665887,104.065577,True
71149,1,12599,30.653316,104.049563,13020,30.669762,104.059414,True
71152,1,12600,30.639347,104.102586,12812,30.644159,104.096363,True
71171,1,12603,30.620671,104.069352,16147,30.640141,104.061278,True
71181,1,12604,30.643001,104.073443,13304,30.658574,104.06651,True
71185,1,12604,30.68535,104.114842,13526,30.654924,104.080587,True
71196,1,12606,30.658517,104.068062,14847,30.712155,103.999126,True
71198,1,12606,30.70162,104.079659,12747,30.701566,104.079707,True
71201,1,12607,30.628338,104.138974,13518,30.67106,104.125681,True
71207,1,12607,30.664891,104.072949,13747,30.626926,104.141172,True
71213,1,12608,30.661654,104.015237,14917,30.696063,104.072983,True
71216,1,12609,30.672419,103.993628,13428,30.704873,104.011496,True
71220,1,12609,30.706985,104.097027,13107,30.694564,104.090915,True
71226,1,12610,30.682801,104.090919,13528,30.648127,104.061192,True
71231,1,12611,30.677245,103.997214,13749,30.704328,104.063633,True
71234,1,12611,30.647466,104.013723,13388,30.644333,104.049794,True
71235,1,12611,30.620123,104.05748,12782,30.627578,104.055035,True
71241,1,12612,30.651401,104.0387,13907,30.677356,104.094017,True
71249,1,12613,30.676732,104.086848,12904,30.672659,104.076505,True
71267,1,12615,30.647974,104.027265,13556,30.680406,104.003694,True
71268,1,12615,30.682457,104.003946,13212,30.672564,104.039878,True
71275,1,12615,30.657089,104.091848,13441,30.659055,104.050562,True
71277,1,12615,30.706397,104.041902,13713,30.692995,104.080001,True
71285,1,12616,30.695471,104.072703,13881,30.668265,104.077348,True
71295,1,12617,30.677969,104.024263,13084,30.667006,104.040793,True
71298,1,12617,30.685452,104.074676,12964,30.688602,104.089326,True
71304,1,12618,30.633315,104.058937,13681,30.643861,104.000604,True
71328,1,12620,30.663147,104.079193,13062,30.660675,104.055954,True
71333,1,12621,30.664777,104.072952,13113,30.648378,104.061377,True
71347,1,12622,30.645993,104.013699,13370,30.644333,104.04981,True
71348,1,12622,30.627603,104.144076,14123,30.669921,104.056651,True
71353,1,12623,30.604801,104.12925,13023,30.607181,104.098955,True
71358,1,12624,30.679584,104.043375,13753,30.662774,103.991615,True
71364,1,12625,30.672659,104.060393,13208,30.70571,104.036753,True
71377,1,12626,30.656216,104.093643,13199,30.639317,104.094385,True
71384,1,12627,30.616997,104.062638,12948,30.626702,104.076734,True
71392,1,12628,30.643759,104.073691,13004,30.635805,104.080452,True
71401,1,12629,30.665715,104.112355,13427,30.626442,104.144323,True
71402,1,12629,30.679511,104.054726,13053,30.670176,104.063161,True
71410,1,12630,30.642377,104.12443,12795,30.641769,104.113832,True
71414,1,12630,30.686026,104.029955,13742,30.657054,104.101812,True
71424,1,12632,30.675524,103.997322,13214,30.667796,104.035791,True
71426,1,12632,30.649441,104.085522,12898,30.665176,104.094109,True
71440,1,12634,30.659248,104.060865,13245,30.685354,104.057069,True
71441,1,12634,30.643359,104.102626,12645,30.643355,104.102626,True
71442,1,12634,30.628782,104.145195,12932,30.6241,104.133581,True
71444,1,12635,30.657175,104.082068,15269,30.659663,104.052688,True
71447,1,12636,30.679127,104.036505,14176,30.641486,104.018965,True
71451,1,12636,30.637089,104.037159,13381,30.656916,104.067625,True
71459,1,12637,30.678257,104.087931,13539,30.639493,104.066277,True
71477,1,12639,30.662945,104.040602,13252,30.663109,104.056396,True
71484,1,12640,30.687178,104.040626,13768,30.66545,104.087823,True
71486,1,12640,30.651512,104.023934,13074,30.665454,104.041575,True
71487,1,12640,30.605722,104.097857,13291,30.623387,104.034877,True
71489,1,12640,30.651667,104.113202,13250,30.656128,104.081932,True
71492,1,12641,30.602126,104.123613,13367,30.610706,104.077522,True
71493,1,12641,30.657117,104.091661,13115,30.675902,104.08041,True
71497,1,12641,30.619669,104.05333,13961,30.680391,104.015972,True
71499,1,12641,30.61674,104.048513,13536,30.661043,104.054859,True
71501,1,12642,30.706478,104.065238,13233,30.719571,104.03871,True
71505,1,12642,30.618963,104.04322,13399,30.657969,104.055515,True
71511,1,12642,30.704263,104.013149,13957,30.685465,104.079294,True
71516,1,12643,30.706892,104.009751,14050,30.652004,104.013168,True
71520,1,12643,30.628223,104.048683,13253,30.670151,104.063174,True
71530,1,12644,30.686905,104.047042,15054,30.691615,104.090306,True
71532,1,12645,30.641458,104.078876,13209,30.658537,104.066478,True
71550,1,12648,30.625081,104.025748,13494,30.608351,104.079913,True
71557,1,12648,30.666634,104.060473,13051,30.665296,104.077799,True
71558,1,12648,30.646728,104.103249,13269,30.662604,104.075003,True
71563,1,12650,30.63822,104.044283,14288,30.689323,104.095129,True
71566,1,12650,30.670878,104.061748,12934,30.670909,104.07084,True
71595,1,12654,30.636977,104.082919,13452,30.675944,104.110031,True
71600,1,12655,30.672711,104.03301,13676,30.659702,104.021625,True
71602,1,12656,30.634726,104.14711,13415,30.683865,104.10394,True
71612,1,12658,30.653266,104.075787,13392,30.669385,104.040736,True
71629,1,12659,30.632406,104.058511,13131,30.625134,104.072005,True
71638,1,12660,30.702242,104.073742,14248,30.672675,104.137706,True
71639,1,12660,30.627296,104.027135,13475,30.60886,103.995977,True
71643,1,12661,30.679056,104.008254,13218,30.671801,104.027862,True
71645,1,12661,30.636713,104.015156,13535,30.662721,104.04088,True
71648,1,12661,30.678958,104.01983,13081,30.688468,104.027617,True
71649,1,12661,30.694617,104.058777,13796,30.717876,104.032235,True
71656,1,12662,30.661081,104.147283,13329,30.613961,104.142332,True
71661,1,12663,30.680733,104.106773,13138,30.677896,104.091382,True
71664,1,12663,30.63231,104.146944,20863,30.613201,104.101734,True
71680,1,12665,30.625593,104.094111,13313,30.649088,104.083487,True
71686,1,12666,30.661131,104.070953,13016,30.65645,104.066833,True
71689,1,12666,30.612444,104.056467,12941,30.61531,104.067253,True
71691,1,12666,30.656763,104.060819,12674,30.64925,104.060039,True
71692,1,12666,30.706673,104.009954,14436,30.643494,104.066125,True
71693,1,12666,30.660505,104.070884,13637,30.616803,104.057531,True
71697,1,12667,30.646058,104.077967,13276,30.612134,104.076742,True
71708,1,12668,30.641238,104.050863,13694,30.677891,104.075756,True
71711,1,12669,30.627443,104.026823,13287,30.649538,104.023298,True
71714,1,12669,30.679703,104.057189,13053,30.685085,104.037641,True
71716,1,12669,30.652376,104.081454,13028,30.661857,104.08684,True
71717,1,12669,30.611847,104.065429,13902,30.678747,104.072115,True
71720,1,12669,30.649691,104.120545,13874,30.644392,104.074935,True
71726,1,12670,30.669758,104.040451,13405,30.647726,104.02776,True
71734,1,12671,30.625263,104.075516,13590,30.644269,104.049655,True
71737,1,12672,30.60372,104.080685,13506,30.629882,104.141757,True
71748,1,12673,30.635759,104.010545,12880,30.629057,103.997346,True
71751,1,12673,30.670646,104.113816,13685,30.655749,104.070995,True
71752,1,12673,30.646773,104.091088,14509,30.658401,104.029262,True
71756,1,12674,30.677007,103.98744,13433,30.704833,104.014509,True
71763,1,12674,30.627034,104.093878,12765,30.629173,104.09548,True
71767,1,12675,30.654573,104.07428,13887,30.613188,104.108816,True
71779,1,12676,30.646057,104.075079,14473,30.636259,104.127996,True
71786,1,12677,30.694689,104.082112,12899,30.694572,104.074465,True
71790,1,12677,30.695832,104.025063,13185,30.690492,104.005451,True
71800,1,12678,30.672135,104.076782,13325,30.648873,104.09185,True
71814,1,12680,30.643357,104.086871,14251,30.643639,104.086646,True
71831,1,12682,30.658566,104.0688,13866,30.651116,104.113966,True
71850,1,12684,30.670663,104.070764,13561,30.683806,104.027298,True
71871,1,12687,30.653412,104.114711,13037,30.636078,104.126543,True
71874,1,12687,30.636506,104.061392,14246,30.618999,104.003332,True
71875,1,12687,30.638112,104.066351,13728,30.629553,104.142066,True
71876,1,12687,30.649377,104.142003,13207,30.628379,104.144168,True
71883,1,12687,30.663128,104.047004,13539,30.67542,104.000027,True
71884,1,12687,30.670338,104.08121,13108,30.668225,104.070801,True
71892,1,12688,30.688656,104.054091,15304,30.667451,104.079621,True
71897,1,12688,30.666348,104.136892,13537,30.68885,104.107889,True
71900,1,12689,30.66796,104.079833,13093,30.658896,104.076611,True
71902,1,12690,30.635446,104.084069,14777,30.719085,104.038179,True
71904,1,12690,30.649448,104.095845,12891,30.650709,104.081933,True
71907,1,12691,30.677701,104.087651,12913,30.688354,104.094674,True
71910,1,12692,30.669356,104.060407,13107,30.652058,104.041085,True
71924,1,12693,30.66211,104.106159,12712,30.662058,104.106171,True
71932,1,12693,30.642183,104.018624,15204,30.681425,104.086253,True
71945,1,12695,30.676765,104.003841,13174,30.694869,104.015987,True
71954,1,12696,30.667091,104.088374,13825,30.644564,104.049804,True
71957,1,12697,30.633185,104.055799,13453,30.604111,104.079102,True
71964,1,12698,30.603213,104.133024,13617,30.63407,104.099347,True
71965,1,12698,30.699355,104.106477,13297,30.704049,104.082307,True
71975,1,12699,30.646376,104.084142,13680,30.682045,104.084866,True
71980,1,12700,30.675613,104.033819,13489,30.644411,104.074938,True
71997,1,12701,30.704114,104.012746,13114,30.718095,104.032033,True
71999,1,12702,30.641719,104.152864,13003,30.636567,104.128195,True
72015,1,12704,30.688412,104.020339,14190,30.682786,104.083565,True
72020,1,12705,30.616572,104.092871,13664,30.657129,104.067559,True
72021,1,12705,30.661551,104.060538,13752,30.636102,104.127619,True
72026,1,12705,30.657252,104.109862,13515,30.629554,104.076314,True
72031,1,12706,30.666501,104.087441,12937,30.658514,104.093187,True
72054,1,12708,30.625778,104.040352,22646,30.606819,104.049199,True
72064,1,12708,30.663523,104.056265,12843,30.671965,104.049635,True
72065,1,12709,30.650697,104.105176,13085,30.650888,104.122114,True
72068,1,12709,30.704228,104.013076,15613,30.627574,104.141767,True
72069,1,12709,30.672482,104.12383,14127,30.695246,104.073712,True
72071,1,12709,30.646442,104.091366,13655,30.64532,104.07637,True
72077,1,12710,30.689107,104.038543,13812,30.664699,104.077451,True
72087,1,12712,30.626112,104.100425,13679,30.660056,104.074639,True
72111,1,12715,30.715307,104.110097,14645,30.694697,104.081109,True
72117,1,12716,30.716649,104.167766,15038,30.658142,104.078594,True
72121,1,12717,30.626326,104.082191,14263,30.647854,104.024562,True
72124,1,12717,30.708361,104.097401,13589,30.651225,104.109897,True
72138,1,12719,30.633454,104.041141,12975,30.635359,104.050173,True
72139,1,12719,30.614955,104.123921,12870,30.606502,104.118154,True
72154,1,12721,30.70424,104.012908,13215,30.679729,104.005679,True
72168,1,12723,30.677713,104.049178,13409,30.663555,104.040859,True
72174,1,12724,30.679306,104.081071,13462,30.695728,104.073033,True
72183,1,12724,30.68623,104.073079,13040,30.675382,104.070467,True
72184,1,12725,30.625998,104.094118,12905,30.622057,104.098108,True
72187,1,12725,30.666196,104.047634,13314,30.654003,104.060794,True
72195,1,12726,30.718269,104.108263,14285,30.681997,104.084129,True
72202,1,12726,30.705548,104.103454,13676,30.664743,104.077549,True
72209,1,12728,30.630453,104.136903,13734,30.705215,104.103507,True
72212,1,12728,30.659228,104.118332,13413,30.642381,104.104341,True
72213,1,12728,30.637487,104.054552,13349,30.661845,104.054936,True
72228,1,12730,30.646446,104.06515,12751,30.646428,104.065109,True
72229,1,12730,30.638872,104.088098,14344,30.669951,104.027401,True
72250,1,12732,30.622142,104.092821,13372,30.617771,104.053879,True
72273,1,12735,30.638536,104.086223,13114,30.653441,104.079274,True
72274,1,12735,30.659614,104.120568,13623,30.681803,104.086555,True
72275,1,12736,30.695452,104.072702,13864,30.673339,104.033118,True
72294,1,12738,30.648907,104.037295,13693,30.663618,104.071069,True
72297,1,12738,30.663607,104.04063,13815,30.62276,104.064015,True
72311,1,12741,30.628395,104.137848,14537,30.69499,104.054886,True
72313,1,12741,30.675232,104.050183,13361,30.68542,104.07336,True
72323,1,12742,30.650823,104.065925,13539,30.622428,104.083957,True
72338,1,12743,30.643117,104.073533,13263,30.663703,104.079144,True
72348,1,12744,30.703093,104.038717,13700,30.683771,104.060172,True
72352,1,12745,30.654318,104.070463,13500,30.64556,104.106482,True
72358,1,12745,30.643725,104.073835,13392,30.677228,104.09434,True
72364,1,12746,30.628812,104.02534,13396,30.644198,104.049051,True
72374,1,12747,30.652165,104.11056,12838,30.651356,104.113622,True
72377,1,12748,30.638273,104.029584,13073,30.648443,104.018415,True
72380,1,12748,30.63656,104.128798,13724,30.664194,104.077563,True
72382,1,12748,30.656041,104.021668,13549,30.626929,104.050806,True
72398,1,12750,30.679656,103.991745,14813,30.682301,104.082989,True
72401,1,12750,30.654509,104.13077,14388,30.665724,104.07816,True
72402,1,12750,30.698925,104.028854,15010,30.620712,104.043123,True
72408,1,12751,30.630812,104.137067,13196,30.654955,104.148051,True
72413,1,12752,30.622614,104.095719,13222,30.638522,104.102051,True
72431,1,12755,30.643498,104.024964,13275,30.650244,103.999246,True
72447,1,12757,30.649613,104.040994,13641,30.616997,104.013485,True
72453,1,12757,30.641677,104.066493,12797,30.644974,104.066378,True
72454,1,12757,30.620786,104.049272,13631,30.634868,104.052348,True
72456,1,12758,30.647387,104.035491,13157,30.633562,104.038262,True
72457,1,12758,30.635611,104.063345,13104,30.610528,104.067062,True
72460,1,12759,30.700977,104.05018,14130,30.68616,104.058686,True
72462,1,12759,30.709251,104.03803,13864,30.663047,104.050831,True
72469,1,12760,30.640175,104.104646,13468,30.65578,104.080933,True
72473,1,12761,30.683592,104.096562,13389,30.705506,104.104001,True
72474,1,12761,30.625203,104.032988,13792,30.661008,104.076442,True
72480,1,12761,30.613379,104.077157,12911,30.612037,104.073549,True
72482,1,12761,30.648062,104.11899,12934,30.64826,104.113163,True
72489,1,12762,30.64817,104.087371,12831,30.646702,104.091418,True
72502,1,12764,30.680903,104.094308,13371,30.653905,104.072774,True
72504,1,12764,30.625767,104.031334,13252,30.63068,104.012961,True
72509,1,12764,30.616783,104.045891,13945,30.67021,104.123017,True
72517,1,12766,30.663108,104.02897,13658,30.62795,104.052637,True
72519,1,12767,30.646484,104.072795,12777,30.646541,104.071326,True
72520,1,12767,30.619123,104.057427,13772,30.614328,104.054413,True
72525,1,12767,30.662545,104.02808,14738,30.644114,104.049645,True
72529,1,12768,30.667691,104.00347,13000,30.663412,103.996126,True
72540,1,12769,30.704293,104.01324,14250,30.65852,104.064035,True
72543,1,12769,30.683695,104.079424,13545,30.702836,104.074555,True
72549,1,12770,30.65001,104.089821,13222,30.653456,104.07628,True
72553,1,12771,30.671427,104.060883,13582,30.66004,104.08156,True
72558,1,12771,30.668383,104.070838,12789,30.669855,104.070912,True
72561,1,12771,30.63308,104.001663,13534,30.610081,103.994547,True
72579,1,12773,30.643668,104.023626,13816,30.642821,104.073388,True
72580,1,12773,30.705501,104.103358,12973,30.7071,104.096531,True
72581,1,12773,30.709425,103.992076,13727,30.703678,104.043208,True
72584,1,12774,30.633465,104.062655,12935,30.635035,104.051412,True
72595,1,12775,30.694328,104.043729,13551,30.704794,104.014503,True
72598,1,12775,30.669834,104.065823,13707,30.658345,104.029219,True
72609,1,12777,30.689218,104.095452,14363,30.675722,104.022768,True
72612,1,12777,30.616174,104.057904,13808,30.667164,104.040753,True
72620,1,12778,30.649224,104.075864,13497,30.644442,104.049515,True
72621,1,12778,30.637052,104.101158,13948,30.675459,104.070348,True
72627,1,12778,30.660208,104.071203,13772,30.611912,104.066341,True
72630,1,12779,30.706947,104.052522,13724,30.685393,104.072956,True
72633,1,12779,30.717524,103.998199,14413,30.675492,104.081063,True
72635,1,12779,30.68628,104.093229,13877,30.665056,104.065592,True
72637,1,12779,30.627438,104.071624,14180,30.68285,104.082115,True
72640,1,12779,30.64872,104.068384,40336,30.648848,104.067631,True
72641,1,12779,30.609977,104.081149,13194,30.615335,104.067301,True
72645,1,12780,30.614074,104.053707,13652,30.654488,104.070498,True
72654,1,12780,30.680604,104.094739,14147,30.626054,104.153915,True
72655,1,12781,30.66282,104.074279,13081,30.664066,104.077086,True
72659,1,12781,30.621547,104.076936,13131,30.641062,104.092711,True
72664,1,12781,30.637419,104.069324,13237,30.643359,104.061602,True
72680,1,12783,30.667671,104.044914,13614,30.649887,104.040813,True
72681,1,12783,30.634539,104.037505,12961,30.641776,104.036049,True
72688,1,12784,30.660049,104.062038,14102,30.6297,104.142167,True
72690,1,12784,30.65077,104.122949,13233,30.636067,104.127593,True
72691,1,12784,30.67013,103.997887,14955,30.695083,104.073717,True
72704,1,12786,30.640062,104.006061,13572,30.653925,104.028642,True
72708,1,12787,30.688978,104.038931,20249,30.687438,104.040201,True
72710,1,12787,30.69054,104.106058,13545,30.655814,104.09461,True
72713,1,12787,30.626371,104.033607,13507,30.644227,104.04984,True
72717,1,12788,30.672319,104.058796,13790,30.718138,104.032205,True
72726,1,12789,30.67081,104.124308,13484,30.660149,104.094825,True
72731,1,12790,30.624959,104.093782,13627,30.657399,104.100998,True
72759,1,12793,30.685113,104.025594,13678,30.655677,104.054373,True
72763,1,12794,30.6868,104.05154,13116,30.692326,104.036301,True
72767,1,12795,30.657537,104.100194,13918,30.627733,104.041845,True
72771,1,12795,30.640023,104.086973,13723,30.637741,104.058638,True
72776,1,12796,30.671744,104.077924,13198,30.662007,104.095985,True
72799,1,12799,30.633712,104.075218,13066,30.644714,104.075187,True
72813,1,12801,30.670853,104.109261,13532,30.636035,104.127764,True
72819,1,12802,30.706464,104.020373,13356,30.717771,104.032321,True
72820,1,12802,30.615785,104.097584,13816,30.629638,104.141799,True
72823,1,12803,30.701139,104.044374,14555,30.69239,104.079802,True
72825,1,12803,30.667784,104.057627,13162,30.667995,104.077722,True
72826,1,12803,30.666895,104.06443,13282,30.644351,104.049014,True
72831,1,12804,30.677357,104.072223,14751,30.704419,104.003702,True
72842,1,12805,30.640859,104.038544,13067,30.652686,104.034837,True
72846,1,12805,30.617685,104.100142,13443,30.613654,104.083135,True
72848,1,12806,30.609801,104.080962,14034,30.699447,104.103296,True
72853,1,12806,30.70286,104.072366,14998,30.644404,104.074919,True
72873,1,12808,30.651745,104.020071,13881,30.642145,104.075459,True
72889,1,12810,30.621458,104.118653,14559,30.650868,104.030217,True
72894,1,12810,30.68655,104.118988,13404,30.681794,104.08646,True
72895,1,12811,30.65863,104.077066,13563,30.620117,104.058874,True
72912,1,12813,30.635164,103.9877,15066,30.712451,104.042388,True
72923,1,12814,30.680347,104.125034,15659,30.667957,103.993691,True
72925,1,12814,30.646689,104.102943,13190,30.632631,104.094418,True
72941,1,12816,30.641823,104.082253,14772,30.718193,104.032207,True
72950,1,12818,30.656227,104.002584,14055,30.644405,104.074952,True
72952,1,12818,30.67899,104.069541,13216,30.683497,104.047314,True
72956,1,12818,30.628222,104.076476,14815,30.690637,104.028699,True
72971,1,12820,30.641796,104.091159,13637,30.630438,104.141616,True
72973,1,12820,30.658572,104.04174,13467,30.694172,104.053045,True
72982,1,12821,30.634051,104.033017,13894,30.636051,104.126604,True
72985,1,12822,30.651632,104.102837,13506,30.649142,104.066979,True
72986,1,12822,30.705193,104.011044,13783,30.673774,104.022859,True
72992,1,12822,30.625427,104.085282,13592,30.65905,104.076484,True
72995,1,12822,30.629965,104.049451,13312,30.648717,104.063987,True
73008,1,12824,30.628092,104.024453,14131,30.615536,104.145161,True
73013,1,12825,30.615312,104.146785,13443,30.636657,104.127757,True
73019,1,12825,30.656938,104.091894,13690,30.684012,104.084321,True
73028,1,12826,30.61666,104.048402,13845,30.655194,104.080892,True
73034,1,12827,30.618815,104.146013,13136,30.626072,104.144664,True
73037,1,12827,30.662481,104.028091,14077,30.613947,104.039465,True
73043,1,12828,30.658394,104.06995,13278,30.643864,104.083212,True
73056,1,12829,30.613019,104.048458,13842,30.654417,104.070552,True
73063,1,12830,30.629552,104.061388,13160,30.635511,104.058529,True
73068,1,12830,30.623525,104.104274,13663,30.633637,104.068179,True
73069,1,12830,30.687133,104.022359,14554,30.718091,104.032195,True
73074,1,12831,30.678345,104.055027,14526,30.631345,104.137435,True
73084,1,12832,30.670954,104.051739,13592,30.647935,104.065647,True
73085,1,12832,30.631644,104.016548,13217,30.646036,104.020412,True
73092,1,12833,30.680685,104.120766,13316,30.705321,104.106043,True
73094,1,12833,30.671867,104.048151,13458,30.674133,104.065385,True
73097,1,12833,30.650308,104.109293,13341,30.636103,104.127497,True
73101,1,12834,30.672619,104.124965,14339,30.687943,104.0768,True
73105,1,12835,30.704443,104.103703,14803,30.645973,104.053266,True
73107,1,12835,30.648094,104.075386,13257,30.679899,104.097591,True
73112,1,12836,30.664111,104.077157,13461,30.677493,104.093681,True
73118,1,12836,30.68131,104.023246,13781,30.656993,104.054966,True
73120,1,12837,30.685635,104.029451,13841,30.670326,103.996564,True
73133,1,12838,30.655856,104.081402,13544,30.657101,104.045594,True
73138,1,12838,30.668572,104.101515,13486,30.655851,104.080136,True
73139,1,12839,30.614236,104.067296,13201,30.627568,104.062998,True
73149,1,12841,30.618145,104.10225,13685,30.608636,104.05657,True
73150,1,12841,30.652449,104.103346,14072,30.670297,104.037729,True
73163,1,12843,30.707397,104.09933,13550,30.671901,104.112785,True
73164,1,12843,30.641376,104.078532,14664,30.682483,104.072217,True
73177,1,12845,30.653697,104.065862,13569,30.666847,104.078741,True
73181,1,12846,30.698399,104.047131,13675,30.694661,104.062993,True
73193,1,12847,30.659291,104.083026,13992,30.630223,104.142285,True
73203,1,12849,30.656429,104.088182,13257,30.658392,104.060352,True
73218,1,12850,30.670767,104.109023,13840,30.644267,104.075287,True
73224,1,12851,30.6664,104.089873,13340,30.676647,104.113358,True
73237,1,12852,30.678468,104.100838,13033,30.675517,104.110094,True
73252,1,12853,30.643814,104.045779,13394,30.658395,104.029194,True
73258,1,12855,30.651487,104.07778,13935,30.602805,104.09651,True
73260,1,12855,30.693869,104.043927,13806,30.680623,104.001247,True
73263,1,12855,30.653332,104.079064,13343,30.633623,104.069452,True
73280,1,12856,30.651803,104.044704,13182,30.644421,104.026386,True
73317,1,12861,30.620257,104.062399,13859,30.623057,104.007619,True
73320,1,12861,30.678177,104.071842,13399,30.663197,104.056102,True
73326,1,12862,30.667688,104.037235,13295,30.679491,104.054641,True
73342,1,12864,30.688506,104.10446,27795,30.696646,104.010404,True
73345,1,12865,30.632922,104.032304,13700,30.663069,104.056399,True
73354,1,12866,30.646005,104.075063,13007,30.65339,104.079326,True
73355,1,12867,30.658256,104.078407,13971,30.644023,104.046575,True
73359,1,12867,30.640869,104.075439,13639,30.622314,104.051606,True
73364,1,12867,30.641433,104.083168,13091,30.641882,104.09363,True
73365,1,12867,30.669819,104.00212,14155,30.619559,104.067501,True
73369,1,12868,30.678748,104.056328,13587,30.656295,104.080861,True
73386,1,12870,30.6532,104.001207,13804,30.631926,104.027353,True
73405,1,12873,30.64869,104.070554,13333,30.63722,104.071361,True
73408,1,12873,30.690712,104.037579,14839,30.634195,104.029164,True
73409,1,12873,30.713329,104.06028,14800,30.665394,104.07796,True
73427,1,12875,30.667535,104.107247,13819,30.660838,104.132669,True
73433,1,12876,30.64461,104.098371,13736,30.652796,104.067401,True
73441,1,12877,30.637738,104.032294,13116,30.642138,104.037594,True
73442,1,12877,30.660117,104.110791,13726,30.682016,104.159321,True
73445,1,12877,30.646957,104.09089,13028,30.650058,104.083182,True
73446,1,12878,30.684513,104.01766,13019,30.680454,104.009001,True
73448,1,12878,30.650256,104.085638,13106,30.643207,104.080385,True
73458,1,12880,30.682946,104.045605,13579,30.658477,104.029529,True
73463,1,12881,30.636525,104.093645,13414,30.619887,104.076723,True
73474,1,12882,30.63643,104.125482,14350,30.70284,104.072207,True
73480,1,12883,30.655855,104.087365,14401,30.707915,104.098754,True
73483,1,12883,30.672029,104.073317,14579,30.60839,104.03611,True
73485,1,12884,30.607331,104.117112,13307,30.617498,104.104382,True
73497,1,12885,30.709169,104.024603,12904,30.707973,104.022285,True
73499,1,12885,30.658472,104.080552,13278,30.653721,104.075911,True
73507,1,12886,30.657123,104.091562,19122,30.681925,104.086543,True
73511,1,12886,30.670983,104.035058,13553,30.662313,104.027085,True
73512,1,12886,30.634619,104.032878,13572,30.623932,104.069733,True
73514,1,12886,30.650029,103.998295,13730,30.663664,104.040843,True
73520,1,12887,30.657399,104.082963,13236,30.672099,104.059813,True
73537,1,12890,30.681027,104.098351,13568,30.654711,104.080008,True
73540,1,12890,30.673719,104.048645,13224,30.686386,104.04313,True
73548,1,12891,30.623701,104.067039,14181,30.620142,104.016874,True
73552,1,12893,30.706699,104.097132,14350,30.64947,104.057363,True
73555,1,12893,30.650912,104.028728,14107,30.67553,104.108918,True
73570,1,12895,30.619824,104.057453,13371,30.63364,104.074792,True
73571,1,12895,30.656385,104.063409,12984,30.657013,104.067628,True
73573,1,12896,30.636354,104.030664,14330,30.629398,104.142042,True
73578,1,12896,30.634136,104.111971,13644,30.633398,104.075992,True
73579,1,12896,30.678257,104.074918,13897,30.69443,104.068018,True
73580,1,12896,30.621667,104.076948,13130,30.633621,104.069495,True
73592,1,12898,30.663686,104.036757,13665,30.644104,104.04672,True
73594,1,12898,30.660099,104.068842,13750,30.654716,104.106223,True
73602,1,12899,30.675856,104.110317,13588,30.660375,104.079953,True
73610,1,12901,30.666989,104.064073,13205,30.675081,104.05421,True
73617,1,12902,30.65403,104.075151,14931,30.680553,104.014666,True
73624,1,12903,30.645959,104.053389,13245,30.636476,104.048401,True
73643,1,12905,30.689467,104.045533,13046,30.687992,104.041151,True
73648,1,12906,30.620821,104.049493,14090,30.61234,104.006424,True
73649,1,12906,30.662899,104.089023,13162,30.65843,104.080561,True
73660,1,12908,30.682182,103.986218,15292,30.69495,104.073524,True
73664,1,12908,30.681917,104.084594,14200,30.645337,104.062448,True
73668,1,12908,30.687007,104.03464,13556,30.667628,104.044853,True
73689,1,12912,30.644201,104.095905,13277,30.653194,104.081869,True
73710,1,12915,30.676937,104.141349,13488,30.663915,104.102148,True
73713,1,12915,30.654354,104.086797,13819,30.644424,104.049399,True
73714,1,12915,30.684834,104.088597,14189,30.696151,104.025762,True
73747,1,12921,30.638789,104.07588,13205,30.625043,104.06829,True
73749,1,12921,30.662931,104.072329,14515,30.637077,104.009253,True
73753,1,12922,30.684303,104.091962,13616,30.670839,104.062222,True
73755,1,12922,30.612639,104.002216,14426,30.634613,104.060644,True
73766,1,12924,30.659663,104.05586,13186,30.653339,104.04116,True
73772,1,12925,30.601314,104.124671,13485,30.627466,104.141896,True
73773,1,12925,30.700948,104.038706,13268,30.687732,104.031616,True
73785,1,12927,30.640032,104.082837,14327,30.695884,104.072997,True
73786,1,12927,30.692564,104.043099,14196,30.677626,104.042333,True
73789,1,12927,30.629184,104.155036,14187,30.680645,104.125838,True
73790,1,12927,30.681469,104.140378,13896,30.689598,104.109483,True
73796,1,12928,30.677984,104.005477,14043,30.676125,104.033944,True
73797,1,12928,30.634871,104.03515,13973,30.635819,104.091415,True
73798,1,12928,30.669255,104.065205,13307,30.65347,104.069447,True
73811,1,12931,30.639522,103.991799,13863,30.603044,104.063053,True
73816,1,12931,30.677446,104.053392,13642,30.648601,104.081023,True
73821,1,12932,30.6629,104.06882,13249,30.67384,104.069026,True
73845,1,12936,30.62586,104.144506,13294,30.6365,104.128008,True
73847,1,12937,30.661106,104.010344,13869,30.623285,104.007764,True
73851,1,12937,30.645427,104.057939,14620,30.610581,104.115121,True
73854,1,12937,30.714082,104.100908,13635,30.709859,104.072699,True
73880,1,12940,30.668979,104.084083,13347,30.673627,104.068751,True
73882,1,12941,30.650821,104.120833,14825,30.710592,104.089276,True
73883,1,12941,30.636983,104.032933,13531,30.662357,104.027631,True
73886,1,12941,30.674544,104.01935,13593,30.678553,104.047716,True
73890,1,12942,30.664681,104.060609,13687,30.673118,104.094674,True
73894,1,12942,30.691313,104.057096,13701,30.695032,104.071752,True
73895,1,12942,30.662686,104.085282,12974,30.665172,104.086687,True
73898,1,12942,30.650744,104.001096,14134,30.682737,104.029407,True
73900,1,12943,30.633667,104.036151,13240,30.635037,104.042231,True
73901,1,12943,30.625647,104.14559,14084,30.634263,104.077203,True
73905,1,12944,30.68313,104.046113,14708,30.62964,104.142311,True
73911,1,12944,30.62954,104.144252,14642,30.684086,104.079133,True
73951,1,12949,30.712668,104.030056,13288,30.704602,104.011961,True
73954,1,12950,30.667042,104.064644,14545,30.704686,104.01444,True
73971,1,12952,30.637164,104.066649,13197,30.639781,104.075854,True
73977,1,12952,30.687213,104.013097,14027,30.718671,103.982173,True
73980,1,12952,30.693292,104.167575,15917,30.655009,104.105013,True
73982,1,12953,30.63443,104.098413,14858,30.609935,104.049257,True
73983,1,12953,30.651729,104.0487,13381,30.663574,104.06253,True
73985,1,12953,30.673976,104.02206,14311,30.708791,104.063694,True
73989,1,12953,30.666306,104.040871,13830,30.665967,104.077753,True
74014,1,12956,30.671973,104.064694,14134,30.690966,104.085397,True
74019,1,12957,30.608521,104.059847,14148,30.630152,104.142516,True
74020,1,12957,30.616012,104.040196,13668,30.648757,104.068141,True
74029,1,12957,30.653644,104.090156,13184,30.661035,104.089619,True
74036,1,12958,30.601554,104.076178,13833,30.643751,104.083267,True
74038,1,12959,30.675011,104.029339,13959,30.665064,104.09384,True
74043,1,12959,30.659405,104.06894,13721,30.656515,104.081168,True
74044,1,12959,30.679986,103.991048,13618,30.665404,103.980216,True
74052,1,12960,30.674443,104.054465,13664,30.683295,104.080446,True
74056,1,12960,30.652474,104.11154,13788,30.705119,104.103478,True
74057,1,12960,30.670605,104.099087,14203,30.671354,104.055694,True
74060,1,12961,30.667534,104.098689,13208,30.66813,104.088351,True
74064,1,12962,30.657563,104.10611,13653,30.638669,104.081164,True
74067,1,12963,30.671215,104.113152,13545,30.662014,104.091018,True
74073,1,12963,30.670146,103.998046,14398,30.684986,104.075741,True
74082,1,12964,30.708413,104.039411,14922,30.618437,104.044377,True
74085,1,12964,30.608778,104.064662,13236,30.609756,104.081198,True
74088,1,12965,30.71054,104.069964,16004,30.634378,104.045844,True
74089,1,12965,30.686397,104.089453,14115,30.634431,104.084527,True
74100,1,12965,30.67048,104.003951,13782,30.704686,104.014507,True
74102,1,12966,30.713081,104.047931,13923,30.710991,104.011381,True
74103,1,12966,30.63816,103.994241,13871,30.651759,104.020838,True
74136,1,12971,30.666013,104.040289,13989,30.672491,104.076449,True
74155,1,12973,30.614137,104.072045,13942,30.629867,104.041075,True
74158,1,12974,30.691321,104.023463,13480,30.680844,104.01484,True
74165,1,12974,30.648911,104.073874,14043,30.672433,104.112591,True
74170,1,12975,30.705849,104.036586,14067,30.686236,104.105727,True
74180,1,12976,30.615161,104.057585,13686,30.607982,104.090199,True
74181,1,12976,30.656367,104.099159,13196,30.648678,104.092358,True
74183,1,12977,30.665986,104.082167,13543,30.687939,104.108656,True
74202,1,12979,30.676508,104.051624,14041,30.691716,104.007591,True
74210,1,12980,30.686807,104.073412,14131,30.644444,104.074781,True
74217,1,12981,30.674709,104.049342,14919,30.626632,104.043021,True
74221,1,12982,30.637103,104.10845,13319,30.636068,104.12766,True
74222,1,12982,30.667046,104.068332,13687,30.644385,104.049567,True
74226,1,12982,30.623434,104.057904,14790,30.705244,104.103606,True
74228,1,12982,30.685337,104.059379,13336,30.693038,104.055627,True
74230,1,12983,30.694075,104.038633,13790,30.663606,104.00779,True
74232,1,12983,30.62289,104.097927,14236,30.643211,104.061867,True
74233,1,12983,30.656997,104.097339,13212,30.648392,104.099101,True
74247,1,12986,30.675218,104.033036,14000,30.704717,104.014564,True
74248,1,12987,30.647912,104.087799,13523,30.629991,104.09484,True
74253,1,12987,30.628991,104.118437,14652,30.613667,104.054176,True
74255,1,12987,30.643479,104.045763,13826,30.628208,104.025266,True
74262,1,12988,30.630608,104.0764,13616,30.647999,104.061105,True
74278,1,12991,30.646459,104.064126,14117,30.694366,104.033836,True
74283,1,12991,30.684264,104.103737,13820,30.695634,104.073312,True
74291,1,12992,30.676755,104.078489,13331,30.673789,104.069811,True
74294,1,12993,30.639492,104.055353,14134,30.635098,104.05893,True
74295,1,12993,30.662672,104.085704,13603,30.663001,104.056566,True
74296,1,12993,30.670688,103.992112,13140,30.668308,104.003586,True
74300,1,12993,30.68276,104.082312,13458,30.666156,104.097554,True
74312,1,12994,30.694992,104.012775,13773,30.673566,104.043871,True
74313,1,12994,30.641091,104.139608,13175,30.631647,104.137153,True
74319,1,12995,30.710254,103.993179,13449,30.71984,103.981117,True
74334,1,12997,30.630786,104.00188,14360,30.627177,104.140981,True
74338,1,12997,30.611559,104.077387,13878,30.662417,104.075052,True
74346,1,12998,30.65792,104.125985,13728,30.643976,104.105384,True
74349,1,12998,30.704855,104.041996,14763,30.651889,104.06985,True
74353,1,12999,30.674825,104.093195,13697,30.65858,104.066699,True
74355,1,12999,30.665462,104.086864,13328,30.654344,104.080143,True
74363,1,13000,30.633239,104.055179,13240,30.62943,104.049327,True
74364,1,13000,30.695424,104.095098,14413,30.665151,104.06547,True
74369,1,13001,30.650915,104.119745,13377,30.636728,104.108941,True
74372,1,13001,30.649657,104.025435,13145,30.647699,104.029991,True
74380,1,13002,30.633553,104.058506,13473,30.613856,104.058644,True
74382,1,13002,30.717084,103.999034,13200,30.716289,104.007589,True
74394,1,13002,30.677636,104.049312,13706,30.693679,104.014714,True
74397,1,13003,30.70442,104.013385,14483,30.662639,104.007776,True
74399,1,13003,30.662461,104.085836,15179,30.680529,104.014661,True
74405,1,13004,30.664415,104.085844,13465,30.675466,104.07011,True
74418,1,13005,30.637274,104.008957,14029,30.624911,104.060673,True
74422,1,13006,30.651736,104.047119,14092,30.672675,104.073894,True
74426,1,13007,30.706437,104.042256,14005,30.675631,104.026156,True
74427,1,13007,30.704942,104.037244,14600,30.639602,104.06623,True
74436,1,13008,30.669495,104.089445,13430,30.672166,104.109452,True
74453,1,13010,30.667115,104.071269,13624,30.654354,104.056807,True
74475,1,13014,30.62856,104.144616,15366,30.696104,104.07292,True
74481,1,13014,30.60882,104.094872,14614,30.644407,104.049274,True
74486,1,13015,30.636196,104.053298,13362,30.633419,104.063504,True
74488,1,13015,30.681078,104.045298,15832,30.676686,104.052219,True
74492,1,13016,30.690373,104.093151,14828,30.718026,104.045145,True
74493,1,13016,30.641857,104.104056,13956,30.603775,104.126736,True
74502,1,13017,30.657605,104.003595,13302,30.671915,104.010381,True
74514,1,13019,30.656013,104.121441,14268,30.695639,104.073709,True
74541,1,13022,30.690593,104.047444,13942,30.655785,104.065736,True
74543,1,13022,30.633782,104.099086,13328,30.640575,104.085432,True
74544,1,13022,30.650449,104.109419,13352,30.638722,104.106488,True
74550,1,13023,30.628708,104.048432,14015,30.636043,104.127634,True
74552,1,13023,30.667232,104.06708,14786,30.712287,104.102794,True
74553,1,13023,30.626844,104.071688,14131,30.657901,104.040947,True
74554,1,13024,30.690698,104.106133,13681,30.694888,104.075526,True
74557,1,13024,30.665947,104.100821,14036,30.649613,104.058362,True
74566,1,13025,30.640767,104.038906,13334,30.644242,104.048989,True
74574,1,13025,30.656152,104.054781,13937,30.665387,104.040763,True
74581,1,13026,30.620545,104.043482,13969,30.655732,104.099791,True
74585,1,13027,30.664744,104.084733,13561,30.664628,104.104199,True
74601,1,13028,30.662251,104.036425,14049,30.688031,104.076663,True
74606,1,13029,30.685958,104.068124,13574,30.682573,104.088285,True
74623,1,13031,30.682544,104.071552,14460,30.699694,104.154539,True
74628,1,13031,30.644029,104.060042,13420,30.655317,104.046728,True
74635,1,13032,30.684631,104.053425,13350,30.673652,104.040499,True
74636,1,13032,30.642688,104.124117,14253,30.640875,104.09549,True
74641,1,13033,30.678636,104.047846,13860,30.64434,104.074922,True
74649,1,13034,30.622773,104.076863,13544,30.653519,104.079168,True
74675,1,13037,30.688196,104.032151,13497,30.674203,104.020863,True
74680,1,13038,30.659032,104.040685,13415,30.661904,104.050365,True
74681,1,13038,30.66291,104.040603,15100,30.611601,103.992677,True
74684,1,13038,30.608606,104.059009,13286,30.617291,104.054903,True
74689,1,13039,30.662096,104.086621,14045,30.64578,104.083671,True
74697,1,13040,30.601974,104.033974,13734,30.648239,104.061333,True
74702,1,13041,30.661465,104.133306,13387,30.653353,104.115852,True
74710,1,13042,30.64798,104.116544,15015,30.621538,104.04365,True
74727,1,13043,30.689128,104.107659,13240,30.681514,104.110691,True
74740,1,13044,30.705591,104.1035,13668,30.704149,104.082289,True
74742,1,13044,30.641877,104.103974,13459,30.624124,104.097366,True
74750,1,13045,30.631705,104.146866,14170,30.656856,104.074275,True
74755,1,13046,30.666976,104.064214,14432,30.704743,104.014541,True
74764,1,13047,30.673847,104.084969,13756,30.658488,104.064054,True
74784,1,13049,30.673965,104.077373,14183,30.626557,104.081817,True
74791,1,13050,30.686898,104.019169,13353,30.680645,104.018993,True
74794,1,13050,30.628822,104.076594,14192,30.644598,104.05024,True
74798,1,13050,30.675233,104.027435,14339,30.671791,104.077629,True
74806,1,13052,30.662129,104.097558,13691,30.680786,104.055586,True
74807,1,13052,30.634564,104.084581,13638,30.648806,104.060212,True
74814,1,13053,30.657081,104.071312,13568,30.681643,104.084753,True
74820,1,13053,30.627924,104.149149,13541,30.636416,104.127871,True
74823,1,13054,30.659111,104.060645,13657,30.678901,104.073625,True
74824,1,13054,30.681362,104.038483,13732,30.660878,104.064581,True
74830,1,13054,30.661466,104.088668,13634,30.625327,104.076435,True
74838,1,13056,30.664462,104.012518,13186,30.661416,104.014346,True
74841,1,13056,30.658679,104.074024,13149,30.655705,104.070882,True
74842,1,13056,30.717019,104.167665,15074,30.68427,104.06009,True
74844,1,13056,30.612169,104.077549,15153,30.705564,104.06596,True
74853,1,13058,30.630482,104.051154,17364,30.636443,104.081502,True
74856,1,13058,30.650132,104.062292,13408,30.64323,104.066128,True
74861,1,13059,30.659038,104.068949,13783,30.690436,104.066209,True
74862,1,13059,30.621738,104.076887,14423,30.649729,103.996619,True
74865,1,13059,30.619802,104.115096,14934,30.644374,104.074944,True
74876,1,13060,30.673956,104.053285,13743,30.655825,104.081244,True
74877,1,13060,30.653167,104.050091,13846,30.640521,104.086176,True
74886,1,13060,30.637158,103.983192,13130,30.637361,103.983059,True
74888,1,13061,30.674228,104.108657,13336,30.667746,104.120291,True
74898,1,13062,30.636343,104.094302,14147,30.641619,104.040948,True
74901,1,13063,30.671557,104.077605,13601,30.671539,104.060923,True
74904,1,13063,30.681628,104.137039,13599,30.667886,104.120328,True
74907,1,13063,30.634732,104.032929,13565,30.662396,104.027613,True
74909,1,13063,30.69538,104.069701,13830,30.704962,104.103615,True
74927,1,13066,30.66172,104.08692,14095,30.70269,104.091482,True
74934,1,13066,30.662291,104.040575,13387,30.651408,104.040973,True
74940,1,13067,30.716072,104.045777,14443,30.665336,104.09666,True
74960,1,13070,30.655688,104.115276,14225,30.665456,104.077939,True
74965,1,13071,30.640041,104.105231,13341,30.646144,104.092186,True
74970,1,13071,30.685777,104.041633,13939,30.671771,104.075809,True
74976,1,13072,30.656777,104.12339,13847,30.664114,104.098037,True
74978,1,13072,30.61606,104.060667,13471,30.613033,104.048652,True
74983,1,13073,30.67848,104.056769,13284,30.670735,104.066056,True
74989,1,13074,30.690934,104.066203,15176,30.670539,104.124468,True
75002,1,13076,30.657422,104.054313,13483,30.66528,104.042628,True
75009,1,13077,30.66974,104.064219,13654,30.671375,104.078716,True
75014,1,13078,30.686071,104.020282,14667,30.644244,104.045628,True
75015,1,13078,30.60221,104.034004,14011,30.65737,104.071198,True
75040,1,13081,30.635776,104.010488,14253,30.671787,104.059702,True
75046,1,13082,30.646365,104.103771,13589,30.658218,104.078449,True
75049,1,13082,30.715907,104.108053,14125,30.704672,104.01449,True
75051,1,13082,30.659879,104.081289,13569,30.663107,104.056381,True
75052,1,13082,30.672726,104.075957,14558,30.70468,104.014508,True
75059,1,13084,30.634415,104.076069,13325,30.646437,104.07512,True
75065,1,13084,30.647625,104.088324,14105,30.671328,104.082613,True
75068,1,13084,30.674823,104.059506,13372,30.682702,104.066807,True
75069,1,13084,30.603158,104.061552,13115,30.603153,104.061394,True
75076,1,13085,30.628422,104.110779,13620,30.610332,104.094797,True
75086,1,13087,30.658511,104.078006,13659,30.64445,104.074686,True
75091,1,13087,30.630568,104.054028,13737,30.644447,104.075072,True
75109,1,13090,30.645127,104.062824,13241,30.648313,104.061411,True
75117,1,13091,30.681393,104.061522,13663,30.690198,104.076225,True
75129,1,13092,30.6476,104.078712,14294,30.680034,104.067919,True
75137,1,13092,30.629501,104.056175,14494,30.657364,104.079811,True
75153,1,13093,30.682061,104.084372,14139,30.717681,104.03193,True
75157,1,13094,30.65135,104.089201,13525,30.654892,104.105006,True
75161,1,13094,30.647739,104.03361,13387,30.633569,104.038179,True
75170,1,13095,30.642115,104.093122,13887,30.62664,104.066999,True
75174,1,13096,30.624009,104.093324,13903,30.644165,104.075419,True
75178,1,13096,30.688766,104.019883,13787,30.708106,104.029576,True
75195,1,13099,30.718074,104.068245,14153,30.686248,104.060045,True
75209,1,13100,30.693236,104.044133,15651,30.69484,104.07021,True
75221,1,13102,30.623982,104.08161,14237,30.663115,104.056369,True
75226,1,13102,30.641495,104.034424,13354,30.633431,104.038317,True
75230,1,13103,30.652647,104.068394,14145,30.634432,104.008757,True
75233,1,13103,30.640178,104.015484,13636,30.662005,104.016486,True
75237,1,13104,30.6031,104.062275,13491,30.602121,104.045775,True
75239,1,13104,30.65893,104.07675,13554,30.682772,104.083558,True
75247,1,13105,30.656499,104.064138,13637,30.670414,104.072939,True
75248,1,13105,30.637401,104.075939,14562,30.643902,104.023979,True
75249,1,13105,30.650485,104.077021,13140,30.649578,104.079019,True
75257,1,13106,30.669779,104.099417,13910,30.712039,104.102697,True
75267,1,13107,30.650269,104.090949,14077,30.664673,104.164171,True
75268,1,13107,30.617942,104.103217,14368,30.658944,104.080652,True
75269,1,13107,30.626945,104.143159,13546,30.636538,104.127894,True
75284,1,13109,30.658003,104.087565,13765,30.68198,104.084719,True
75285,1,13109,30.631921,104.058464,13683,30.650512,104.041212,True
75286,1,13109,30.663352,104.105689,13340,30.664022,104.097975,True
75290,1,13109,30.644013,104.07397,14659,30.690188,104.073557,True
75298,1,13111,30.6266,104.051216,13628,30.629558,104.066524,True
75309,1,13112,30.62631,104.076572,14150,30.646215,104.040577,True
75359,1,13119,30.681073,104.053337,13889,30.694759,104.062495,True
75361,1,13119,30.670223,104.074423,13926,30.666225,104.04805,True
75372,1,13120,30.60325,104.089747,13533,30.603463,104.126956,True
75377,1,13121,30.663409,104.10193,13468,30.678144,104.092279,True
75381,1,13121,30.658519,104.094422,15214,30.704735,104.014533,True
75404,1,13124,30.606332,103.996984,14859,30.620899,104.090933,True
75408,1,13124,30.686241,104.024675,13953,30.703144,104.00119,True
75414,1,13125,30.682367,104.03717,13729,30.663179,104.040594,True
75416,1,13125,30.669772,104.065963,14654,30.626155,104.143986,True
75417,1,13125,30.608406,104.076385,13532,30.635024,104.079005,True
75429,1,13127,30.656908,104.037775,14610,30.637383,103.983192,True
75435,1,13128,30.658226,104.067559,13468,30.664243,104.077492,True
75444,1,13128,30.637071,104.072014,13240,30.642631,104.073383,True
75452,1,13129,30.640473,104.103383,13549,30.651143,104.081234,True
75454,1,13129,30.647133,104.090058,13706,30.625322,104.071814,True
75479,1,13132,30.704032,104.012288,13393,30.70662,104.019404,True
75486,1,13133,30.662304,104.075293,13471,30.65855,104.066839,True
75506,1,13136,30.654204,104.053574,14701,30.69599,104.072954,True
75509,1,13136,30.688236,104.096495,13548,30.668784,104.106698,True
75514,1,13138,30.678469,104.019657,14239,30.704664,104.013941,True
75523,1,13138,30.646348,104.038348,14631,30.679506,103.985279,True
75524,1,13139,30.683893,104.049061,13454,30.66944,104.048544,True
75529,1,13140,30.672909,104.038727,14475,30.636053,104.127583,True
75534,1,13140,30.652343,104.041082,14041,30.7023,104.050203,True
75544,1,13141,30.679214,104.04311,16802,30.645201,104.074916,True
75546,1,13142,30.680917,104.069986,14248,30.644123,104.047104,True
75550,1,13142,30.637091,104.016019,14462,30.642811,104.073862,True
75558,1,13143,30.692695,104.013922,14881,30.616168,104.051156,True
75573,1,13144,30.639574,104.075718,13932,30.636143,104.127588,True
75574,1,13144,30.601926,104.125171,14164,30.629028,104.090771,True
75576,1,13145,30.663097,104.111047,13845,30.640878,104.095456,True
75582,1,13145,30.684604,104.111379,14191,30.658547,104.066658,True
75589,1,13146,30.699575,104.09832,14739,30.667079,104.063194,True
75596,1,13147,30.612201,104.069575,15420,30.704866,104.014502,True
75601,1,13147,30.651624,104.092296,13364,30.652842,104.103581,True
75608,1,13148,30.680363,103.990273,14716,30.643278,104.040983,True
75616,1,13149,30.645616,104.031666,13757,30.66223,104.023729,True
75617,1,13149,30.681899,104.086614,13667,30.659929,104.091754,True
75622,1,13150,30.646887,104.118854,13741,30.651014,104.089177,True
75634,1,13151,30.70809,104.012372,14104,30.697477,104.0386,True
75643,1,13153,30.650869,104.122621,15388,30.641692,104.036371,True
75647,1,13153,30.701993,104.050404,13836,30.68255,104.029762,True
75649,1,13153,30.677751,104.093246,13616,30.680025,104.072231,True
75656,1,13154,30.646683,104.118831,13809,30.645922,104.093527,True
75671,1,13155,30.672772,104.112681,13861,30.69436,104.085052,True
75681,1,13156,30.69539,104.073899,23608,30.704633,104.011464,True
75682,1,13156,30.669542,104.056301,13296,30.662394,104.056766,True
75691,1,13157,30.607794,104.136285,13784,30.644216,104.153912,True
75701,1,13158,30.64225,104.048906,13549,30.651025,104.040996,True
75702,1,13158,30.674741,104.089267,13406,30.667992,104.079743,True
75721,1,13161,30.654471,104.098745,14044,30.661893,104.054922,True
75734,1,13162,30.64501,104.106809,13726,30.656698,104.08428,True
75739,1,13162,30.643139,104.091954,16565,30.648241,104.09504,True
75744,1,13163,30.698965,104.035367,14023,30.670057,104.023804,True
75745,1,13163,30.656439,104.062687,13797,30.644292,104.04871,True
75751,1,13164,30.67978,103.991451,13828,30.668574,103.982463,True
75753,1,13164,30.62727,104.143646,13671,30.636545,104.127756,True
75761,1,13166,30.682432,104.037413,13509,30.669134,104.03254,True
75762,1,13166,30.647411,104.083254,13674,30.663074,104.076467,True
75772,1,13167,30.653027,104.078922,14242,30.611595,104.094745,True
75774,1,13167,30.675589,104.109042,13876,30.662312,104.085903,True
75780,1,13168,30.649873,104.072461,15279,30.695097,104.073677,True
75785,1,13168,30.60977,104.079068,13216,30.609971,104.081085,True
75789,1,13169,30.670244,104.112731,14642,30.659677,104.040975,True
75791,1,13169,30.698504,104.034647,13932,30.673332,104.015485,True
75792,1,13169,30.62359,104.004669,14410,30.648442,104.075537,True
75795,1,13170,30.676585,104.011694,13887,30.704681,104.014404,True
75797,1,13170,30.633049,104.040902,13689,30.631809,104.032084,True
75800,1,13170,30.664127,104.056232,14268,30.695841,104.072979,True
75801,1,13170,30.619996,104.07014,13894,30.646056,104.092643,True
75803,1,13171,30.639219,104.073254,13768,30.61387,104.058308,True
75807,1,13171,30.70643,104.092375,13398,30.698525,104.093725,True
75809,1,13171,30.680514,104.081764,13542,30.665998,104.078307,True
75815,1,13172,30.705138,104.041999,13527,30.710756,104.037328,True
75821,1,13173,30.647281,104.035685,14235,30.644864,104.093062,True
75838,1,13174,30.638473,104.014069,13541,30.636775,103.997006,True
75847,1,13175,30.699639,104.008062,15223,30.633214,104.058742,True
75865,1,13178,30.702696,104.023234,13582,30.683674,104.043233,True
75890,1,13181,30.648062,104.118958,13553,30.640684,104.103831,True
75894,1,13181,30.682312,104.099369,13670,30.655972,104.09443,True
75913,1,13182,30.648259,104.100649,14162,30.635967,104.058008,True
75914,1,13183,30.663046,104.134876,13536,30.680331,104.129868,True
75918,1,13183,30.672423,104.048459,13440,30.664943,104.051535,True
75920,1,13183,30.692986,104.086778,14318,30.663362,104.056134,True
75924,1,13184,30.67022,104.063013,13901,30.68482,104.028172,True
75930,1,13185,30.6938,104.046292,13732,30.693953,104.079942,True
75936,1,13185,30.646006,104.06631,14313,30.695602,104.073695,True
75938,1,13185,30.645529,104.139681,14555,30.652737,104.066593,True
75948,1,13187,30.639052,104.094585,13773,30.623758,104.07669,True
75955,1,13187,30.661117,104.007876,13241,30.660401,104.012402,True
75964,1,13189,30.671403,104.078684,13671,30.675356,104.061832,True
75975,1,13190,30.660582,104.068894,13926,30.620214,104.058805,True
75988,1,13191,30.641399,104.078973,13642,30.657712,104.090511,True
75993,1,13192,30.656511,104.063128,14328,30.695629,104.073493,True
75996,1,13192,30.666145,104.109287,13601,30.677298,104.094291,True
75998,1,13192,30.676298,104.075099,13806,30.667772,104.098718,True
76005,1,13193,30.640624,104.061612,14064,30.648113,104.095174,True
76009,1,13194,30.638085,104.018078,14551,30.653121,104.075764,True
76019,1,13195,30.613354,104.054903,15028,30.695154,104.073738,True
76029,1,13196,30.634096,104.007902,14816,30.682149,104.082797,True
76033,1,13197,30.703591,104.053967,13640,30.694404,104.027096,True
76034,1,13197,30.664856,104.084272,14167,30.644404,104.049436,True
76044,1,13198,30.639604,104.0837,13668,30.656379,104.066777,True
76046,1,13199,30.608676,104.035733,15293,30.710307,104.032432,True
76056,1,13201,30.636248,104.128528,13926,30.653252,104.09002,True
76069,1,13202,30.665941,104.082107,13901,30.646289,104.065921,True
76071,1,13202,30.651911,104.086752,13464,30.659872,104.085982,True
76074,1,13202,30.61667,104.112133,14762,30.627933,104.048199,True
76089,1,13204,30.682194,104.084947,14812,30.614536,104.12323,True
76092,1,13205,30.625128,104.071424,13480,30.629668,104.064009,True
76102,1,13206,30.673644,104.017638,14463,30.655366,104.072599,True
76115,1,13208,30.672943,104.125061,15613,30.614806,104.072148,True
76119,1,13208,30.638589,103.980117,14377,30.623434,104.034538,True
76121,1,13208,30.661982,104.111778,13374,30.657298,104.107851,True
76123,1,13209,30.702958,104.072048,14474,30.663091,104.113095,True
76133,1,13209,30.706177,103.996133,13668,30.697653,104.016371,True
76138,1,13210,30.652131,104.103203,14195,30.68917,104.063066,True
76140,1,13210,30.666324,104.073101,13999,30.688801,104.089313,True
76146,1,13211,30.661475,104.068942,13714,30.651773,104.041665,True
76150,1,13212,30.682302,104.010154,13851,30.656534,103.990194,True
76156,1,13213,30.619569,104.115335,13827,30.625791,104.094157,True
76160,1,13213,30.686471,104.043445,14641,30.686138,103.991313,True
76168,1,13214,30.69395,104.032841,13464,30.696194,104.025763,True
76169,1,13214,30.700012,104.007875,13661,30.717649,103.998223,True
76185,1,13217,30.653208,104.109865,15147,30.673088,104.00028,True
76194,1,13218,30.661826,104.105114,13818,30.671718,104.078006,True
76205,1,13219,30.636265,104.010092,14722,30.656352,104.081046,True
76222,1,13221,30.629409,104.056431,13252,30.629442,104.058302,True
76225,1,13221,30.656133,104.099746,14039,30.657429,104.071212,True
76226,1,13221,30.676333,104.003401,13868,30.649462,103.996856,True
76229,1,13222,30.649554,103.996378,13896,30.622732,103.984992,True
76237,1,13222,30.704134,104.104616,13658,30.714849,104.103937,True
76247,1,13223,30.705888,104.07598,14164,30.689731,104.093199,True
76248,1,13223,30.658577,103.991333,14163,30.688182,104.020082,True
76255,1,13225,30.655262,104.040998,13998,30.701579,104.045098,True
76258,1,13225,30.611825,104.082906,14150,30.623579,104.066681,True
76261,1,13225,30.639503,104.088138,13647,30.653355,104.078985,True
76262,1,13225,30.640292,104.093463,13885,30.633793,104.058564,True
76264,1,13226,30.657029,104.088413,14343,30.616045,104.061271,True
76272,1,13227,30.671567,104.082515,13764,30.670114,104.063685,True
76281,1,13227,30.670085,104.051917,14424,30.615958,104.040141,True
76283,1,13227,30.677777,104.102262,14738,30.666918,104.040788,True
76287,1,13228,30.678849,104.090886,14790,30.696112,104.072869,True
76303,1,13230,30.691194,104.07294,13705,30.677462,104.057489,True
76309,1,13231,30.690354,104.08513,14527,30.661263,104.00623,True
76324,1,13233,30.65112,104.115698,48657,30.686743,104.064526,True
76330,1,13234,30.608192,104.035532,14911,30.681981,104.08411,True
76339,1,13235,30.670566,104.048318,14676,30.629671,104.141896,True
76347,1,13235,30.602224,104.039131,13245,30.602531,104.038499,True
76362,1,13237,30.697604,104.018688,13638,30.697962,104.034066,True
76364,1,13238,30.709481,104.038838,15162,30.654121,104.098483,True
76365,1,13238,30.683776,104.02782,14160,30.675695,104.070133,True
76370,1,13238,30.677888,104.024727,14396,30.655368,104.07172,True
76382,1,13240,30.628718,104.076554,13676,30.638936,104.06665,True
76386,1,13240,30.656534,104.09292,13575,30.658166,104.078561,True
76387,1,13240,30.653981,104.070028,14428,30.696141,104.072875,True
76393,1,13241,30.659579,104.057254,13839,30.675414,104.070494,True
76395,1,13241,30.710981,104.169164,14192,30.717925,104.1048,True
76405,1,13242,30.675494,104.042412,14927,30.627434,104.141726,True
76408,1,13243,30.671127,104.109826,13752,30.655114,104.104917,True
76410,1,13243,30.645484,104.10545,15748,30.718252,104.032167,True
76413,1,13243,30.68425,104.060104,13744,30.690028,104.051149,True
76419,1,13244,30.651852,104.007191,14224,30.629222,104.049663,True
76429,1,13244,30.635965,104.052993,14154,30.684515,104.026862,True
76440,1,13245,30.609326,104.00621,14971,30.657826,104.090119,True
76443,1,13246,30.671708,104.048165,13688,30.675138,104.032119,True
76452,1,13247,30.66474,104.084861,14360,30.630168,104.142306,True
76453,1,13247,30.628404,103.983413,13938,30.649712,104.015104,True
76454,1,13247,30.66928,104.089267,14159,30.696122,104.07269,True
76460,1,13248,30.644025,104.074047,14321,30.70506,104.103505,True
76471,1,13249,30.618706,104.066831,13836,30.629679,104.06555,True
76477,1,13250,30.677683,104.053531,13946,30.659853,104.040931,True
76482,1,13250,30.649005,104.04109,14048,30.639416,104.066225,True
76498,1,13253,30.662633,104.110926,13501,30.666993,104.112332,True
76512,1,13254,30.646031,104.08395,13717,30.649856,104.061256,True
76514,1,13255,30.650186,104.062719,13815,30.662219,104.075888,True
76515,1,13255,30.715297,104.111986,14324,30.681923,104.086451,True
76519,1,13256,30.685543,104.057143,13797,30.664946,104.05154,True
76520,1,13256,30.608647,104.071186,13732,30.603008,104.061168,True
76523,1,13257,30.658282,104.089176,14412,30.694444,104.073717,True
76531,1,13259,30.657093,104.008146,13505,30.644694,104.003951,True
76533,1,13259,30.60325,103.988728,15271,30.62698,104.141048,True
76537,1,13259,30.70009,104.036295,13978,30.694756,104.054653,True
76543,1,13261,30.647972,104.025461,13696,30.637173,104.037243,True
76548,1,13261,30.675219,104.052978,14616,30.69592,104.072971,True
76549,1,13262,30.667092,104.097209,14065,30.644464,104.058607,True
76554,1,13262,30.645127,104.013049,14509,30.640239,104.073291,True
76557,1,13263,30.652237,104.069243,13531,30.644425,104.07499,True
76563,1,13263,30.604054,104.003669,14645,30.644183,104.049734,True
76580,1,13266,30.709088,104.012407,13686,30.719024,104.000436,True
76586,1,13266,30.638961,104.075933,13727,30.655595,104.072211,True
76593,1,13268,30.667377,104.037954,14546,30.629522,104.059268,True
76599,1,13269,30.620284,104.04901,14263,30.681143,104.029979,True
76600,1,13269,30.657797,104.090624,13661,30.645577,104.079038,True
76614,1,13270,30.702025,104.066472,13609,30.702391,104.072565,True
76625,1,13271,30.64761,104.026901,14266,30.639516,104.066222,True
76628,1,13271,30.689244,104.065668,13394,30.687309,104.062996,True
76629,1,13271,30.638955,104.10751,14202,30.669951,104.12186,True
76630,1,13271,30.685176,104.063982,13807,30.666209,104.091408,True
76643,1,13274,30.641886,103.984228,14439,30.703758,104.004529,True
76647,1,13275,30.672429,104.052493,13581,30.673928,104.069291,True
76652,1,13276,30.684745,104.105559,13957,30.683814,104.084214,True
76655,1,13276,30.618331,104.102223,14107,30.626907,104.143062,True
76659,1,13276,30.673557,104.036863,13573,30.664641,104.051597,True
76672,1,13279,30.648293,104.11668,13964,30.614161,104.122974,True
76697,1,13281,30.611123,104.094747,13715,30.61529,104.0722,True
76702,1,13282,30.644574,104.064285,13492,30.656957,104.06759,True
76707,1,13283,30.636614,104.047387,14091,30.660742,104.056605,True
76724,1,13285,30.62612,103.993982,14820,30.667331,104.048143,True
76738,1,13286,30.663389,104.070542,14056,30.617107,104.071932,True
76746,1,13288,30.616783,104.040772,13853,30.632539,104.066412,True
76747,1,13288,30.655752,104.099754,13922,30.636045,104.127676,True
76756,1,13290,30.642386,104.124374,13641,30.627209,104.115592,True
76769,1,13291,30.663401,104.003631,13654,30.662225,104.019446,True
76771,1,13292,30.65384,104.072259,14033,30.631796,104.097988,True
76779,1,13293,30.650748,104.000993,13303,30.650829,104.001115,True
76786,1,13294,30.651278,104.024844,14372,30.674591,104.059349,True
76793,1,13295,30.662813,104.134505,14001,30.674604,104.097469,True
76804,1,13296,30.671208,104.082443,13880,30.653587,104.076,True
76809,1,13296,30.680065,104.127324,14340,30.636632,104.127527,True
76814,1,13297,30.705603,104.103623,14292,30.65693,104.081904,True
76815,1,13297,30.690191,104.014751,13488,30.684055,104.005424,True
76821,1,13298,30.696468,104.010024,14830,30.665845,104.078193,True
76825,1,13299,30.623843,104.049925,14193,30.676066,104.024177,True
76832,1,13299,30.611909,104.061489,14678,30.691802,104.096509,True
76835,1,13299,30.695418,104.072394,14747,30.645065,104.051113,True
76847,1,13301,30.643627,104.153612,13878,30.617587,104.128667,True
76855,1,13301,30.697396,104.024526,14580,30.682252,104.101572,True
76856,1,13301,30.63614,104.153772,13513,30.625835,104.147279,True
76864,1,13302,30.631336,104.039965,13520,30.63419,104.029358,True
76869,1,13303,30.68047,104.033051,14651,30.636238,104.081146,True
76872,1,13303,30.629517,104.056041,13807,30.611946,104.070108,True
76875,1,13304,30.610876,104.060451,14082,30.644641,104.09499,True
76877,1,13304,30.670404,104.06035,14263,30.695891,104.072977,True
76893,1,13306,30.623399,104.008153,14028,30.632077,104.031072,True
76902,1,13307,30.679245,104.096891,13784,30.653243,104.075636,True
76907,1,13307,30.649917,104.062072,13683,30.644699,104.050089,True
76908,1,13307,30.669228,104.032241,14073,30.690603,104.047316,True
76909,1,13307,30.644115,104.06274,13700,30.656361,104.066937,True
76919,1,13309,30.643187,104.044457,13910,30.638506,104.066255,True
76938,1,13311,30.6579,104.078909,16029,30.702711,104.07783,True
76955,1,13312,30.616358,104.068835,14062,30.634532,104.029875,True
76962,1,13313,30.716274,104.106322,14216,30.687967,104.080019,True
76971,1,13314,30.653874,104.029146,13740,30.666505,104.039548,True
76973,1,13315,30.63942,104.016064,13898,30.645063,104.041192,True
76987,1,13317,30.646795,104.102924,13804,30.659635,104.08335,True
76988,1,13317,30.636512,104.128188,14401,30.639778,104.06658,True
77004,1,13319,30.633409,104.064178,14018,30.627517,104.097894,True
77007,1,13319,30.650275,104.013421,16301,30.65355,104.075939,True
77053,1,13324,30.670569,104.107997,15533,30.620505,104.057404,True
77058,1,13325,30.671038,104.056374,14286,30.695657,104.073365,True
77064,1,13326,30.661212,104.002869,14040,30.641007,104.029336,True
77067,1,13326,30.644711,104.107495,13575,30.650566,104.103399,True
77071,1,13326,30.705502,104.025016,13977,30.682901,104.031043,True
77081,1,13328,30.620635,104.075353,14010,30.615361,104.044877,True
77083,1,13328,30.652752,104.063529,13655,30.667253,104.059353,True
77091,1,13329,30.617502,104.046686,14717,30.664589,104.164077,True
77098,1,13330,30.683995,104.078244,13558,30.674461,104.083185,True
77108,1,13331,30.643023,104.067945,13429,30.642793,104.073311,True
77109,1,13331,30.628073,104.137014,14820,30.630359,104.139125,True
77111,1,13332,30.672548,104.02794,14144,30.645142,104.013119,True
77122,1,13334,30.647418,104.022535,13509,30.651759,104.022263,True
77131,1,13334,30.618212,104.083247,13437,30.622895,104.080189,True
77132,1,13334,30.642116,104.041479,13627,30.647067,104.036285,True
77135,1,13334,30.651565,104.115027,13552,30.664023,104.112706,True
77145,1,13336,30.646272,104.040437,13722,30.632141,104.059793,True
77147,1,13336,30.640834,104.061717,13630,30.629442,104.062227,True
77168,1,13338,30.687123,104.100129,14127,30.694358,104.080281,True
77169,1,13338,30.647735,104.034365,14065,30.628589,103.988852,True
77173,1,13338,30.700472,104.043124,14068,30.675276,104.042777,True
77179,1,13339,30.7085,104.097417,14015,30.702776,104.070806,True
77180,1,13339,30.648905,104.108539,16452,30.693952,104.108668,True
77192,1,13341,30.64344,104.12354,13907,30.626357,104.144173,True
77195,1,13341,30.702714,104.07392,13363,30.702704,104.072524,True
77199,1,13342,30.648783,104.07153,14675,30.628582,104.011716,True
77206,1,13344,30.687921,104.108636,14346,30.655009,104.080549,True
77219,1,13345,30.662683,104.029022,13972,30.633848,104.053351,True
77232,1,13347,30.652675,104.078694,13703,30.6409,104.075534,True
77239,1,13348,30.64934,104.041072,14140,30.635537,104.076194,True
77240,1,13348,30.641679,104.082685,14244,30.651712,104.041282,True
77241,1,13348,30.614077,104.072006,13996,30.644151,104.085983,True
77250,1,13349,30.695771,104.020847,13699,30.69356,104.033448,True
77252,1,13349,30.665695,104.112517,14285,30.626055,104.144077,True
77257,1,13350,30.668047,104.107861,13869,30.673128,104.125692,True
77280,1,13352,30.646776,104.013816,14515,30.625047,104.071545,True
77281,1,13352,30.653412,104.071871,14516,30.69973,104.103246,True
77282,1,13352,30.647756,104.066169,15056,30.630099,104.141673,True
77284,1,13353,30.702806,104.065765,14799,30.691045,104.042633,True
77300,1,13355,30.672949,104.057696,14408,30.65585,104.080728,True
77303,1,13355,30.663406,104.040588,14929,30.620335,104.08695,True
77311,1,13356,30.651812,104.069841,15069,30.671702,104.021332,True
77313,1,13357,30.674341,104.077725,13963,30.696014,104.072829,True
77316,1,13357,30.645127,104.037502,13957,30.669635,104.041282,True
77319,1,13358,30.653616,104.060469,14924,30.718295,104.032038,True
77323,1,13358,30.611971,104.071048,14205,30.628424,104.094504,True
77329,1,13359,30.676456,104.051943,13778,30.662564,104.056777,True
77333,1,13359,30.669562,104.065728,16877,30.660306,104.074709,True
77338,1,13360,30.678202,104.035836,14079,30.658527,104.060688,True
77346,1,13360,30.667087,104.06673,13993,30.653278,104.078865,True
77364,1,13362,30.664575,104.163641,13385,30.664606,104.164073,True
77369,1,13363,30.66481,104.056189,13941,30.68773,104.062351,True
77389,1,13365,30.617933,104.103,13713,30.625901,104.094114,True
77401,1,13366,30.612402,104.077413,14033,30.632499,104.098459,True
77402,1,13366,30.653458,104.079469,14406,30.639106,104.03867,True
77403,1,13366,30.691596,104.089132,14650,30.718762,104.037776,True
77411,1,13368,30.663738,104.045188,14003,30.645681,104.033147,True
77415,1,13368,30.658771,104.075559,13923,30.664974,104.051612,True
77420,1,13368,30.660742,104.054893,14449,30.638185,104.085805,True
77434,1,13371,30.61846,104.107066,16348,30.640382,104.061361,True
77437,1,13372,30.669877,104.070822,13805,30.653215,104.06927,True
77444,1,13372,30.637358,104.016716,14507,30.642884,104.073606,True
77447,1,13373,30.636089,104.083486,13746,30.64813,104.072373,True
77451,1,13373,30.702333,104.073506,15756,30.644358,104.035148,True
77463,1,13374,30.685244,104.059484,14376,30.665511,104.047069,True
77464,1,13374,30.681943,104.082991,14707,30.611907,104.067382,True
77468,1,13375,30.629625,104.063973,13547,30.624798,104.058224,True
77472,1,13376,30.620123,104.061075,13857,30.615924,104.082605,True
77473,1,13376,30.622473,104.066677,14946,30.634274,104.150965,True
77476,1,13376,30.671215,104.021322,14431,30.625953,104.037319,True
77483,1,13377,30.602358,104.068788,13859,30.612311,104.081804,True
77487,1,13377,30.602717,104.077606,14403,30.644196,104.049585,True
77489,1,13378,30.636629,104.030455,14474,30.658684,104.077325,True
77508,1,13380,30.665196,104.083756,14109,30.633669,104.067864,True
77509,1,13380,30.673233,104.028186,15961,30.644473,104.028345,True
77510,1,13380,30.624056,104.049341,13860,30.624975,104.067163,True
77515,1,13381,30.648297,104.137296,14039,30.667754,104.120354,True
77516,1,13381,30.640852,104.079224,13902,30.666457,104.085318,True
77518,1,13381,30.675298,104.027405,14794,30.69608,104.07292,True
77533,1,13383,30.662782,104.09658,14283,30.619541,104.115188,True
77537,1,13384,30.678425,104.023107,13718,30.690217,104.005742,True
77543,1,13384,30.71324,104.10308,14172,30.667815,104.107232,True
77544,1,13385,30.637939,104.044011,13914,30.652918,104.060068,True
77552,1,13386,30.681783,104.009776,13780,30.673471,104.014835,True
77555,1,13386,30.653521,104.066108,13931,30.673006,104.057486,True
77568,1,13388,30.608571,104.080002,14681,30.674815,104.065713,True
77576,1,13389,30.664269,104.097828,14196,30.666949,104.069006,True
77579,1,13390,30.691101,104.048309,14434,30.679534,104.088674,True
77588,1,13391,30.605022,104.123804,14985,30.633823,104.033201,True
77592,1,13392,30.683804,104.027977,13782,30.682349,104.004621,True
77597,1,13392,30.620822,104.089968,14832,30.67676,104.050687,True
77598,1,13393,30.614443,104.14265,13599,30.625649,104.153905,True
77616,1,13396,30.645798,104.065574,14484,30.672337,104.09846,True
77625,1,13398,30.652738,104.077523,13799,30.660024,104.090487,True
77626,1,13398,30.668373,104.075522,14922,30.683291,104.016916,True
77628,1,13398,30.677492,104.057529,14537,30.623936,104.067088,True
77648,1,13400,30.682538,104.138403,13752,30.682318,104.160838,True
77661,1,13402,30.6236,104.101582,14373,30.64468,104.058598,True
77674,1,13403,30.644652,104.02223,13810,30.634579,104.034419,True
77688,1,13406,30.678089,104.11763,14329,30.658574,104.072983,True
77692,1,13406,30.655671,104.087686,13730,30.651598,104.079581,True
77693,1,13406,30.700038,104.039563,15137,30.650538,104.080215,True
77694,1,13406,30.694383,104.083438,14401,30.670601,104.066575,True
77709,1,13409,30.662874,104.085388,14008,30.658615,104.066615,True
77711,1,13410,30.663664,104.051233,14941,30.675515,104.022602,True
77713,1,13410,30.656861,104.092211,14189,30.663102,104.05637,True
77714,1,13410,30.679572,104.095125,14042,30.661581,104.073417,True
77717,1,13411,30.684397,104.086739,14073,30.64968,104.093251,True
77725,1,13411,30.641013,104.061906,14355,30.610951,104.049298,True
77732,1,13413,30.670483,104.067002,14080,30.658052,104.077016,True
77736,1,13413,30.668091,104.081857,13729,30.653546,104.075492,True
77739,1,13414,30.686012,104.06282,14085,30.665729,104.053159,True
77740,1,13414,30.649858,104.078637,14495,30.629285,104.143654,True
77746,1,13415,30.68308,104.045829,14138,30.690268,104.076585,True
77752,1,13416,30.629316,104.035257,13439,30.629386,104.034793,True
77753,1,13416,30.675355,104.031702,14407,30.644568,104.074322,True
77754,1,13416,30.697283,104.019619,13736,30.692795,104.034875,True
77756,1,13416,30.669216,104.103908,13556,30.669152,104.110617,True
77759,1,13416,30.64377,104.033647,14337,30.648972,104.008877,True
77770,1,13417,30.641233,104.039609,13676,30.632915,104.038739,True
77773,1,13418,30.693081,104.08668,15058,30.644494,104.049614,True
77774,1,13418,30.677887,104.042252,13717,30.673165,104.057209,True
77782,1,13419,30.643068,104.043867,14401,30.653008,104.078786,True
77789,1,13420,30.665244,104.040823,14026,30.656912,104.084506,True
77790,1,13420,30.695459,104.072594,14411,30.705233,104.103622,True
77792,1,13420,30.700062,104.042023,13807,30.692547,104.043471,True
77799,1,13421,30.645866,104.055711,14196,30.674092,104.048878,True
77810,1,13423,30.700139,104.163911,14191,30.636542,104.127768,True
77819,1,13424,30.630389,104.101378,13975,30.647094,104.090409,True
77833,1,13425,30.637352,104.068354,15058,30.676282,104.002933,True
77836,1,13426,30.647106,104.055464,14624,30.696083,104.07282,True
77844,1,13427,30.665429,104.10103,13765,30.65458,104.1046,True
77859,1,13429,30.662288,104.086981,13808,30.650908,104.089136,True
77870,1,13430,30.649106,104.073377,14887,30.695991,104.072789,True
77871,1,13430,30.648089,104.139496,14867,30.673747,104.123442,True
77875,1,13431,30.64656,104.021973,15276,30.704936,104.011407,True
77883,1,13432,30.694615,104.08469,13633,30.694906,104.075427,True
77885,1,13432,30.635063,104.079151,14349,30.667375,104.067164,True
77906,1,13435,30.661895,104.08691,13731,30.672385,104.076652,True
77907,1,13435,30.672373,104.007561,14612,30.658599,104.077492,True
77909,1,13436,30.620829,104.110716,13767,30.635147,104.116077,True
77926,1,13437,30.692909,104.042536,14144,30.677906,104.00912,True
77928,1,13438,30.688155,104.076467,13775,30.674201,104.08361,True
77934,1,13439,30.638766,104.095351,14067,30.64663,104.058218,True
77941,1,13439,30.653778,104.053279,13792,30.658404,104.077181,True
77942,1,13440,30.627856,104.02621,14570,30.636025,104.127666,True
77952,1,13440,30.667377,104.133258,14710,30.668977,104.084089,True
77954,1,13441,30.667443,104.037627,14152,30.651999,104.078873,True
77960,1,13442,30.652074,104.01299,14964,30.655991,104.10827,True
77961,1,13442,30.653143,104.109655,14107,30.629664,104.141799,True
77963,1,13442,30.643151,104.073404,15977,30.693263,104.165095,True
77972,1,13443,30.6125,104.077079,14367,30.648864,104.057933,True
77973,1,13443,30.637045,104.135631,13474,30.63694,104.13201,True
77987,1,13444,30.689652,104.087837,14902,30.66239,104.019703,True
78001,1,13447,30.656588,104.067611,14531,30.695035,104.073592,True
78007,1,13447,30.630093,104.106211,15132,30.645367,104.062279,True
78011,1,13449,30.693361,104.017411,13892,30.68294,104.028877,True
78013,1,13449,30.68535,104.056113,14108,30.671621,104.017291,True
78030,1,13451,30.666241,104.040745,14301,30.683824,104.005484,True
78031,1,13451,30.627234,104.076647,13928,30.647042,104.068552,True
78037,1,13452,30.616383,104.092851,13586,30.611651,104.094779,True
78042,1,13453,30.655361,104.054277,14679,30.680023,104.016768,True
78045,1,13453,30.669066,104.119257,13857,30.689627,104.107131,True
78070,1,13455,30.683027,104.02392,13850,30.677249,104.007115,True
78072,1,13455,30.615467,104.072043,14016,30.653423,104.066172,True
78074,1,13456,30.642306,104.072894,14122,30.629827,104.052696,True
78075,1,13456,30.633709,104.07546,13601,30.639835,104.075868,True
78078,1,13456,30.640012,104.096873,13683,30.632958,104.094092,True
78083,1,13457,30.638627,104.066306,13851,30.642752,104.073391,True
78088,1,13458,30.681635,104.062736,14696,30.616352,104.076674,True
78101,1,13460,30.644114,104.075139,14661,30.626131,104.144052,True
78104,1,13460,30.688728,104.08931,13635,30.687464,104.097078,True
78114,1,13462,30.653767,104.06992,13875,30.658513,104.081362,True
78118,1,13463,30.68798,104.050856,14643,30.705333,104.103731,True
78129,1,13464,30.638463,104.085812,14450,30.668472,104.040681,True
78130,1,13464,30.65871,104.098027,15249,30.704561,104.095549,True
78138,1,13465,30.690461,104.054242,14621,30.660115,104.076599,True
78140,1,13465,30.656634,104.054944,13663,30.660995,104.046327,True
78144,1,13465,30.660134,104.085895,13808,30.648434,104.086923,True
78149,1,13466,30.645938,104.118799,14982,30.674912,104.059472,True
78171,1,13469,30.612668,104.067052,13891,30.600347,104.079819,True
78182,1,13470,30.655835,104.100822,14957,30.683759,104.111943,True
78185,1,13470,30.667132,104.069148,14432,30.64444,104.049515,True
78190,1,13470,30.62201,104.096387,14223,30.645761,104.118819,True
78191,1,13471,30.666974,104.070558,14031,30.644576,104.049902,True
78192,1,13471,30.670993,104.079294,15580,30.709623,104.07214,True
78203,1,13472,30.70457,104.013583,14055,30.717765,104.032339,True
78209,1,13473,30.616165,104.04029,14726,30.667011,104.019464,True
78211,1,13473,30.705808,104.010725,14083,30.713901,103.99073,True
78214,1,13474,30.644992,104.093037,14647,30.664981,104.163404,True
78229,1,13476,30.624008,104.048548,15531,30.623355,104.07666,True
78235,1,13476,30.605293,104.060126,14516,30.649231,104.114088,True
78236,1,13476,30.684134,104.034593,14941,30.719424,103.995374,True
78237,1,13476,30.673794,104.05553,14171,30.636879,104.060751,True
78241,1,13477,30.661086,104.068876,14555,30.695332,104.066408,True
78243,1,13477,30.680731,104.065628,15280,30.70532,104.103412,True
78245,1,13478,30.650702,104.000697,15265,30.694365,104.066091,True
78247,1,13478,30.638525,104.076057,14919,30.627849,104.149187,True
78253,1,13479,30.708465,104.012649,13884,30.705395,104.001929,True
78255,1,13480,30.704134,104.012734,16640,30.618911,104.112266,True
78271,1,13482,30.619699,104.118885,14024,30.635993,104.127826,True
78275,1,13482,30.682033,104.044466,13498,30.690148,104.039599,True
78276,1,13483,30.64789,104.092363,14101,30.633583,104.066956,True
78281,1,13483,30.655856,104.08793,14672,30.682721,104.031692,True
78284,1,13484,30.621826,104.103572,14430,30.632538,104.076099,True
78285,1,13484,30.659818,104.033687,15073,30.636043,104.127654,True
78287,1,13484,30.715225,104.046414,15197,30.656347,104.067093,True
78288,1,13484,30.624132,104.062414,14159,30.638225,104.085747,True
78297,1,13485,30.693631,104.026193,13813,30.684023,104.027665,True
78308,1,13487,30.67188,104.013553,14716,30.633142,104.027256,True
78322,1,13489,30.638753,104.08689,13897,30.62523,104.075718,True
78330,1,13489,30.675936,104.080302,14207,30.691428,104.050526,True
78336,1,13490,30.656812,104.045593,13865,30.648471,104.030168,True
78353,1,13492,30.634231,104.041995,14068,30.644972,104.021405,True
78355,1,13493,30.674521,104.069398,14496,30.641784,104.040759,True
78365,1,13495,30.643059,104.073427,14093,30.646941,104.094373,True
78369,1,13495,30.667715,104.003308,14069,30.688764,104.009007,True
78375,1,13496,30.653433,104.078984,13744,30.644452,104.074877,True
78382,1,13497,30.685901,104.101795,13855,30.704955,104.103598,True
78391,1,13498,30.638249,104.066352,13862,30.641128,104.056726,True
78402,1,13499,30.674613,104.093209,14094,30.648937,104.06743,True
78403,1,13499,30.621505,104.077116,14003,30.638979,104.08038,True
78416,1,13501,30.608435,104.036252,14098,30.643086,104.025041,True
78421,1,13501,30.675914,104.080352,14316,30.663276,104.056186,True
78425,1,13502,30.671633,104.077701,15759,30.615098,104.011469,True
78430,1,13503,30.696434,104.008623,14265,30.705161,104.045697,True
78436,1,13504,30.682137,104.084995,15500,30.674479,104.105371,True
78446,1,13505,30.6251,104.073457,14525,30.646871,104.024677,True
78448,1,13505,30.680767,104.043901,13529,30.690148,104.039599,True
78452,1,13506,30.670157,104.099283,14143,30.660024,104.074281,True
78459,1,13506,30.65696,104.071145,13877,30.656416,104.06107,True
78492,1,13511,30.624901,104.058082,13815,30.610254,104.067077,True
78493,1,13511,30.611892,104.069585,14531,30.657677,104.077113,True
78499,1,13511,30.679484,104.056843,13869,30.674251,104.080395,True
78501,1,13512,30.715075,104.114845,14374,30.712397,104.168103,True
78505,1,13512,30.637553,104.090519,14094,30.652814,104.0788,True
78508,1,13513,30.667993,104.03475,13919,30.67334,104.046838,True
78515,1,13514,30.67416,103.999874,14059,30.688466,104.009309,True
78521,1,13515,30.674396,104.069356,14037,30.662982,104.056573,True
78528,1,13516,30.658984,104.04054,14664,30.629565,104.059793,True
78532,1,13517,30.636378,104.019649,14339,30.63169,104.044672,True
78541,1,13518,30.649628,104.076073,14374,30.644787,104.050814,True
78548,1,13518,30.695476,104.072441,14913,30.644034,104.07515,True
78552,1,13519,30.638894,104.080439,14195,30.658404,104.078122,True
78559,1,13520,30.710599,104.087745,14224,30.68059,104.106434,True
78560,1,13520,30.655643,104.089118,14487,30.644411,104.049219,True
78566,1,13521,30.653052,104.079106,14450,30.659523,104.056011,True
78570,1,13521,30.647877,104.011828,15188,30.718134,104.032239,True
78572,1,13522,30.669419,104.104532,15076,30.606061,104.118709,True
78583,1,13522,30.647968,104.037332,13859,30.658571,104.055692,True
78593,1,13524,30.642704,104.103474,14272,30.621384,104.08923,True
78606,1,13525,30.627948,104.105191,13751,30.628173,104.118523,True
78612,1,13526,30.666711,104.076449,14654,30.694643,104.093915,True
78615,1,13526,30.672234,103.989981,14239,30.704725,104.014664,True
78619,1,13527,30.628643,104.044127,14150,30.634013,104.066747,True
78641,1,13530,30.684743,104.088482,14403,30.644434,104.0748,True
78642,1,13530,30.651069,104.055367,14069,30.66643,104.039799,True
78644,1,13530,30.70439,104.005753,13968,30.694643,104.011935,True
78651,1,13531,30.668332,104.073146,13856,30.657652,104.071035,True
78658,1,13533,30.699875,104.048005,14660,30.662753,104.125134,True
78669,1,13535,30.601158,104.0515,13849,30.602372,104.068265,True
78670,1,13535,30.6165,104.082664,13668,30.608873,104.080795,True
78674,1,13535,30.699145,104.094111,15130,30.625218,104.071817,True
78691,1,13537,30.648097,104.066003,15251,30.715038,104.015335,True
78692,1,13537,30.695701,104.072883,14948,30.704573,104.014099,True
78696,1,13537,30.704651,104.113149,14847,30.615845,104.144635,True
78735,1,13541,30.622517,103.992965,15586,30.694428,104.06441,True
78738,1,13541,30.680524,104.094921,14695,30.694326,104.080632,True
78745,1,13542,30.651117,104.096755,13982,30.653783,104.075544,True
78746,1,13542,30.693201,104.090046,14565,30.678275,104.050108,True
78763,1,13545,30.608646,104.094916,14982,30.656593,104.084184,True
78772,1,13546,30.681171,104.069274,14672,30.651019,104.036926,True
78775,1,13546,30.676437,104.086636,15355,30.662412,104.020979,True
78779,1,13546,30.6294,104.154459,14548,30.653085,104.089604,True
78782,1,13547,30.643744,104.092313,15051,30.647967,104.014451,True
78792,1,13548,30.657334,104.088713,14364,30.635467,104.113849,True
78796,1,13548,30.687426,104.034241,14835,30.664059,104.040629,True
78803,1,13549,30.696091,104.02161,14135,30.6742,104.005245,True
78809,1,13550,30.642954,104.041306,14035,30.658318,104.029042,True
78812,1,13551,30.672831,104.07886,13808,30.675303,104.07087,True
78823,1,13551,30.667014,104.078965,14545,30.705238,104.103541,True
78825,1,13552,30.636326,104.128904,14872,30.639726,104.066587,True
78834,1,13553,30.710185,104.040529,14575,30.694465,104.062979,True
78841,1,13553,30.650667,104.02232,14204,30.65477,104.064694,True
78842,1,13554,30.620374,104.017284,14736,30.637737,104.085453,True
78843,1,13554,30.628176,104.143172,15844,30.714919,104.046671,True
78855,1,13556,30.63282,104.001157,14170,30.612421,103.987747,True
78864,1,13557,30.676448,104.006753,14125,30.691717,104.031459,True
78865,1,13557,30.674552,104.111666,14500,30.637369,104.133865,True
78868,1,13557,30.658464,104.058393,14294,30.670067,104.023715,True
78871,1,13557,30.616235,104.068308,13823,30.611708,104.059084,True
78875,1,13558,30.65821,104.091104,14440,30.672429,104.068155,True
78877,1,13558,30.662376,104.13406,16529,30.701818,104.007359,True
78883,1,13559,30.674615,104.059252,14021,30.6633,104.069847,True
78887,1,13560,30.628377,104.01481,14485,30.613874,104.059109,True
78894,1,13561,30.629389,104.041708,14050,30.645857,104.055071,True
78906,1,13562,30.682015,104.084738,17789,30.639874,104.093862,True
78909,1,13562,30.654456,104.080087,14585,30.64439,104.049228,True
78913,1,13563,30.676059,104.041104,14349,30.648011,104.065875,True
78915,1,13563,30.654745,104.067297,14582,30.658361,104.029127,True
78926,1,13565,30.645975,103.998834,14945,30.673381,103.998506,True
78927,1,13565,30.643274,104.073476,14640,30.681989,104.08467,True
78939,1,13566,30.661095,104.008051,13915,30.675551,104.000056,True
78946,1,13567,30.657726,104.110783,14476,30.606829,104.139884,True
78949,1,13568,30.672937,104.125032,14672,30.637054,104.101039,True
78961,1,13569,30.671089,104.043872,14041,30.660794,104.054231,True
78967,1,13570,30.639727,104.096721,14078,30.654709,104.068422,True
78970,1,13570,30.656951,104.059827,13932,30.644458,104.049507,True
78985,1,13572,30.650869,104.013541,15679,30.685264,104.093864,True
79001,1,13573,30.644307,104.097864,14287,30.645277,104.07788,True
79002,1,13573,30.651814,104.070787,14474,30.705219,104.103486,True
79006,1,13574,30.631821,104.103877,13709,30.626521,104.108788,True
79008,1,13574,30.651361,103.995935,13944,30.65035,104.000618,True
79011,1,13575,30.709036,104.014391,14751,30.701078,104.044214,True
79016,1,13575,30.673948,103.993935,14292,30.684547,103.981013,True
79021,1,13575,30.610203,104.06763,14522,30.655732,104.054415,True
79024,1,13576,30.655003,104.073209,14296,30.669018,104.10337,True
79026,1,13576,30.651025,104.119115,16450,30.709472,104.015351,True
79032,1,13577,30.66224,104.016475,15678,30.709912,104.080563,True
79041,1,13578,30.719881,103.981051,14138,30.698509,104.008075,True
79043,1,13578,30.623146,104.050258,14207,30.624654,104.09609,True
79050,1,13579,30.672639,104.06806,14258,30.663053,104.056422,True
79051,1,13579,30.67675,104.003972,13882,30.693973,104.012303,True
79055,1,13580,30.646699,104.033051,14191,30.667147,104.037307,True
79057,1,13580,30.625082,104.069463,14699,30.663914,104.105562,True
79058,1,13580,30.678698,104.091197,14570,30.634253,104.08465,True
79061,1,13581,30.703931,104.082474,14091,30.702534,104.094177,True
79064,1,13581,30.678134,104.05464,13933,30.690018,104.057016,True
79067,1,13581,30.662938,104.134584,15272,30.655709,104.072158,True
79071,1,13582,30.651629,104.070445,14161,30.673382,104.056522,True
79073,1,13582,30.627057,104.026734,14037,30.639227,104.030893,True
79076,1,13583,30.643478,104.073684,14043,30.653581,104.079175,True
79080,1,13584,30.644437,104.036683,14753,30.652888,104.078749,True
79081,1,13584,30.677576,104.042461,14182,30.671096,104.066083,True
79084,1,13584,30.702738,104.0714,13829,30.703465,104.066282,True
79093,1,13585,30.669305,104.026272,13909,30.664633,104.043278,True
79094,1,13586,30.608153,104.080289,14309,30.624862,104.102334,True
79096,1,13586,30.656768,104.001,16646,30.699551,104.007508,True
79097,1,13586,30.679875,104.043719,14534,30.658633,104.077555,True
79106,1,13587,30.645734,104.009008,14115,30.624654,103.995716,True
79107,1,13587,30.608547,104.059688,14180,30.63968,104.06658,True
79116,1,13588,30.66716,104.069395,14879,30.601041,104.033155,True
79128,1,13589,30.709195,104.093523,15001,30.646057,104.092827,True
79133,1,13590,30.639305,104.007325,15434,30.718028,104.03208,True
79138,1,13591,30.679987,104.027887,14200,30.651077,104.00149,True
79144,1,13593,30.628614,104.103339,14515,30.659959,104.074657,True
79145,1,13593,30.636619,104.043178,14561,30.61436,104.024527,True
79147,1,13593,30.687039,104.090474,14246,30.672964,104.074154,True
79160,1,13596,30.651497,104.004288,13857,30.662913,104.007749,True
79161,1,13596,30.625013,104.06241,14425,30.657483,104.041047,True
79165,1,13596,30.636198,104.128196,14889,30.683493,104.140607,True
79174,1,13598,30.666394,104.040784,14189,30.700513,104.041486,True
79178,1,13598,30.703256,104.020845,14788,30.689281,104.073317,True
79181,1,13598,30.665298,104.040811,15093,30.646149,104.060097,True
79182,1,13598,30.702399,104.091535,14645,30.6625,104.089082,True
79189,1,13599,30.618439,104.057504,14413,30.641642,104.015882,True
79193,1,13599,30.683775,104.111971,14622,30.633622,104.068717,True
79197,1,13600,30.625225,104.081028,14803,30.667111,104.052237,True
79198,1,13600,30.680964,104.032102,14232,30.702411,104.04407,True
79200,1,13600,30.68758,104.098613,14781,30.669967,104.063815,True
79207,1,13601,30.696375,104.025551,17623,30.66195,104.098807,True
79211,1,13602,30.653106,104.07882,15374,30.718162,104.032352,True
79212,1,13602,30.650898,104.120647,13824,30.655489,104.116539,True
79223,1,13603,30.670514,104.081574,13956,30.657928,104.080145,True
79224,1,13603,30.702966,104.004932,14426,30.684172,104.050644,True
79237,1,13604,30.616091,104.071998,13896,30.633506,104.076398,True
79239,1,13605,30.658292,104.075298,15012,30.69377,104.01209,True
79257,1,13607,30.668319,104.056336,14266,30.644456,104.049477,True
79260,1,13607,30.664853,104.077576,13943,30.655334,104.080351,True
79263,1,13607,30.647549,104.026863,14566,30.686104,104.024645,True
79276,1,13609,30.622667,104.051402,14404,30.652185,104.013553,True
79287,1,13611,30.699505,104.096034,15181,30.701395,104.057342,True
79292,1,13612,30.653479,104.079282,13614,30.648597,104.074499,True
79295,1,13613,30.704878,104.011267,14213,30.718185,104.032252,True
79301,1,13614,30.671435,104.060908,13964,30.663191,104.056121,True
79302,1,13614,30.707514,104.035316,13904,30.715796,104.033916,True
79303,1,13614,30.671691,104.075546,14285,30.685658,104.074496,True
79307,1,13614,30.673536,104.058684,15533,30.71384,104.074972,True
79308,1,13614,30.678948,104.012024,14387,30.668494,104.031928,True
79318,1,13616,30.658042,104.12765,13949,30.660114,104.117966,True
79327,1,13617,30.642292,104.093605,14501,30.606611,104.101958,True
79344,1,13619,30.671239,104.050626,14153,30.653521,104.075751,True
79359,1,13620,30.652404,104.12039,14848,30.646181,104.053204,True
79364,1,13621,30.66296,104.111048,14411,30.665716,104.078096,True
79365,1,13621,30.657808,104.071069,14343,30.676617,104.040045,True
79370,1,13621,30.608286,103.989495,16337,30.674656,104.071892,True
79375,1,13621,30.637915,103.985669,15202,30.656658,104.040531,True
79378,1,13622,30.699218,104.112664,16071,30.67095,104.047798,True
79382,1,13623,30.640905,104.026177,14823,30.629582,104.142161,True
79387,1,13623,30.642731,104.074725,15336,30.694486,104.075118,True
79391,1,13624,30.647303,104.083315,14190,30.6572,104.067639,True
79395,1,13624,30.611865,104.065682,14098,30.609245,104.081002,True
79406,1,13626,30.657532,104.088897,14417,30.674295,104.072652,True
79410,1,13627,30.642659,104.074538,15030,30.694911,104.073178,True
79416,1,13627,30.714094,104.047233,13906,30.702417,104.045929,True
79423,1,13628,30.67304,104.068416,14091,30.663349,104.056107,True
79439,1,13630,30.719392,104.030648,13996,30.703998,104.046997,True
79441,1,13631,30.689701,104.093986,14598,30.716824,104.070335,True
79450,1,13632,30.648832,104.091586,13988,30.661648,104.092179,True
79451,1,13632,30.674509,104.111606,15362,30.703516,104.023329,True
79452,1,13632,30.638696,104.066282,14361,30.60038,104.058666,True
79461,1,13634,30.638315,104.094898,16079,30.693031,104.016915,True
79462,1,13634,30.637386,104.132038,15236,30.694912,104.073345,True
79467,1,13634,30.626102,104.153076,14479,30.60664,104.11801,True
79499,1,13638,30.645578,104.061864,13984,30.644433,104.049564,True
79503,1,13639,30.644015,104.075194,18355,30.624396,104.062365,True
79505,1,13640,30.61659,104.048883,13860,30.617936,104.057556,True
79506,1,13640,30.651003,104.116865,14783,30.605762,104.146099,True
79507,1,13640,30.662797,104.089257,14767,30.636812,104.058559,True
79511,1,13640,30.662963,104.068919,14099,30.674312,104.045039,True
79514,1,13640,30.635015,104.059587,15946,30.649997,104.150369,True
79521,1,13641,30.622135,104.096325,14197,30.637124,104.099456,True
79532,1,13643,30.692874,104.066253,14795,30.655065,104.074517,True
79550,1,13644,30.676295,104.12232,14814,30.630697,104.146221,True
79580,1,13648,30.687784,104.086704,14973,30.63954,104.054647,True
79584,1,13648,30.63618,104.126056,15456,30.626727,104.023186,True
79586,1,13648,30.626046,104.100592,14779,30.645301,104.077275,True
79587,1,13648,30.68216,104.084996,14880,30.633334,104.056252,True
79589,1,13649,30.674587,104.06401,14373,30.658507,104.077405,True
79593,1,13649,30.638467,104.025695,16813,30.629437,104.05575,True
79598,1,13650,30.651519,104.070462,14036,30.640086,104.075677,True
79608,1,13651,30.669878,104.056297,13910,30.665238,104.065511,True
79609,1,13651,30.650663,104.062606,14231,30.653695,104.079092,True
79615,1,13652,30.64927,104.066801,14455,30.662207,104.056895,True
79632,1,13653,30.71822,104.031553,15042,30.71483,103.989868,True
79635,1,13653,30.678642,104.074079,14131,30.670729,104.066789,True
79642,1,13654,30.665077,104.065822,15530,30.627806,104.141433,True
79645,1,13654,30.661202,104.006428,13665,30.661306,104.005263,True
79646,1,13654,30.636963,104.140032,14599,30.658138,104.07868,True
79657,1,13656,30.632962,104.001401,14661,30.665636,104.0062,True
79661,1,13657,30.66706,104.063128,14116,30.684908,104.052364,True
79664,1,13657,30.714016,104.040789,14595,30.713347,104.094986,True
79686,1,13659,30.667803,104.050419,14873,30.667202,104.104417,True
79709,1,13662,30.663565,104.087528,15642,30.606171,104.03597,True
79714,1,13662,30.647813,104.092856,14073,30.657822,104.090291,True
79715,1,13662,30.604118,104.003579,14346,30.634262,104.029342,True
79721,1,13663,30.647193,104.094347,14205,30.636045,104.128075,True
79723,1,13663,30.654978,104.080261,14582,30.644489,104.049637,True
79731,1,13664,30.664227,104.046273,13835,30.658748,104.045029,True
79736,1,13664,30.669787,104.068335,14838,30.64008,104.037291,True
79740,1,13665,30.712473,104.102795,14335,30.711198,104.094176,True
79748,1,13666,30.63945,104.073244,14500,30.681657,104.086474,True
79750,1,13666,30.702319,104.073452,15283,30.714097,104.103442,True
79753,1,13666,30.60796,104.082018,14227,30.613447,104.067407,True
79756,1,13667,30.71883,104.074328,14571,30.682197,104.08355,True
79770,1,13668,30.714034,104.095032,14026,30.703627,104.082641,True
79773,1,13668,30.602319,104.06849,13709,30.602019,104.071558,True
79780,1,13669,30.640832,104.09553,14583,30.611018,104.101145,True
79791,1,13670,30.64946,104.076252,13884,30.653621,104.079147,True
79793,1,13670,30.612993,104.048679,14940,30.659022,104.077519,True
79804,1,13671,30.657279,104.08876,14792,30.675349,104.042854,True
79805,1,13671,30.656049,104.071494,14035,30.643588,104.080374,True
79818,1,13672,30.684861,104.011947,13947,30.676776,104.024041,True
79822,1,13673,30.626249,104.082292,14311,30.614438,104.067021,True
79826,1,13674,30.645044,104.025544,14370,30.660068,104.016011,True
79835,1,13674,30.629355,104.062241,14042,30.636375,104.048598,True
79836,1,13674,30.632369,104.002151,14984,30.647947,104.065644,True
79847,1,13676,30.6591,104.015937,14697,30.628669,104.024924,True
79850,1,13676,30.613296,104.054895,14694,30.650444,104.041261,True
79851,1,13677,30.618448,104.115554,14528,30.649725,104.08848,True
79854,1,13677,30.694162,104.081542,15282,30.704428,104.013742,True
79862,1,13678,30.644282,104.018402,13709,30.644978,104.020279,True
79864,1,13678,30.673459,104.068603,14159,30.658519,104.076952,True
79871,1,13678,30.682371,104.163536,14086,30.677326,104.137723,True
79872,1,13679,30.673529,104.046521,13982,30.664049,104.060495,True
79873,1,13679,30.670092,104.063514,14616,30.683887,104.017225,True
79875,1,13679,30.636548,104.093997,14158,30.63354,104.068724,True
79889,1,13682,30.646388,104.091794,14125,30.633733,104.067988,True
79895,1,13682,30.690698,104.028505,13941,30.701319,104.023904,True
79897,1,13683,30.650263,104.076861,14936,30.629594,104.142136,True
79935,1,13687,30.633817,104.066483,14033,30.611937,104.062763,True
79938,1,13688,30.688083,104.044791,14878,30.682436,104.087018,True
79942,1,13689,30.617682,104.098613,13952,30.602812,104.098241,True
79971,1,13691,30.643686,104.076721,14399,30.644487,104.074491,True
79999,1,13695,30.6636,104.135792,14436,30.679665,104.121406,True
80004,1,13696,30.656739,104.081336,14041,30.647523,104.088598,True
80017,1,13699,30.660186,104.073498,14862,30.660201,104.07293,True
80021,1,13699,30.637696,104.094464,14353,30.654568,104.056924,True
80023,1,13699,30.655188,104.042659,14536,30.657298,104.076096,True
80024,1,13700,30.68386,104.091605,14455,30.666533,104.081075,True
80027,1,13700,30.67408,104.044279,13987,30.683518,104.048181,True
80028,1,13700,30.646006,104.139659,14133,30.651512,104.113541,True
80037,1,13701,30.625898,104.052599,14058,30.618078,104.041486,True
80045,1,13702,30.62026,104.062771,13941,30.620656,104.062396,True
80051,1,13703,30.683865,104.100536,14477,30.655902,104.081175,True
80055,1,13703,30.658686,104.072988,14805,30.629609,104.141954,True
80056,1,13703,30.601905,104.12406,14117,30.614092,104.122892,True
80073,1,13705,30.682564,104.087778,14288,30.661016,104.086396,True
80082,1,13706,30.671339,104.061065,14327,30.660239,104.076803,True
80085,1,13706,30.658186,104.071137,14419,30.665072,104.042959,True
80086,1,13706,30.648021,104.118731,13975,30.637664,104.108069,True
80098,1,13708,30.664244,104.105474,14850,30.694385,104.085043,True
80102,1,13709,30.674518,104.077647,15090,30.641768,104.123485,True
80114,1,13710,30.669058,104.048588,14820,30.645393,104.028108,True
80119,1,13711,30.667584,104.106285,15355,30.646162,104.041388,True
80131,1,13713,30.637074,104.106127,14719,30.644399,104.049548,True
80139,1,13714,30.706336,104.080443,14077,30.705458,104.065996,True
80140,1,13714,30.672791,104.052692,14570,30.685175,104.101673,True
80145,1,13715,30.625876,104.142176,15841,30.645331,104.077185,True
80146,1,13715,30.652357,104.010935,13845,30.658703,104.015889,True
80160,1,13716,30.619772,104.048578,14427,30.6541,104.016918,True
80169,1,13717,30.667999,104.056225,14556,30.644407,104.04892,True
80171,1,13718,30.633203,104.056234,13851,30.632737,104.066441,True
80184,1,13720,30.653325,104.079017,14112,30.670846,104.075036,True
80188,1,13721,30.633258,104.093736,14236,30.644646,104.058726,True
80212,1,13724,30.653391,104.078976,14194,30.665443,104.077775,True
80228,1,13726,30.60753,104.052236,14864,30.653052,104.075936,True
80247,1,13729,30.63703,104.04338,15051,30.63898,104.028951,True
80254,1,13730,30.693079,104.162446,14198,30.679475,104.134987,True
80266,1,13731,30.633546,104.098979,13921,30.640875,104.093022,True
80268,1,13731,30.646915,104.10296,13889,30.652641,104.100935,True
80269,1,13731,30.667043,104.021751,14144,30.661835,104.007946,True
80276,1,13732,30.719062,103.98392,14422,30.704496,104.013061,True
80281,1,13732,30.64331,104.097672,14472,30.649655,104.117218,True
80287,1,13733,30.670708,104.062125,14207,30.658566,104.073505,True
80296,1,13734,30.705348,104.011052,15580,30.683066,104.083803,True
80298,1,13734,30.624549,104.062393,14520,30.639166,104.094572,True
80299,1,13734,30.705708,104.103883,14089,30.712215,104.102672,True
80302,1,13734,30.682572,104.087675,13805,30.680581,104.089415,True
80304,1,13735,30.705294,104.011074,14986,30.685174,104.093962,True
80305,1,13735,30.61549,104.130638,14466,30.623656,104.108819,True
80306,1,13735,30.686162,104.092278,15058,30.638263,104.101774,True
80310,1,13735,30.637889,104.05752,14449,30.66322,104.087051,True
80313,1,13735,30.670396,104.095892,14373,30.653272,104.079087,True
80314,1,13735,30.655026,104.080841,15164,30.600616,104.063193,True
80327,1,13737,30.62157,104.071777,14106,30.615988,104.05842,True
80336,1,13738,30.661262,104.092575,15264,30.719342,104.038469,True
80347,1,13740,30.694284,104.080891,15012,30.613375,104.138883,True
80352,1,13740,30.643852,104.108862,16689,30.650206,104.026858,True
80363,1,13742,30.641361,104.079388,14180,30.648923,104.059891,True
80371,1,13742,30.645706,104.05965,14569,30.679097,104.073409,True
80373,1,13743,30.682397,104.091309,15216,30.663103,104.040593,True
80377,1,13743,30.634302,104.037672,14663,30.608321,104.005064,True
80388,1,13745,30.663426,103.997379,14029,30.672462,103.994292,True
80393,1,13745,30.653528,104.000265,27496,30.654724,103.998669,True
80395,1,13745,30.651399,104.077647,14895,30.655485,104.072193,True
80401,1,13746,30.660199,104.0561,14351,30.645338,104.074824,True
80405,1,13747,30.605281,104.060785,13866,30.60892,104.059409,True
80406,1,13747,30.710603,104.0454,14403,30.702887,104.005281,True
80412,1,13747,30.624302,104.076714,15030,30.676457,104.042897,True
80421,1,13748,30.661303,104.133211,15131,30.656953,104.081127,True
80422,1,13748,30.638885,104.08046,14088,30.653593,104.079286,True
80423,1,13748,30.649724,104.061798,13968,30.656377,104.066202,True
80425,1,13749,30.673358,104.058186,14528,30.686316,104.073427,True
80431,1,13750,30.685144,104.085077,14903,30.644964,104.062994,True
80433,1,13750,30.653987,104.087351,14479,30.679618,104.088871,True
80434,1,13750,30.682442,104.082836,19307,30.688321,104.075632,True
80439,1,13750,30.652921,104.078688,14924,30.662361,104.027655,True
80442,1,13751,30.608508,104.066202,14653,30.662948,104.083418,True
80446,1,13751,30.660582,104.035233,15522,30.706544,104.019377,True
80449,1,13752,30.695419,104.072397,18430,30.611718,104.140867,True
80462,1,13754,30.602929,104.09484,14618,30.627012,103.997436,True
80467,1,13754,30.649406,104.069433,13996,30.652698,104.060104,True
80469,1,13754,30.697697,104.015494,13923,30.693489,104.024823,True
80476,1,13755,30.637506,104.101882,14563,30.614498,104.094906,True
80484,1,13756,30.652725,104.143309,14126,30.646593,104.127363,True
80487,1,13757,30.669632,104.099459,14520,30.670967,104.082034,True
80490,1,13757,30.701137,104.102468,15644,30.658332,104.055538,True
80491,1,13758,30.657894,104.084838,14708,30.641962,104.056944,True
80500,1,13759,30.662307,104.0851,14188,30.661317,104.094863,True
80502,1,13759,30.640255,104.06651,14037,30.65414,104.071199,True
80504,1,13759,30.702706,104.072711,15326,30.683064,104.112506,True
80507,1,13760,30.654435,104.061302,14924,30.632842,104.15174,True
80510,1,13760,30.654539,104.069889,14240,30.645479,104.059484,True
80513,1,13760,30.685926,104.0415,13995,30.690436,104.022923,True
80516,1,13760,30.625293,104.075842,14086,30.617329,104.071972,True
80518,1,13760,30.653674,104.052976,14668,30.674007,104.084015,True
80531,1,13762,30.60416,104.079432,14607,30.653572,104.079188,True
80542,1,13763,30.695706,104.072608,14472,30.671992,104.109309,True
80545,1,13763,30.647324,104.035838,14355,30.669412,104.04077,True
80552,1,13764,30.620839,104.098779,14048,30.669859,104.085024,True
80556,1,13765,30.686973,104.098995,14010,30.671756,104.109875,True
80579,1,13768,30.686095,104.062902,16071,30.687391,103.998548,True
80586,1,13768,30.604524,104.129028,17714,30.645206,104.013074,True
80595,1,13769,30.609794,103.99374,15046,30.671698,104.004118,True
80624,1,13773,30.704918,104.023927,14195,30.68851,104.03185,True
80626,1,13773,30.670236,104.039505,14134,30.675181,104.028699,True
80632,1,13773,30.645112,104.011793,14655,30.61958,104.068109,True
80633,1,13773,30.69528,104.073787,15180,30.636082,104.127403,True
80646,1,13775,30.704119,104.115696,15664,30.681607,104.041559,True
80660,1,13776,30.67818,104.042719,13990,30.678151,104.057079,True
80671,1,13777,30.605329,104.08429,14130,30.611102,104.072127,True
80676,1,13777,30.699917,104.094597,15624,30.645217,104.062663,True
80684,1,13778,30.667569,104.098623,14830,30.63863,104.107093,True
80693,1,13779,30.605697,104.060661,14584,30.651542,104.041325,True
80694,1,13779,30.641602,104.103931,14007,30.650033,104.106771,True
80696,1,13780,30.654158,104.077998,14879,30.661088,104.035492,True
80704,1,13781,30.638614,104.10735,14824,30.682978,104.09989,True
80706,1,13781,30.702026,104.051494,14981,30.649134,104.066821,True
80708,1,13781,30.648211,104.137025,15112,30.633467,104.067899,True
80711,1,13781,30.701015,104.107702,14352,30.704326,104.082111,True
80715,1,13782,30.603109,104.061472,14980,30.675427,104.086132,True
80716,1,13782,30.694987,104.012861,15005,30.649199,104.054314,True
80718,1,13782,30.679215,104.020199,14097,30.676096,104.020111,True
80723,1,13783,30.661561,104.075169,14797,30.64442,104.049413,True
80724,1,13783,30.653579,104.104065,13996,30.651344,104.110046,True
80725,1,13783,30.695577,104.007917,14382,30.668068,103.993915,True
80738,1,13784,30.708363,104.012285,14354,30.699266,103.982475,True
80740,1,13784,30.65499,104.070885,14185,30.663628,104.07244,True
80742,1,13785,30.667266,104.065808,14619,30.696068,104.072927,True
80752,1,13786,30.682716,104.070402,14140,30.688416,104.083811,True
80755,1,13786,30.706331,103.995981,15107,30.668395,104.034047,True
80757,1,13787,30.610814,104.077399,14033,30.616274,104.071075,True
80762,1,13787,30.695636,104.020857,14529,30.70602,104.025797,True
80765,1,13788,30.661161,104.086634,14405,30.690279,104.106178,True
80772,1,13788,30.670599,104.062293,14209,30.659132,104.077692,True
80777,1,13789,30.648519,104.069469,14185,30.640654,104.075583,True
80779,1,13789,30.641792,104.036031,15866,30.638932,104.087994,True
80785,1,13790,30.680397,104.105852,14772,30.664958,104.065689,True
80786,1,13790,30.708824,104.100513,14720,30.694384,104.060139,True
80788,1,13791,30.631856,104.058501,14581,30.662986,104.056564,True
80789,1,13791,30.684958,104.033617,14873,30.711406,104.102334,True
80798,1,13792,30.623787,104.0624,14261,30.634148,104.077438,True
80801,1,13792,30.638591,104.025875,14432,30.6624,104.027529,True
80808,1,13792,30.695446,104.072541,21491,30.663175,104.05612,True
80810,1,13793,30.670382,104.113013,14173,30.678101,104.095814,True
80815,1,13793,30.677333,103.987732,14347,30.679319,104.019334,True
80833,1,13797,30.611151,104.10448,15066,30.651678,104.065827,True
80837,1,13797,30.685268,104.059283,14993,30.636073,104.127103,True
80838,1,13797,30.695561,104.072719,16205,30.637316,104.030538,True
80841,1,13797,30.650891,104.109644,14807,30.639788,104.066543,True
80854,1,13799,30.629476,104.058159,14269,30.623905,104.078421,True
80864,1,13800,30.684822,104.103214,14750,30.695393,104.073798,True
80865,1,13800,30.631825,104.058475,14702,30.663143,104.056331,True
80866,1,13800,30.65332,104.075656,14150,30.658563,104.066675,True
80868,1,13800,30.688077,104.086925,14537,30.684711,104.052653,True
80871,1,13800,30.655161,104.105252,15486,30.695992,104.072955,True
80887,1,13802,30.685484,104.041861,14959,30.655744,104.080679,True
80892,1,13803,30.659806,104.056883,14259,30.663592,104.040562,True
80900,1,13804,30.620659,104.055263,14561,30.654028,104.053348,True
80909,1,13806,30.683646,104.048071,14522,30.668924,104.070881,True
80917,1,13807,30.679049,104.006438,14816,30.629534,103.99458,True
80928,1,13809,30.664189,104.098001,14557,30.705307,104.10367,True
80929,1,13809,30.650084,104.026736,14147,30.646181,104.04121,True
80937,1,13810,30.645473,104.075112,14787,30.655809,104.071247,True
80941,1,13811,30.665086,104.084149,14323,30.654531,104.079853,True
80943,1,13811,30.643631,104.077036,15092,30.644433,104.049487,True
80958,1,13814,30.675663,104.078685,14445,30.654908,104.09626,True
80960,1,13814,30.663544,104.056254,14183,30.664479,104.068882,True
80965,1,13814,30.645999,104.118865,14476,30.629577,104.143189,True
80966,1,13814,30.637936,103.996392,14553,30.636834,104.009402,True
80968,1,13815,30.636912,104.030702,14104,30.642959,104.00974,True
80970,1,13815,30.650961,104.118948,14164,30.635994,104.127754,True
80978,1,13816,30.616188,104.07088,14172,30.636617,104.082478,True
80979,1,13816,30.669466,104.064776,14500,30.645256,104.074254,True
80986,1,13817,30.687133,104.051507,15562,30.681113,104.126154,True
80987,1,13817,30.680133,104.072168,14250,30.668201,104.089924,True
80993,1,13818,30.639962,104.037273,14247,30.627643,104.026838,True
81007,1,13820,30.607851,104.116552,14604,30.626672,104.094228,True
81021,1,13821,30.687222,104.034055,15134,30.692456,104.080261,True
81026,1,13821,30.608932,104.058082,14898,30.614193,104.004248,True
81034,1,13822,30.695476,104.072677,15195,30.718077,104.032131,True
81045,1,13824,30.651336,104.092875,15573,30.618093,104.076822,True
81049,1,13825,30.636208,104.125941,15929,30.695599,104.073669,True
81054,1,13826,30.632831,104.001211,14732,30.662461,104.016103,True
81064,1,13827,30.649095,104.066424,15226,30.662273,104.034855,True
81067,1,13827,30.640001,104.082546,14668,30.605222,104.06031,True
81069,1,13828,30.673348,104.094335,15171,30.647946,104.15709,True
81074,1,13828,30.69206,104.111465,15224,30.696086,104.07294,True
81081,1,13829,30.624303,104.1031,14717,30.651999,104.078898,True
81082,1,13829,30.671467,104.060741,14310,30.672744,104.040374,True
81083,1,13829,30.650139,104.146897,14820,30.654509,104.106786,True
81087,1,13830,30.636207,104.127643,15755,30.695979,104.07292,True
81088,1,13830,30.637802,104.026985,14917,30.643939,104.065554,True
81095,1,13831,30.604224,104.07763,14536,30.624126,104.097979,True
81097,1,13831,30.627598,103.994838,14289,30.650093,103.996327,True
81098,1,13831,30.666102,104.080478,14087,30.662112,104.075536,True
81105,1,13831,30.608586,104.080547,14676,30.631314,104.079501,True
81110,1,13832,30.651258,104.10394,14206,30.649232,104.087944,True
81115,1,13832,30.672292,104.07286,14706,30.695765,104.073029,True
81117,1,13833,30.683277,104.100042,14506,30.635421,104.076,True
81126,1,13834,30.654903,104.067187,14672,30.644418,104.049309,True
81136,1,13835,30.682185,104.000454,15333,30.658542,104.075252,True
81138,1,13835,30.626598,104.08175,14566,30.655672,104.066114,True
81139,1,13835,30.639731,104.08304,14493,30.620775,104.094271,True
81144,1,13836,30.623072,104.093263,14855,30.651362,104.024506,True
81154,1,13837,30.64347,104.102458,14351,30.625989,104.096967,True
81155,1,13837,30.641912,104.07558,14667,30.681736,104.075669,True
81160,1,13838,30.667629,104.037917,14603,30.673813,103.996291,True
81166,1,13839,30.637906,104.085052,14005,30.637533,104.094163,True
81175,1,13839,30.611154,104.067568,14186,30.617431,104.054556,True
81181,1,13840,30.690213,104.05108,15216,30.701582,104.095623,True
81185,1,13841,30.649084,104.054337,14283,30.663737,104.040878,True
81186,1,13841,30.677308,104.049424,15133,30.645299,104.041326,True
81209,1,13844,30.658453,104.01601,14378,30.640597,104.003064,True
81211,1,13844,30.624848,104.032621,14132,30.63247,104.031465,True
81212,1,13844,30.715818,104.103989,17741,30.706907,104.040614,True
81216,1,13845,30.638551,104.066328,14642,30.636415,104.130238,True
81218,1,13845,30.658107,104.064133,13849,30.658109,104.076955,True
81223,1,13846,30.659707,104.021486,14331,30.656802,103.990296,True
81225,1,13846,30.656544,104.148807,15506,30.620672,104.065375,True
81230,1,13847,30.641934,104.016479,15904,30.708544,104.003492,True
81236,1,13847,30.718269,104.108316,15127,30.718025,104.032052,True
81243,1,13848,30.629506,104.060052,15377,30.690194,104.076654,True
81245,1,13849,30.607991,103.990179,14618,30.639614,104.013505,True
81262,1,13850,30.645471,103.980568,15864,30.642316,104.101022,True
81277,1,13852,30.66082,104.007886,14500,30.650811,104.029987,True
81279,1,13852,30.610999,104.093259,26956,30.611679,104.077108,True
81285,1,13853,30.636307,104.128644,16334,30.696064,104.072937,True
81289,1,13853,30.651309,104.018132,14902,30.680466,104.015295,True
81290,1,13853,30.650752,103.995935,16032,30.718791,103.982133,True
81291,1,13854,30.639229,104.107584,14799,30.669771,104.121054,True
81296,1,13855,30.658107,104.064133,13860,30.658056,104.076994,True
81303,1,13856,30.633028,104.027473,14434,30.644471,104.049956,True
81324,1,13860,30.686456,104.07333,15915,30.666085,104.16351,True
81330,1,13860,30.637344,104.069562,15862,30.625057,103.996427,True
81336,1,13861,30.674947,104.002496,14181,30.684472,104.003765,True
81340,1,13862,30.625959,104.058178,15484,30.68189,104.08431,True
81353,1,13863,30.614464,104.08214,14425,30.606047,104.118722,True
81361,1,13864,30.692978,104.044354,14396,30.676046,104.051015,True
81368,1,13865,30.658107,104.064133,14965,30.644482,104.049631,True
81380,1,13867,30.690308,104.009829,14749,30.716677,104.040733,True
81393,1,13870,30.671662,104.070014,14961,30.644293,104.049063,True
81394,1,13870,30.640473,104.072906,14811,30.640694,104.038233,True
81410,1,13872,30.67919,104.09696,13896,30.680206,104.097778,True
81426,1,13875,30.600097,104.080909,14870,30.61058,104.08135,True
81428,1,13875,30.641759,104.152883,15254,30.658191,104.078622,True
81453,1,13879,30.621447,104.118773,15392,30.642927,104.073462,True
81454,1,13879,30.642339,104.100107,15089,30.674783,104.109013,True
81459,1,13879,30.672273,104.048058,15073,30.644411,104.074938,True
81463,1,13880,30.654702,104.067992,14042,30.653344,104.076289,True
81467,1,13880,30.627031,104.119637,14338,30.646951,104.112451,True
81478,1,13881,30.695415,104.072298,14496,30.690581,104.057307,True
81482,1,13882,30.677909,104.117089,14876,30.642272,104.066154,True
81486,1,13882,30.676153,103.991613,14202,30.67664,103.989678,True
81488,1,13882,30.657123,104.08464,14885,30.626358,104.14406,True
81491,1,13882,30.695445,104.072598,15315,30.71709,104.043989,True
81495,1,13883,30.646222,104.066272,14467,30.644862,104.050461,True
81500,1,13885,30.667494,104.113773,14107,30.667982,104.108061,True
81506,1,13885,30.684599,104.103498,15014,30.695656,104.073141,True
81509,1,13886,30.626244,104.076492,14480,30.602709,104.06613,True
81518,1,13887,30.667165,104.021968,14354,30.664843,104.036921,True
81521,1,13887,30.630343,104.143217,15485,30.694922,104.07319,True
81538,1,13890,30.657185,104.04555,16197,30.718049,104.032175,True
81541,1,13890,30.662822,104.111008,14702,30.65783,104.079977,True
81552,1,13891,30.62397,104.085324,14495,30.634281,104.066769,True
81553,1,13891,30.640617,104.075509,15150,30.639957,104.0246,True
81556,1,13892,30.633649,104.075658,14447,30.631667,104.104534,True
81561,1,13892,30.641177,104.056811,15000,30.680884,104.085912,True
81563,1,13892,30.629432,104.057396,14703,30.643298,104.039419,True
81585,1,13895,30.64452,104.063033,15985,30.664821,104.142225,True
81587,1,13895,30.69132,104.023606,14204,30.684898,104.04185,True
81590,1,13895,30.665889,103.989348,14904,30.704753,104.014609,True
81595,1,13896,30.669432,104.040422,14612,30.662629,104.028836,True
81609,1,13898,30.681068,104.044501,14163,30.673945,104.055359,True
81610,1,13898,30.654694,104.060925,15059,30.63285,104.150821,True
81616,1,13898,30.66083,104.053181,15195,30.694119,104.06628,True
81621,1,13900,30.657234,104.11164,14563,30.629554,104.141942,True
81627,1,13900,30.679191,104.006149,15578,30.692479,104.06645,True
81631,1,13900,30.702417,104.002161,14476,30.704403,104.011942,True
81640,1,13902,30.700617,104.043504,15180,30.656354,104.080834,True
81645,1,13903,30.640182,104.003487,14508,30.665154,103.989505,True
81649,1,13903,30.671603,104.096432,14209,30.662317,104.097052,True
81658,1,13904,30.684645,104.001924,15006,30.664518,104.03687,True
81666,1,13905,30.623038,104.057691,14058,30.622788,104.064293,True
81670,1,13906,30.647721,104.088801,14363,30.647264,104.067366,True
81679,1,13907,30.650313,104.07693,14024,30.650208,104.07676,True
81684,1,13907,30.680945,104.07,15079,30.644261,104.048383,True
81687,1,13908,30.669212,104.06552,14703,30.644474,104.049654,True
81698,1,13909,30.662095,104.106116,14809,30.644441,104.074755,True
81699,1,13909,30.668817,104.118204,14147,30.66077,104.110798,True
81717,1,13911,30.653731,104.104132,17769,30.66317,103.989455,True
81718,1,13911,30.638486,104.073242,14793,30.634132,104.118205,True
81720,1,13912,30.668681,104.103833,14096,30.657389,104.10695,True
81723,1,13912,30.645028,104.019231,14540,30.644412,104.050039,True
81724,1,13912,30.663522,104.120038,14628,30.687093,104.11124,True
81728,1,13913,30.662518,104.085369,14531,30.644271,104.074995,True
81730,1,13913,30.688222,104.020161,15058,30.66077,104.040703,True
81742,1,13914,30.695674,104.072769,16732,30.616799,104.023587,True
81761,1,13917,30.688412,104.057124,14979,30.654974,104.072853,True
81762,1,13917,30.647296,104.107528,14151,30.655092,104.105503,True
81769,1,13918,30.643398,104.073518,15403,30.695826,104.072985,True
81771,1,13919,30.663177,104.040626,14675,30.644271,104.048974,True
81772,1,13919,30.669682,104.06419,14511,30.661405,104.086651,True
81776,1,13920,30.65271,104.067953,14175,30.656188,104.06096,True
81802,1,13923,30.622667,104.098318,15329,30.604035,104.060641,True
81803,1,13924,30.614354,104.137499,14858,30.626297,104.152744,True
81810,1,13924,30.641426,104.078646,14453,30.658061,104.055423,True
81813,1,13925,30.648162,104.119568,14485,30.663117,104.116491,True
81817,1,13926,30.695095,104.166785,14869,30.603363,104.13375,True
81823,1,13926,30.629007,103.994869,14695,30.644872,104.021189,True
81835,1,13927,30.624757,104.055821,14896,30.664689,104.065802,True
81836,1,13927,30.669056,104.103203,14714,30.670151,104.077238,True
81843,1,13928,30.647891,104.088175,14697,30.6251,104.070223,True
81863,1,13930,30.605647,104.060628,14902,30.659382,104.026265,True
81884,1,13933,30.670794,104.109797,14911,30.680996,104.082332,True
81895,1,13934,30.654035,104.074919,14468,30.660956,104.054388,True
81899,1,13934,30.662591,104.031979,15074,30.633426,104.06841,True
81908,1,13936,30.61981,104.0583,14008,30.619558,104.065853,True
81909,1,13936,30.686672,104.035364,15046,30.646026,104.084034,True
81925,1,13937,30.634609,104.066413,14492,30.629161,104.076549,True
81931,1,13938,30.610053,104.064636,14239,30.620325,104.057643,True
81934,1,13938,30.604403,104.060645,14201,30.607231,104.083808,True
81943,1,13940,30.644809,104.074993,14320,30.643135,104.066519,True
81957,1,13941,30.617908,104.098693,14859,30.658709,104.077045,True
81963,1,13942,30.640437,104.073254,14386,30.653139,104.078861,True
81971,1,13943,30.687467,104.063018,14708,30.682402,104.090809,True
81980,1,13944,30.658262,104.062795,14283,30.656851,104.088421,True
81989,1,13945,30.670695,104.051959,14661,30.691808,104.066228,True
81991,1,13945,30.676978,104.052401,14129,30.683349,104.048241,True
81994,1,13945,30.608765,104.035947,14853,30.63611,104.127496,True
81995,1,13945,30.703237,104.004446,15135,30.680948,104.055527,True
81997,1,13945,30.690746,104.063062,14472,30.694208,104.033766,True
81999,1,13946,30.650927,104.143266,14711,30.637625,104.108682,True
82001,1,13946,30.642343,104.139669,15160,30.670779,104.109915,True
82003,1,13946,30.662383,104.029378,14207,30.665485,104.041508,True
82016,1,13947,30.646731,104.084531,14514,30.637109,104.072335,True
82028,1,13949,30.700566,104.043211,14773,30.686433,104.014003,True
82037,1,13950,30.625154,104.074127,16659,30.694491,104.066578,True
82040,1,13950,30.662162,104.098035,14255,30.666013,104.111962,True
82047,1,13951,30.644289,104.07503,14871,30.637813,104.045713,True
82052,1,13951,30.650793,104.029056,14118,30.652818,104.041102,True
82053,1,13951,30.656992,104.059881,15813,30.704819,104.01441,True
82059,1,13952,30.62049,104.079808,14517,30.61166,104.061253,True
82066,1,13953,30.636425,104.093107,14623,30.644132,104.075466,True
82067,1,13953,30.630549,104.040606,14928,30.674176,104.020628,True
82071,1,13954,30.667258,104.040491,15813,30.673894,103.986201,True
82076,1,13955,30.681947,104.063203,14856,30.670683,104.020615,True
82079,1,13956,30.668292,104.07692,14107,30.663759,104.072459,True
82084,1,13956,30.64548,104.058061,14723,30.645743,104.083434,True
82097,1,13957,30.697646,104.027583,14406,30.694589,104.043213,True
82106,1,13959,30.664077,104.089965,14420,30.655382,104.071935,True
82108,1,13959,30.642539,104.048636,15092,30.687376,104.026159,True
82111,1,13960,30.628708,104.16383,14381,30.632129,104.147343,True
82117,1,13960,30.637819,104.073153,15368,30.652486,104.019732,True
82121,1,13961,30.656952,104.100415,13971,30.656273,104.099912,True
82124,1,13961,30.656091,104.07556,14863,30.634987,104.108633,True
82144,1,13963,30.619634,104.115815,14404,30.636007,104.127744,True
82145,1,13963,30.663592,104.072259,16042,30.66397,103.997614,True
82146,1,13963,30.671607,104.086382,14103,30.675854,104.086373,True
82148,1,13964,30.644283,104.064835,14359,30.65288,104.069237,True
82151,1,13964,30.661342,103.995705,15505,30.654363,104.070725,True
82153,1,13965,30.70985,104.066776,14246,30.703786,104.072121,True
82155,1,13965,30.661653,104.087023,14759,30.650682,104.054461,True
82166,1,13966,30.65975,104.074716,14636,30.669137,104.10343,True
82170,1,13967,30.608116,104.035274,15005,30.608958,103.995815,True
82173,1,13968,30.63139,104.044773,14883,30.64472,104.094845,True
82176,1,13968,30.683057,104.043794,15543,30.713412,103.98748,True
82177,1,13968,30.644502,104.074579,14411,30.653542,104.079178,True
82184,1,13969,30.668939,104.056163,14186,30.678356,104.048244,True
82219,1,13974,30.631329,104.058394,14432,30.64239,104.05718,True
82220,1,13974,30.675081,104.006033,14314,30.689373,104.018907,True
82223,1,13975,30.65533,104.041381,19789,30.606515,104.118192,True
82230,1,13975,30.671299,104.067095,14452,30.663317,104.056108,True
82233,1,13975,30.689724,104.09401,14756,30.715151,104.112756,True
82235,1,13975,30.625816,104.148161,14611,30.617212,104.128388,True
82238,1,13976,30.622633,104.098304,14448,30.633189,104.109657,True
82239,1,13976,30.625148,104.075586,14618,30.653505,104.07905,True
82244,1,13977,30.636512,104.127796,14892,30.682072,104.139079,True
82246,1,13977,30.668855,104.008621,14248,30.663126,104.019295,True
82250,1,13978,30.677299,104.042182,14989,30.644475,104.074744,True
82262,1,13980,30.660066,104.068992,14122,30.653608,104.075694,True
82264,1,13980,30.640672,104.103439,14662,30.612743,104.133611,True
82277,1,13981,30.662318,104.023196,14673,30.654509,104.061403,True
82285,1,13982,30.667427,104.137004,14804,30.671658,104.096158,True
82289,1,13983,30.701839,104.103252,14607,30.675857,104.110429,True
82314,1,13986,30.617573,104.12873,15242,30.656692,104.081789,True
82315,1,13986,30.659498,104.057005,15632,30.653732,104.060552,True
82318,1,13986,30.634801,103.999073,14742,30.645424,104.027521,True
82321,1,13987,30.703523,104.092159,14422,30.709742,104.073172,True
82326,1,13988,30.610826,104.067409,14796,30.64035,104.061392,True
82327,1,13988,30.665341,104.064865,14203,30.668962,104.06544,True
82337,1,13989,30.663822,104.082541,17734,30.667127,104.05235,True
82351,1,13991,30.680645,104.094526,14495,30.690086,104.106404,True
82367,1,13992,30.673446,104.058329,14583,30.694543,104.061567,True
82377,1,13993,30.650986,104.116991,14811,30.661031,104.086426,True
82387,1,13994,30.675221,104.032601,14715,30.659295,104.022108,True
82395,1,13995,30.687724,104.061707,14540,30.681442,104.03155,True
82401,1,13996,30.686486,104.025853,15713,30.64049,103.990826,True
82407,1,13997,30.677842,104.101988,14865,30.640674,104.075577,True
82409,1,13997,30.672121,104.052235,14585,30.648339,104.065987,True
82424,1,13999,30.695398,104.072522,15164,30.668907,104.060302,True
82430,1,14000,30.688218,104.076724,14775,30.669939,104.063759,True
82432,1,14000,30.663251,104.014527,15040,30.663342,104.056283,True
82434,1,14000,30.639312,104.079139,14410,30.639182,104.094625,True
82451,1,14002,30.641359,104.07888,14813,30.636425,104.042774,True
82453,1,14002,30.706847,104.009831,16013,30.669731,104.121381,True
82455,1,14002,30.665328,104.062445,14962,30.615547,104.067344,True
82466,1,14003,30.644439,104.001603,14963,30.605167,103.994969,True
82473,1,14004,30.678026,104.048549,14587,30.672214,104.068043,True
82475,1,14004,30.639415,104.078973,14587,30.654493,104.063006,True
82485,1,14005,30.682836,104.083607,15824,30.719072,104.038141,True
82489,1,14006,30.685126,104.115198,14720,30.712346,104.102836,True
82495,1,14007,30.605859,104.102054,14551,30.608855,104.066839,True
82496,1,14007,30.644536,104.026585,14952,30.616161,104.063679,True
82500,1,14007,30.687107,104.098905,14941,30.629969,104.141788,True
82505,1,14008,30.705448,104.1033,14596,30.704151,104.082988,True
82515,1,14009,30.679943,104.033806,14360,30.693662,104.038299,True
82527,1,14010,30.671385,104.060939,14259,30.678263,104.054791,True
82532,1,14010,30.641582,104.079445,16327,30.626611,104.01765,True
82544,1,14012,30.648686,104.041089,14579,30.663818,104.056247,True
82545,1,14012,30.695423,104.072568,19338,30.690194,104.095614,True
82548,1,14012,30.669539,104.054346,14154,30.672071,104.053935,True
82561,1,14014,30.639069,104.087886,16211,30.719897,104.030429,True
82562,1,14014,30.699059,104.046509,14241,30.693052,104.043106,True
82567,1,14014,30.619607,104.115437,16529,30.633079,103.995025,True
82571,1,14015,30.656461,104.067472,14331,30.655635,104.080451,True
82580,1,14015,30.668522,104.101363,15147,30.670799,104.051781,True
82582,1,14015,30.651559,104.061929,14753,30.684045,104.050644,True
82594,1,14017,30.624913,104.062272,15548,30.608837,103.996007,True
82595,1,14017,30.666932,104.112025,14380,30.651592,104.110064,True
82597,1,14017,30.647456,104.083112,14419,30.654204,104.072645,True
82603,1,14018,30.636432,104.053361,14574,30.653668,104.075639,True
82612,1,14019,30.705626,104.103577,15407,30.693849,104.073101,True
82619,1,14021,30.651863,104.007038,14258,30.664456,104.007999,True
82623,1,14021,30.67842,104.074903,14736,30.661335,104.098982,True
82634,1,14023,30.634957,104.037066,14532,30.648789,104.037233,True
82635,1,14023,30.670314,104.112749,16141,30.640239,104.061322,True
82647,1,14025,30.611879,104.065243,14217,30.614549,104.072054,True
82651,1,14025,30.64902,104.066849,14104,30.651789,104.068545,True
82653,1,14025,30.642403,104.094029,14634,30.615692,104.079599,True
82656,1,14026,30.664526,104.085217,14811,30.63603,104.127651,True
82657,1,14026,30.635131,104.151004,15069,30.649528,104.114111,True
82661,1,14027,30.634327,104.029447,14713,30.639663,104.054367,True
82662,1,14027,30.704397,104.013344,15929,30.63476,104.041803,True
82663,1,14027,30.677384,104.029973,14940,30.651477,104.040952,True
82665,1,14027,30.675159,104.122815,14674,30.681762,104.095206,True
82667,1,14027,30.673928,104.055071,15032,30.624467,104.096281,True
82673,1,14028,30.626425,104.152282,15113,30.676615,104.11324,True
82683,1,14029,30.641755,104.035744,14984,30.679634,104.02823,True
82684,1,14029,30.636088,104.127941,15268,30.705243,104.103386,True
82705,1,14032,30.651236,104.093231,14071,30.650179,104.095454,True
82709,1,14032,30.668014,104.099531,14833,30.653643,104.076104,True
82712,1,14032,30.690895,104.003815,15069,30.694385,104.056584,True
82723,1,14034,30.681073,104.125946,14423,30.671841,104.096758,True
82728,1,14034,30.687513,104.10901,14531,30.666626,104.107662,True
82738,1,14035,30.705942,103.996383,16245,30.671057,103.984092,True
82739,1,14035,30.665412,103.98012,15715,30.610213,104.067478,True
82740,1,14035,30.678301,104.057004,14874,30.680463,104.015849,True
82749,1,14036,30.674082,104.084008,15812,30.64789,104.018857,True
82750,1,14036,30.655208,104.042732,14811,30.654965,104.080032,True
82754,1,14037,30.704892,104.02403,15313,30.694472,104.064941,True
82760,1,14038,30.671624,104.057188,15484,30.616865,104.057502,True
82762,1,14038,30.649298,104.066967,14655,30.670914,104.051523,True
82764,1,14038,30.667205,104.040502,14431,30.690508,104.047366,True
82772,1,14039,30.644865,104.063515,14485,30.657408,104.07116,True
82779,1,14039,30.650446,104.041056,14310,30.631098,104.044603,True
82781,1,14039,30.676543,103.997307,15171,30.700697,104.043695,True
82783,1,14040,30.644643,104.041395,15347,30.674136,104.072894,True
82786,1,14040,30.657883,104.079203,14457,30.644308,104.075084,True
82793,1,14041,30.692402,104.036028,14339,30.690851,104.022918,True
82796,1,14041,30.641483,104.037553,15466,30.606911,104.139819,True
82799,1,14041,30.71053,104.048037,15781,30.643275,104.066119,True
82808,1,14043,30.660873,104.007859,15695,30.616128,104.092936,True
82814,1,14044,30.671811,104.048195,14518,30.685341,104.059397,True
82828,1,14046,30.636007,104.12791,15979,30.695518,104.073835,True
82843,1,14047,30.616097,104.09959,14113,30.614789,104.095056,True
82854,1,14048,30.66816,104.052253,15030,30.633083,104.094146,True
82859,1,14050,30.629502,104.058599,14845,30.644379,104.074984,True
82861,1,14050,30.65884,104.093816,14505,30.667916,104.120158,True
82862,1,14050,30.695411,104.072486,15578,30.65851,104.07444,True
82866,1,14051,30.680732,104.116111,14933,30.661562,104.117277,True
82871,1,14051,30.664631,104.077541,14548,30.654451,104.079988,True
82872,1,14051,30.651773,104.044249,15218,30.665509,104.107191,True
82876,1,14052,30.626647,104.076512,14526,30.61338,104.067385,True
82879,1,14052,30.677547,104.042189,15013,30.66711,104.024036,True
82880,1,14052,30.666086,104.05599,14745,30.657946,104.064096,True
82885,1,14053,30.691829,104.026654,15768,30.689917,104.080853,True
82886,1,14053,30.691393,104.089226,14332,30.679248,104.096899,True
82893,1,14054,30.656452,104.066923,15406,30.695864,104.072789,True
82894,1,14054,30.668118,104.052319,14965,30.662146,104.096693,True
82895,1,14055,30.645258,104.058728,14266,30.639644,104.066207,True
82902,1,14056,30.638523,104.066317,14963,30.663833,104.05133,True
82904,1,14056,30.656335,104.061475,14188,30.65384,104.060543,True
82906,1,14056,30.672826,104.060335,16205,30.615492,104.003124,True
82910,1,14056,30.642719,104.085187,16140,30.704679,104.014372,True
82913,1,14057,30.667938,103.993911,14631,30.664035,104.023667,True
82914,1,14057,30.652741,104.078612,14322,30.653346,104.071876,True
82921,1,14058,30.649278,104.088063,14386,30.653434,104.079434,True
82926,1,14059,30.632364,104.0761,15996,30.640858,104.090383,True
82929,1,14059,30.636993,104.015817,15420,30.644439,104.074786,True
82934,1,14059,30.645658,103.981688,16755,30.687739,104.073832,True
82936,1,14060,30.710914,104.035099,15022,30.665087,104.051519,True
82956,1,14062,30.611508,104.090374,15115,30.654824,104.06776,True
82958,1,14063,30.662333,104.087238,15196,30.609946,104.066972,True
82962,1,14064,30.640445,104.06151,14278,30.642831,104.072869,True
82964,1,14064,30.612089,104.057029,14945,30.654841,104.073033,True
82982,1,14066,30.686978,104.042923,14843,30.717008,104.033334,True
82985,1,14066,30.636437,104.125466,14827,30.658461,104.073041,True
82986,1,14066,30.692693,104.080004,15562,30.671065,104.06022,True
83000,1,14068,30.662121,104.040831,14424,30.66986,104.055213,True
83004,1,14068,30.714378,104.109916,15248,30.668757,104.110852,True
83007,1,14069,30.651917,104.041197,14301,30.663797,104.040554,True
83008,1,14069,30.630676,104.029012,16134,30.702738,104.019897,True
83012,1,14069,30.624872,104.146697,14800,30.60016,104.063671,True
83013,1,14069,30.630132,104.038935,15578,30.682514,103.990953,True
83014,1,14070,30.702831,104.049748,16179,30.615087,104.052063,True
83026,1,14071,30.677145,103.997281,15008,30.641376,104.014939,True
83030,1,14071,30.616185,104.060626,14983,30.668283,104.021363,True
83031,1,14072,30.643976,104.092495,14761,30.653623,104.079133,True
83034,1,14072,30.646197,104.106704,14512,30.636128,104.127299,True
83043,1,14073,30.700253,104.071976,18137,30.627019,104.000732,True
83044,1,14073,30.611103,104.140321,14714,30.600918,104.063608,True
83062,1,14075,30.644229,104.049583,14679,30.66252,104.02728,True
83072,1,14077,30.705586,104.103477,14718,30.684608,104.105225,True
83089,1,14078,30.644314,104.041402,15087,30.681534,104.085228,True
83102,1,14080,30.639617,104.098671,16608,30.639582,104.098661,True
83106,1,14081,30.682799,104.072721,14430,30.694364,104.075551,True
83117,1,14082,30.647019,104.102522,14092,30.64708,104.10237,True
83118,1,14082,30.61545,104.071993,14598,30.651849,104.066194,True
83123,1,14083,30.64966,104.10744,15870,30.711036,104.169647,True
83126,1,14083,30.641054,104.014791,15078,30.644155,104.048071,True
83127,1,14084,30.664787,104.051594,14851,30.643121,104.038509,True
83131,1,14084,30.706146,104.045434,15101,30.667043,104.040775,True
83132,1,14084,30.635935,104.05741,15032,30.602967,104.062777,True
83135,1,14084,30.667149,104.05186,14756,30.660397,104.081575,True
83140,1,14085,30.701946,104.039602,14740,30.680209,104.053523,True
83142,1,14085,30.612923,104.055611,14984,30.630485,104.007677,True
83145,1,14086,30.709768,104.074012,16308,30.627673,104.098021,True
83149,1,14086,30.695461,104.072556,14961,30.670846,104.051681,True
83157,1,14087,30.701051,104.106558,15031,30.678857,104.069642,True
83158,1,14087,30.688392,104.020401,14816,30.704688,104.014559,True
83160,1,14087,30.66527,104.041971,14712,30.644742,104.050278,True
83161,1,14087,30.62928,104.153328,15642,30.682007,104.084734,True
83164,1,14088,30.663142,104.088447,15571,30.694478,104.08503,True
83166,1,14089,30.679177,104.055366,14609,30.702847,104.039008,True
83186,1,14091,30.658939,104.085035,15335,30.652799,104.068596,True
83189,1,14092,30.669201,104.073649,14568,30.661281,104.089509,True
83190,1,14092,30.636064,104.049012,14534,30.622428,104.051594,True
83200,1,14093,30.711067,104.018326,14393,30.706834,103.999834,True
83202,1,14094,30.667309,104.038169,14578,30.646201,104.060137,True
83204,1,14094,30.675845,104.078914,14395,30.673954,104.069313,True
83208,1,14095,30.644395,104.074228,14702,30.648438,104.055315,True
83210,1,14095,30.683695,104.079709,14726,30.695696,104.073037,True
83214,1,14095,30.710373,104.043879,14610,30.694111,104.057248,True
83222,1,14096,30.666995,104.087716,14548,30.65476,104.104734,True
83225,1,14097,30.64952,104.097337,14627,30.653548,104.076684,True
83234,1,14098,30.626846,103.989432,16056,30.663354,104.06906,True
83239,1,14099,30.662333,104.024011,14879,30.658308,104.064304,True
83241,1,14099,30.629411,104.153568,15139,30.601011,104.063644,True
83243,1,14099,30.663802,104.072205,14268,30.658458,104.07176,True
83249,1,14100,30.650167,104.143258,16007,30.68987,104.087925,True
83294,1,14104,30.66936,104.026781,14330,30.672194,104.011113,True
83297,1,14104,30.671078,104.075022,14419,30.665507,104.070514,True
83309,1,14106,30.651125,104.093667,14487,30.650721,104.109489,True
83310,1,14106,30.617404,104.039222,15210,30.660989,104.056851,True
83318,1,14107,30.663048,104.076504,15378,30.695654,104.07349,True
83322,1,14108,30.616006,104.040107,16249,30.702683,104.072706,True
83328,1,14109,30.695521,104.072728,15750,30.69677,104.011918,True
83333,1,14110,30.699535,104.047083,15481,30.644433,104.049504,True
83336,1,14110,30.665935,104.082485,14989,30.644436,104.049477,True
83352,1,14112,30.67711,104.049803,16128,30.712189,104.102717,True
83355,1,14113,30.640088,104.073255,15367,30.621845,104.033442,True
83357,1,14113,30.613692,104.073835,15850,30.625702,104.047634,True
83360,1,14113,30.606131,103.991135,15057,30.651124,104.003236,True
83366,1,14114,30.633655,104.073884,15172,30.666432,104.040792,True
83367,1,14114,30.704039,104.012325,16392,30.699338,104.099598,True
83373,1,14115,30.675563,104.133451,15236,30.700424,104.094999,True
83380,1,14116,30.704435,104.013393,14720,30.684578,104.02653,True
83381,1,14116,30.680502,104.089434,14938,30.644489,104.074152,True
83382,1,14116,30.714646,104.099118,14801,30.69779,104.113981,True
83393,1,14118,30.672071,104.077206,14321,30.673875,104.069565,True
83401,1,14118,30.660958,104.117274,14558,30.661857,104.09518,True
83402,1,14119,30.615625,104.092884,14657,30.641039,104.084317,True
83405,1,14119,30.650925,104.027957,16056,30.69527,104.073752,True
83406,1,14120,30.688503,104.013978,14848,30.712342,104.007069,True
83409,1,14120,30.689583,104.094607,15456,30.695114,104.066422,True
83410,1,14120,30.657907,104.055377,14784,30.633684,104.076109,True
83416,1,14121,30.657791,104.064148,14555,30.675431,104.07042,True
83436,1,14125,30.66058,104.086275,14514,30.648331,104.086691,True
83443,1,14126,30.639638,104.054421,14761,30.645557,104.078862,True
83444,1,14126,30.644338,104.074051,16225,30.673024,104.019347,True
83451,1,14127,30.64371,104.058017,14472,30.633321,104.059192,True
83452,1,14127,30.651086,104.066277,14468,30.669274,104.065241,True
83466,1,14128,30.651554,104.039552,14999,30.61648,104.062565,True
83467,1,14128,30.625133,104.074093,14740,30.654901,104.067777,True
83475,1,14129,30.648546,104.069731,15063,30.65291,104.041116,True
83491,1,14132,30.634674,104.076317,14913,30.679085,104.09056,True
83496,1,14132,30.665457,104.083375,15129,30.644551,104.049857,True
83497,1,14133,30.716487,104.043535,14359,30.71799,104.032188,True
83520,1,14136,30.695702,104.072732,15672,30.630048,104.145812,True
83529,1,14137,30.632839,104.034759,15217,30.685493,104.066114,True
83534,1,14138,30.685404,104.083307,15583,30.611046,104.142062,True
83540,1,14138,30.661581,104.068895,14370,30.668956,104.073746,True
83541,1,14139,30.680486,104.094973,15001,30.695424,104.099391,True
83552,1,14140,30.682239,104.004888,15584,30.641598,104.062133,True
83554,1,14140,30.642779,104.073359,14805,30.653035,104.089128,True
83558,1,14141,30.678,104.130237,15790,30.634879,104.056234,True
83566,1,14142,30.663117,104.040618,15126,30.636044,104.06252,True
83570,1,14142,30.636017,104.127696,15576,30.624279,104.093742,True
83571,1,14142,30.674506,104.05419,15392,30.662382,104.021078,True
83586,1,14144,30.692166,104.041863,15406,30.640408,104.038336,True
83591,1,14145,30.66474,104.077493,14646,30.672882,104.106011,True
83592,1,14145,30.702725,104.065804,15897,30.653733,104.114384,True
83596,1,14146,30.671917,104.083089,14590,30.683221,104.082333,True
83598,1,14146,30.620247,104.12657,14521,30.608327,104.114734,True
83624,1,14149,30.686595,104.035276,14633,30.662865,104.02149,True
83628,1,14150,30.638033,104.090208,14406,30.644949,104.078396,True
83631,1,14151,30.6265,104.000532,15114,30.625214,104.071435,True
83642,1,14152,30.695436,104.072343,15483,30.646552,104.059677,True
83651,1,14153,30.646508,104.064287,15204,30.667663,104.029597,True
83660,1,14155,30.652883,104.097934,15016,30.67134,104.070855,True
83680,1,14157,30.658915,104.080895,15110,30.636037,104.127616,True
83688,1,14158,30.62196,104.083964,14834,30.602042,104.067201,True
83692,1,14158,30.67321,104.123529,15658,30.709099,104.066546,True
83702,1,14159,30.637385,104.04592,14945,30.616143,104.065322,True
83704,1,14160,30.668089,104.104025,15656,30.694844,104.044021,True
83706,1,14160,30.675179,104.033516,15513,30.644341,104.048784,True
83708,1,14161,30.632354,104.035023,14657,30.64368,104.018412,True
83714,1,14162,30.644046,104.046478,16214,30.704618,104.013815,True
83715,1,14162,30.69549,104.072697,15609,30.648374,104.059805,True
83716,1,14162,30.703084,104.053413,14703,30.686259,104.054856,True
83720,1,14162,30.640446,104.075657,14470,30.654331,104.074716,True
83727,1,14163,30.63021,104.051695,14629,30.654381,104.070674,True
83728,1,14163,30.657057,104.055309,15477,30.655561,104.104591,True
83733,1,14164,30.673698,104.053093,15165,30.64764,104.02186,True
83735,1,14164,30.705406,104.025054,15149,30.707331,104.022174,True
83748,1,14166,30.612898,104.055744,15087,30.640528,104.028391,True
83752,1,14167,30.626246,104.043534,14845,30.644439,104.049595,True
83754,1,14167,30.660308,104.072672,14759,30.642023,104.081444,True
83755,1,14167,30.63252,104.044841,14666,30.632664,104.066399,True
83756,1,14167,30.661048,104.011188,14325,30.664181,104.003859,True
83766,1,14168,30.646936,104.055096,14991,30.689157,104.066236,True
83771,1,14169,30.672554,104.064105,14698,30.672287,104.076232,True
83774,1,14169,30.664671,104.051574,15300,30.662533,104.027335,True
83775,1,14169,30.704824,104.011358,16247,30.681998,104.084683,True
83776,1,14169,30.695575,104.072775,15142,30.709838,104.093585,True
83777,1,14169,30.625914,104.066684,15115,30.64422,104.047945,True
83784,1,14170,30.655658,104.07165,14395,30.655776,104.0737,True
83789,1,14171,30.649433,104.056998,14764,30.662758,104.040806,True
83800,1,14172,30.636347,104.053575,15566,30.630062,104.142148,True
83806,1,14173,30.643547,104.073683,14183,30.643472,104.073638,True
83844,1,14178,30.695433,104.072516,15422,30.673957,104.139475,True
83847,1,14179,30.654074,104.086927,15014,30.644352,104.049107,True
83853,1,14179,30.66817,104.035143,14722,30.664951,104.051529,True
83857,1,14180,30.60009,104.079894,15306,30.662644,104.080304,True
83867,1,14181,30.641874,104.037268,14443,30.641471,104.050373,True
83872,1,14183,30.642268,104.066223,16140,30.680332,104.069978,True
83888,1,14185,30.69659,104.009772,14655,30.685145,104.028998,True
83892,1,14185,30.645643,104.078718,15264,30.622648,104.057685,True
83893,1,14185,30.622707,104.063506,14919,30.64129,104.041828,True
83903,1,14186,30.678328,103.987697,15520,30.672939,104.05767,True
83917,1,14188,30.645324,104.012753,15772,30.667003,104.07118,True
83925,1,14190,30.67042,104.066799,14374,30.672963,104.058156,True
83927,1,14190,30.652442,104.090475,14876,30.630471,104.141773,True
83933,1,14191,30.671968,104.059343,16441,30.718169,104.032246,True
83936,1,14192,30.681291,104.070204,15003,30.677366,104.116403,True
83943,1,14192,30.705636,104.103669,16012,30.683087,104.029004,True
83952,1,14193,30.659957,104.106209,14763,30.635996,104.127769,True
83954,1,14193,30.715459,104.111348,15328,30.670367,104.124584,True
83972,1,14195,30.656192,104.060825,14815,30.689295,104.064268,True
83977,1,14196,30.64746,104.061627,15647,30.619396,104.071834,True
83989,1,14198,30.628129,104.076204,14418,30.633485,104.070282,True
83990,1,14198,30.652825,104.078646,14950,30.644305,104.049888,True
83992,1,14198,30.670244,104.051922,15553,30.687366,104.086452,True
83993,1,14198,30.649667,104.025334,14752,30.652558,104.060314,True
83997,1,14199,30.653862,104.117181,15036,30.697832,104.114403,True
84006,1,14200,30.665447,104.006421,15452,30.615141,104.067039,True
84016,1,14202,30.636205,104.125633,15403,30.636699,104.123961,True
84021,1,14203,30.667947,104.034909,15165,30.644236,104.048956,True
84022,1,14203,30.640614,104.13974,14666,30.662996,104.163049,True
84028,1,14204,30.674436,104.019682,16032,30.711217,103.994313,True
84055,1,14206,30.693506,104.045701,15625,30.689102,104.088004,True
84063,1,14207,30.663787,104.045055,15249,30.672401,104.076121,True
84065,1,14207,30.688156,104.096532,15311,30.620387,104.090004,True
84070,1,14208,30.633904,104.037917,15214,30.664422,104.026854,True
84071,1,14208,30.623799,104.096861,16188,30.685289,104.07534,True
84075,1,14208,30.682212,104.083875,14778,30.683486,104.072792,True
84087,1,14209,30.65768,104.071197,14750,30.66266,104.047872,True
84095,1,14211,30.664973,104.051505,14779,30.660095,104.034902,True
84100,1,14211,30.618405,104.057535,14499,30.62016,104.076605,True
84107,1,14212,30.659077,104.09357,15153,30.681891,104.086604,True
84118,1,14214,30.692862,104.014129,15778,30.647969,104.065524,True
84126,1,14216,30.671814,104.12403,16251,30.608438,104.081467,True
84127,1,14216,30.618443,104.126413,15644,30.658502,104.067136,True
84131,1,14216,30.664048,104.078117,15260,30.636035,104.127589,True
84142,1,14217,30.661503,104.086909,14639,30.650214,104.095172,True
84143,1,14217,30.666941,104.048116,14447,30.666641,104.040743,True
84149,1,14217,30.633556,104.038266,14771,30.627113,104.058321,True
84155,1,14218,30.682406,104.029764,15020,30.669998,104.072052,True
84161,1,14219,30.638661,104.075987,14998,30.658561,104.06659,True
84164,1,14219,30.641091,104.041683,14531,30.644732,104.028067,True
84165,1,14219,30.655046,104.060955,14707,30.651297,104.062562,True
84166,1,14219,30.648475,104.059682,14864,30.634958,104.097534,True
84181,1,14222,30.637376,104.101236,14751,30.63947,104.106193,True
84183,1,14222,30.607686,104.082889,14947,30.633008,104.093989,True
84191,1,14224,30.674991,104.06294,14858,30.695853,104.072943,True
84193,1,14224,30.67689,104.034449,15650,30.69447,104.067977,True
84201,1,14224,30.670321,104.062918,15216,30.695462,104.073835,True
84204,1,14225,30.69546,104.072606,14903,30.683374,104.046784,True
84210,1,14225,30.675294,104.108023,14780,30.665835,104.078464,True
84212,1,14225,30.620699,104.112269,15469,30.636292,104.048839,True
84218,1,14225,30.628101,104.071649,14484,30.63736,104.071018,True
84220,1,14226,30.638945,104.09498,14460,30.64105,104.08379,True
84221,1,14226,30.655997,104.066129,15639,30.632897,104.027084,True
84230,1,14227,30.686652,104.051719,15692,30.67533,104.000164,True
84235,1,14227,30.67888,104.06957,15594,30.668221,104.13697,True
84240,1,14228,30.63272,104.049371,17487,30.658641,104.041807,True
84243,1,14228,30.618757,104.057545,15002,30.658566,104.066668,True
84254,1,14230,30.690154,104.075818,14298,30.690308,104.073464,True
84259,1,14230,30.637659,104.066457,14443,30.642708,104.073382,True
84263,1,14231,30.693635,104.073436,15595,30.659416,104.026197,True
84282,1,14233,30.636642,104.043223,14617,30.640507,104.028551,True
84294,1,14235,30.642196,103.985444,16785,30.705261,104.103517,True
84301,1,14236,30.671584,104.018906,17504,30.659545,104.096284,True
84307,1,14237,30.674595,104.111724,15181,30.62922,104.142976,True
84316,1,14238,30.687922,104.117022,15049,30.649861,104.076219,True
84322,1,14238,30.670485,104.07266,15649,30.662508,104.027291,True
84326,1,14239,30.665311,104.024744,15979,30.609746,103.995153,True
84344,1,14241,30.641629,103.983717,14658,30.644463,104.001659,True
84346,1,14241,30.655218,104.099402,15585,30.695604,104.073639,True
84354,1,14242,30.643871,104.073951,15844,30.695852,104.073021,True
84356,1,14242,30.679237,104.073086,15147,30.657385,104.081623,True
84371,1,14244,30.705441,104.024923,15157,30.711666,103.985388,True
84374,1,14244,30.604553,104.063654,14491,30.608428,104.065955,True
84386,1,14245,30.637236,104.108247,15018,30.621389,104.095534,True
84389,1,14246,30.714481,104.003948,14777,30.714393,103.983035,True
84398,1,14247,30.600775,104.088687,14620,30.601105,104.063637,True
84407,1,14248,30.686014,104.073164,14701,30.673663,104.065908,True
84411,1,14249,30.622937,104.080971,14287,30.622756,104.083901,True
84428,1,14251,30.656167,104.091202,16673,30.704812,104.014477,True
84429,1,14251,30.644663,104.033547,15558,30.688462,104.073763,True
84433,1,14251,30.645736,104.139709,15435,30.667171,104.088159,True
84450,1,14253,30.634335,104.029133,14918,30.662381,104.027699,True
84469,1,14256,30.655964,104.099836,15963,30.704537,104.066188,True
84477,1,14257,30.617497,104.112034,14792,30.629681,104.141646,True
84493,1,14259,30.651719,104.013408,14461,30.644102,104.022971,True
84513,1,14260,30.682023,104.08446,17560,30.607876,103.989161,True
84517,1,14261,30.629569,104.063132,14911,30.63625,104.04284,True
84536,1,14264,30.661239,104.06498,14628,30.655797,104.080883,True
84547,1,14265,30.622101,104.096738,14676,30.627256,104.103211,True
84555,1,14266,30.624655,104.09414,15219,30.658491,104.077991,True
84563,1,14267,30.681133,104.044369,14868,30.688071,104.07663,True
84571,1,14268,30.695416,104.072469,14778,30.681881,104.084264,True
84577,1,14269,30.621858,104.044278,15260,30.659507,104.079724,True
84578,1,14269,30.661303,103.997946,14829,30.646967,104.021851,True
84585,1,14270,30.645665,104.118809,14533,30.637598,104.108694,True
84589,1,14270,30.677189,104.049719,15610,30.704887,104.103611,True
84607,1,14272,30.650888,104.118643,15132,30.653065,104.086691,True
84608,1,14273,30.707242,104.044343,14512,30.718233,104.032022,True
84611,1,14273,30.676772,104.141177,15336,30.695014,104.091163,True
84616,1,14273,30.650815,104.036292,15122,30.681354,104.06342,True
84621,1,14274,30.673647,103.98707,14759,30.661639,104.002101,True
84622,1,14274,30.675698,104.07012,25701,30.712536,104.129204,True
84640,1,14276,30.648989,103.994584,14824,30.612082,104.006802,True
84644,1,14277,30.653317,104.079124,14789,30.639499,104.083684,True
84651,1,14278,30.637055,104.103025,14940,30.653575,104.072322,True
84652,1,14278,30.656373,104.063396,14600,30.648196,104.061528,True
84663,1,14280,30.678591,104.042884,15690,30.648266,104.022425,True
84674,1,14281,30.640719,104.061745,14340,30.640169,104.063752,True
84675,1,14281,30.633458,104.037784,15527,30.603153,104.061826,True
84677,1,14282,30.629716,104.025775,16463,30.670659,104.12464,True
84702,1,14284,30.665867,104.060391,14676,30.656313,104.06228,True
84704,1,14284,30.654763,104.07001,15389,30.636011,104.127868,True
84715,1,14286,30.65826,104.080195,21761,30.689502,104.019058,True
84722,1,14287,30.684269,104.116154,15310,30.65544,104.080603,True
84728,1,14287,30.680951,104.136426,15232,30.650496,104.117417,True
84736,1,14288,30.660529,104.094379,14587,30.660826,104.110852,True
84739,1,14288,30.65355,104.071963,16173,30.63482,104.000449,True
84743,1,14289,30.633696,104.074731,15274,30.661015,104.037305,True
84748,1,14290,30.67479,104.034294,15255,30.644449,104.074732,True
84757,1,14291,30.603637,104.080737,15162,30.653578,104.079085,True
84762,1,14291,30.698334,104.017963,15042,30.704052,103.998723,True
84763,1,14291,30.679735,104.029942,14852,30.67384,104.004989,True
84765,1,14291,30.623341,104.080048,14785,30.613905,104.067378,True
84775,1,14292,30.674428,104.002981,15131,30.663356,104.040831,True
84789,1,14294,30.680308,104.095417,14840,30.672145,104.109392,True
84792,1,14295,30.622747,104.045002,14698,30.629399,104.062218,True
84797,1,14296,30.644007,104.060369,15164,30.651597,104.041398,True
84816,1,14298,30.619487,104.053498,14680,30.635623,104.053226,True
84820,1,14299,30.658741,104.075414,15261,30.658887,104.077207,True
84822,1,14299,30.682282,104.037352,14812,30.67445,104.028553,True
84824,1,14299,30.625271,104.101417,14701,30.613217,104.103946,True
84828,1,14299,30.715603,104.114914,15306,30.703928,104.082512,True
84834,1,14300,30.614837,104.093109,16078,30.711528,104.102262,True
84840,1,14300,30.663555,103.993573,15495,30.664594,104.05159,True
84842,1,14300,30.644468,104.064583,16330,30.718954,104.113324,True
84851,1,14301,30.705353,104.076321,16204,30.669412,104.070907,True
84866,1,14303,30.681802,104.072463,15235,30.653418,104.075583,True
84867,1,14303,30.638055,104.100916,17316,30.710989,104.035161,True
84868,1,14303,30.696928,104.159889,16545,30.667183,104.112458,True
84872,1,14304,30.649635,104.143113,14844,30.629559,104.141849,True
84883,1,14306,30.707213,103.981736,15203,30.678494,104.001065,True
84885,1,14307,30.670171,104.056627,15271,30.622144,104.067139,True
84887,1,14307,30.62942,104.054622,15108,30.645153,104.07517,True
84891,1,14308,30.638339,104.060475,14867,30.657388,104.071175,True
84893,1,14308,30.69572,104.011063,15376,30.686351,103.990861,True
84904,1,14309,30.673802,104.06559,16246,30.669434,104.064916,True
84905,1,14309,30.669205,104.056198,14432,30.663274,104.056107,True
84920,1,14310,30.625334,104.045267,15064,30.633788,104.015645,True
84922,1,14311,30.650441,104.07148,14861,30.636358,104.094236,True
84929,1,14312,30.692804,104.087364,15616,30.716255,104.106013,True
84935,1,14313,30.694721,104.083242,15634,30.711621,104.042647,True
84938,1,14313,30.665391,104.031457,15258,30.641034,104.012467,True
84941,1,14313,30.649785,104.062074,14521,30.644398,104.058859,True
84942,1,14313,30.668102,104.060277,14395,30.667294,104.059032,True
84954,1,14314,30.665668,104.073791,15005,30.654856,104.104832,True
84960,1,14315,30.638199,104.100582,15139,30.617216,104.128372,True
84969,1,14317,30.66964,104.070729,15661,30.677454,104.002983,True
84977,1,14318,30.663771,104.087166,14976,30.652791,104.068452,True
84982,1,14319,30.715416,104.059714,15495,30.69071,104.092778,True
84992,1,14320,30.678266,104.036476,15156,30.667936,104.077374,True
84993,1,14320,30.665831,104.029124,16243,30.639467,104.10612,True
85006,1,14322,30.681586,104.125499,15571,30.702288,104.072772,True
85015,1,14322,30.638757,104.066261,15589,30.686539,104.085993,True
85033,1,14324,30.649086,104.018254,15222,30.613213,104.050932,True
85049,1,14326,30.622145,104.103842,14518,30.614781,104.095257,True
85059,1,14327,30.631899,104.016821,15303,30.625101,104.072792,True
85063,1,14328,30.695008,104.037427,15192,30.658787,104.074064,True
85064,1,14328,30.654798,104.008306,14839,30.668378,103.988294,True
85065,1,14328,30.649608,104.018751,14348,30.649638,104.018635,True
85066,1,14328,30.634697,104.112946,14837,30.620347,104.119788,True
85070,1,14328,30.676487,104.079164,14962,30.655669,104.075491,True
85073,1,14329,30.674984,104.049652,14575,30.66912,104.052059,True
85076,1,14329,30.638515,104.086517,15030,30.670044,104.12244,True
85080,1,14330,30.646037,104.077735,15103,30.637289,104.032846,True
85084,1,14331,30.665719,104.097673,15288,30.696005,104.072985,True
85089,1,14331,30.671751,104.077862,15600,30.622413,104.119744,True
85091,1,14331,30.690531,104.106023,14952,30.672348,104.076658,True
85098,1,14332,30.618097,104.045162,15209,30.623885,104.077953,True
85100,1,14333,30.620351,104.078753,14483,30.61514,104.082399,True
85102,1,14333,30.603045,104.091913,14880,30.603161,104.059687,True
85115,1,14335,30.629474,104.056811,14566,30.637211,104.054205,True
85123,1,14335,30.673052,104.057909,14969,30.64432,104.075077,True
85125,1,14335,30.719303,104.038562,14766,30.71709,104.043947,True
85149,1,14338,30.634804,104.058888,14869,30.65441,104.07054,True
85150,1,14338,30.648985,104.109001,14986,30.65713,104.081789,True
85161,1,14340,30.639542,104.020361,15044,30.63677,104.04338,True
85168,1,14341,30.674246,104.072718,15562,30.68145,104.020538,True
85172,1,14341,30.686891,104.040999,14635,30.691315,104.053782,True
85192,1,14345,30.616029,104.10052,15659,30.651365,104.080574,True
85205,1,14347,30.716483,104.070709,15701,30.663186,104.116469,True
85206,1,14347,30.652332,104.103437,14704,30.660986,104.086653,True
85226,1,14349,30.649984,104.072192,15677,30.685812,104.024889,True
85237,1,14351,30.679444,104.101546,14730,30.666179,104.120947,True
85242,1,14352,30.613002,104.048351,14769,30.625504,104.030451,True
85243,1,14352,30.642937,104.02729,14681,30.633456,104.038264,True
85251,1,14353,30.682149,104.084796,16406,30.672793,104.136815,True
85269,1,14355,30.670886,104.044054,15329,30.672117,104.013118,True
85281,1,14357,30.630202,104.037415,14658,30.647925,104.022291,True
85284,1,14357,30.709916,104.093927,15672,30.704715,104.014565,True
85285,1,14357,30.637149,104.023804,15298,30.608501,104.061208,True
85289,1,14359,30.713797,104.102264,15701,30.6581,104.08012,True
85292,1,14359,30.60561,104.041043,15552,30.658276,104.021517,True
85301,1,14360,30.633625,104.072924,14657,30.643544,104.077141,True
85323,1,14362,30.667062,104.063743,14577,30.660389,104.059808,True
85325,1,14363,30.678546,104.084398,16850,30.696642,104.059232,True
85333,1,14364,30.681885,104.082927,16045,30.701434,104.066564,True
85343,1,14365,30.634395,104.151649,14395,30.632073,104.150478,True
85347,1,14365,30.697671,104.027453,15158,30.659655,104.068923,True
85350,1,14366,30.614703,104.067318,14930,30.624759,104.041893,True
85352,1,14366,30.642176,104.07653,15396,30.66969,104.082368,True
85354,1,14366,30.681545,104.061863,15553,30.704576,104.103805,True
85365,1,14367,30.62502,104.147656,14796,30.664593,104.164181,True
85388,1,14370,30.707374,104.045404,14684,30.710107,104.041025,True
85389,1,14371,30.68697,104.022731,15388,30.646909,104.055072,True
85392,1,14371,30.641663,104.01417,14950,30.633248,103.995116,True
85399,1,14371,30.690378,104.073256,15438,30.657708,104.040846,True
85404,1,14372,30.665623,104.041994,14849,30.654103,104.040865,True
85406,1,14372,30.667935,104.0775,15400,30.603455,104.077413,True
85420,1,14374,30.675971,104.023166,14850,30.66306,104.029029,True
85421,1,14374,30.651792,104.019202,15987,30.670551,104.081748,True
85427,1,14375,30.671127,104.071209,14998,30.656059,104.060662,True
85430,1,14375,30.626322,104.15253,17258,30.662452,104.020975,True
85431,1,14376,30.647579,104.066394,16919,30.658394,104.029162,True
85435,1,14376,30.677387,104.141697,15886,30.646597,104.071192,True
85436,1,14376,30.694375,104.056587,16026,30.631646,104.146872,True
85439,1,14377,30.70879,104.113872,16322,30.611209,104.077072,True
85450,1,14378,30.679349,104.056891,15440,30.698485,104.106963,True
85460,1,14379,30.681889,104.063204,15530,30.646953,104.026774,True
85464,1,14380,30.603149,104.05957,15110,30.619642,104.042191,True
85479,1,14382,30.648153,104.12012,14705,30.657429,104.127911,True
85481,1,14382,30.648512,104.098974,14982,30.630145,104.141737,True
85486,1,14383,30.683199,104.108194,15371,30.653403,104.066173,True
85491,1,14383,30.693557,104.045505,15131,30.676209,104.075697,True
85500,1,14384,30.658571,104.040799,15799,30.623213,104.08504,True
85505,1,14385,30.704503,104.01321,15576,30.673236,104.062524,True
85507,1,14386,30.607862,104.03703,15762,30.653151,104.041104,True
85508,1,14386,30.663541,103.990497,15483,30.653759,104.045382,True
85510,1,14386,30.66834,104.07999,15298,30.663294,104.056087,True
85515,1,14386,30.656855,104.081604,15351,30.665918,104.073857,True
85524,1,14387,30.638582,104.107388,15126,30.622197,104.098375,True
85525,1,14387,30.663655,104.087208,15134,30.672028,104.057427,True
85534,1,14388,30.698032,104.024376,16342,30.619476,104.096064,True
85537,1,14388,30.63687,104.015535,15610,30.649291,104.066864,True
85539,1,14388,30.625892,104.094112,15988,30.638275,104.066289,True
85540,1,14389,30.689855,104.018291,14837,30.673932,104.017735,True
85548,1,14390,30.636536,104.093919,15633,30.604883,104.04845,True
85573,1,14393,30.64096,104.084659,15574,30.648846,104.018437,True
85583,1,14394,30.63684,104.124494,16222,30.695884,104.072968,True
85587,1,14395,30.657943,104.067452,15314,30.694851,104.072472,True
85593,1,14396,30.67219,104.091264,15487,30.663231,104.040619,True
85595,1,14396,30.641983,104.077035,14962,30.63509,104.116316,True
85600,1,14397,30.62661,104.051188,16122,30.678523,104.001216,True
85612,1,14399,30.662124,104.08633,15716,30.648859,104.049986,True
85619,1,14400,30.677597,104.087305,15729,30.694962,104.027857,True
85622,1,14400,30.67446,104.111736,14542,30.671077,104.110659,True
